Usage_ID,Account,Resource_ID,TS,Service,SKU,Usage,Unit,Cost,Currency,Credit_Amount,Price_Per_Second,Effective_Date,Date,Month,Day,Hour,Cloud_Provider,Net_Cost,Blended_Rate,Effective_Discount_%,Region,Owner,Environment,CPU_Utilization,Memory_Utilization,Disk_Utilization,Purchase_Type,Status,Tags_Present,Tag_Completeness_%,Tag_Status,Recommendation,Priority,Estimated_Savings
U1,ACCT1082,VM100058,2026-01-05 06:00:00,DATABASE,SKU8,48698,hrs ,3895.84,INR,0.0,0.08,2026-01-01,2026-01-05,2026-01,5,6,AWS,3895.84,0.08,0.0,,,,,,,,,,,,Healthy,Low,0.0
U2, ACCT1029 ,VM100072,2026-05-06 16:00:00, Compute , SKU19 ,6817,hrs ,545.36, INR ,0.0,0.08,2026-01-01,2026-05-06,2026-05,6,16,GCP,545.36,0.08,0.0,,,,,,,,,,,,Healthy,Low,0.0
U3,acct1055,VM100017,2026-01-06 02:00:00,storage,sku8,6240,Sec,499.2,inr,,0.08,2026-01-01,2026-01-06,2026-01,6,2,AWS,,,0.0,,,,,,,,,,,,Healthy,Low,0.0
U4,ACCT1065,VM100014,2026-04-06 18:00:00,NETWORK,SKU8,13131,sec,1050.48,INR,0.0,0.08,2026-01-01,2026-04-06,2026-04,6,18,AWS,1050.48,0.08,0.0,,,,,,,,,,,,Healthy,Low,0.0
U5, ACCT1058 ,VM100143,2026-05-19 03:00:00, Storage , SKU14 ,525,sec,42.0, INR ,0.0,0.08,2026-01-01,2026-05-19,2026-05,19,3,Azure,42.0,0.08,0.0,,,,,,,,,,,,Healthy,Low,0.0
U6,acct1044,VM100143,2026-01-27 12:00:00,database,sku4,14210,sec,1136.8,inr,0.0,0.08,2026-01-01,2026-01-27,2026-01,27,12,AWS,1136.8,0.08,0.0,,,,,,,,,,,,Healthy,Low,0.0
U7,ACCT1012,VM100195,2026-01-17 12:00:00,DATABASE,SKU20,23626,sec,1890.08,INR,,0.08,2026-01-01,2026-01-17,2026-01,17,12,GCP,,,0.0,,,,,,,,,,,,Healthy,Low,0.0
U8, ACCT1034 ,VM100023,2026-05-05 12:00:00, Compute , SKU13 ,30208,sec,2416.64, INR ,100.0,0.08,2026-01-01,2026-05-05,2026-05,5,12,AWS,2516.64,0.0833103813559322,4.14,,,,,,,,,,,,Healthy,Low,0.0
U9,acct1011,VM100283,2026-02-20 00:00:00,database,sku19,41298,sec,3303.84,inr,0.0,0.08,2026-01-01,2026-02-20,2026-02,20,0,Azure,3303.84,0.08,0.0,,,,,,,,,,,,Healthy,Low,0.0
U10,ACCT1025,VM100036,2026-01-08 19:00:00,STORAGE,SKU10,43436,sec,3474.88,INR,0.0,0.08,2026-01-01,2026-01-08,2026-01,8,19,Azure,3474.88,0.08,0.0,,,,,,,,,,,,Healthy,Low,0.0
U11, ACCT1011 ,VM100120,2026-05-28 21:00:00, Network , SKU9 ,6719,sec,537.52, INR ,0.0,0.08,2026-01-01,2026-05-28,2026-05,28,21,GCP,537.52,0.08,0.0,,,,,,,,,,,,Healthy,Low,0.0
U12,acct1059,VM100187,2026-01-28 18:00:00,database,sku7,24360,sec,1948.8,inr,0.0,0.08,2026-01-01,2026-01-28,2026-01,28,18,Azure,1948.8,0.08,0.0,,,,,,,,,,,,Healthy,Low,0.0
U13,ACCT1086,VM100137,2026-04-30 18:00:00,COMPUTE,SKU20,44896,sec,3591.68,INR,0.0,0.08,2026-01-01,2026-04-30,2026-04,30,18,AWS,3591.68,0.08,0.0,,,,,,,,,,,,Healthy,Low,0.0
U14, ACCT1082 ,VM100088,2026-04-02 03:00:00, Storage , SKU6 ,47884,sec,3830.72, INR ,0.0,0.08,2026-01-01,2026-04-02,2026-04,2,3,Azure,3830.72,0.08,0.0,,,,,,,,,,,,Healthy,Low,0.0
U15,acct1060,VM100195,2026-02-16 01:00:00,storage,sku11,42043,sec,3363.44,inr,0.0,0.08,2026-01-01,2026-02-16,2026-02,16,1,GCP,3363.44,0.08,0.0,,,,,,,,,,,,Healthy,Low,0.0
U16,ACCT1099,VM100029,2026-02-09 02:00:00,DATABASE,SKU13,2203,sec,176.24,INR,100.0,0.08,2026-01-01,2026-02-09,2026-02,9,2,Azure,276.24,0.1253926463912846,56.74,,,,,,,,,,,,Healthy,Low,0.0
U17,ACCT1035,VM100034,2026-02-06 00:00:00,Database,SKU7,37270,sec,2981.6,INR,0.0,0.08,2026-01-01,2026-02-06,2026-02,6,0,Azure,2981.6,0.08,0.0,,,,,,,,,,,,Healthy,Low,0.0
U18,ACCT1084,VM100256,2026-03-09 12:00:00,Network,SKU5,42229,sec,3378.32,INR,0.0,0.08,2026-01-01,2026-03-09,2026-03,9,12,Azure,3378.32,0.08,0.0,,,,,,,,,,,,Healthy,Low,0.0
U19,ACCT1034,VM100072,2026-02-12 02:00:00,Database,SKU19,48923,sec,3913.84,INR,0.0,0.08,2026-01-01,2026-02-12,2026-02,12,2,GCP,3913.84,0.08,0.0,,,,,,,,,,,,Healthy,Low,0.0
U20,ACCT1055,VM100299,2026-03-10 03:00:00,Storage,SKU5,23823,sec,1905.84,INR,0.0,0.08,2026-01-01,2026-03-10,2026-03,10,3,Azure,1905.84,0.08,0.0,,,,,,,,,,,,Healthy,Low,0.0
U21,ACCT1066,VM100253,2026-01-16 12:00:00,Compute,SKU4,49630,sec,3970.4,INR,0.0,0.08,2026-01-01,2026-01-16,2026-01,16,12,Azure,3970.4,0.08,0.0,,,,,,,,,,,,Healthy,Low,0.0
U22,ACCT1020,VM100082,2026-05-16 04:00:00,Network,SKU20,44696,sec,3575.68,INR,0.0,0.08,2026-01-01,2026-05-16,2026-05,16,4,AWS,3575.68,0.08,0.0,,,,,,,,,,,,Healthy,Low,0.0
U23,ACCT1009,VM100198,2026-03-07 03:00:00,Network,SKU17,39152,sec,3132.16,INR,0.0,0.08,2026-01-01,2026-03-07,2026-03,7,3,GCP,3132.16,0.08,0.0,,,,,,,,,,,,Healthy,Low,0.0
U24,ACCT1033,VM100284,2026-05-27 21:00:00,Compute,SKU18,852,sec,68.16,INR,100.0,0.08,2026-01-01,2026-05-27,2026-05,27,21,Azure,168.16,0.19737089201877933,146.71,,,,,,,,,,,,Healthy,Low,0.0
U25,ACCT1097,VM100137,2026-05-12 04:00:00,Database,SKU4,42106,sec,3368.48,INR,0.0,0.08,2026-01-01,2026-05-12,2026-05,12,4,GCP,3368.48,0.08,0.0,,,,,,,,,,,,Healthy,Low,0.0
U26,ACCT1038,VM100223,2026-01-27 23:00:00,Compute,SKU9,29835,sec,2386.8,INR,0.0,0.08,2026-01-01,2026-01-27,2026-01,27,23,Azure,2386.8,0.08,0.0,,,,,,,,,,,,Healthy,Low,0.0
U27,ACCT1065,VM100092,2026-03-28 15:00:00,Database,SKU17,7073,sec,565.84,INR,0.0,0.08,2026-01-01,2026-03-28,2026-03,28,15,Azure,565.84,0.08,0.0,,,,,,,,,,,,Healthy,Low,0.0
U28,ACCT1078,VM100102,2026-01-27 02:00:00,Storage,SKU18,24604,sec,1968.32,INR,0.0,0.08,2026-01-01,2026-01-27,2026-01,27,2,Azure,1968.32,0.08,0.0,,,,,,,,,,,,Healthy,Low,0.0
U29,ACCT1100,VM100272,2026-06-06 18:00:00,Database,SKU16,137,sec,10.96,INR,0.0,0.08,2026-01-01,2026-06-06,2026-06,6,18,AWS,10.96,0.08,0.0,,,,,,,,,,,,Healthy,Low,0.0
U30,ACCT1003,VM100058,2026-06-08 13:00:00,Database,SKU8,23888,sec,1911.04,INR,0.0,0.08,2026-01-01,2026-06-08,2026-06,8,13,AWS,1911.04,0.08,0.0,,,,,,,,,,,,Healthy,Low,0.0
U31,ACCT1008,VM100124,2026-05-30 20:00:00,Compute,SKU3,37282,sec,2982.56,INR,0.0,0.08,2026-01-01,2026-05-30,2026-05,30,20,AWS,2982.56,0.08,0.0,,,,,,,,,,,,Healthy,Low,0.0
U32,ACCT1094,VM100249,2026-05-20 06:00:00,Storage,SKU5,4635,sec,370.8,INR,100.0,0.08,2026-01-01,2026-05-20,2026-05,20,6,GCP,470.8,0.10157497303128371,26.97,,,,,,,,,,,,Healthy,Low,0.0
U33,ACCT1085,VM100244,2026-06-11 14:00:00,Storage,SKU9,36131,sec,2890.48,INR,0.0,0.08,2026-01-01,2026-06-11,2026-06,11,14,GCP,2890.48,0.08,0.0,,,,,,,,,,,,Healthy,Low,0.0
U34,ACCT1068,VM100217,2026-06-14 14:00:00,Storage,SKU10,13980,sec,1118.4,INR,0.0,0.08,2026-01-01,2026-06-14,2026-06,14,14,AWS,1118.4,0.08,0.0,,,,,,,,,,,,Healthy,Low,0.0
U35,ACCT1052,VM100192,2026-03-16 18:00:00,Network,SKU4,34019,sec,2721.52,INR,0.0,0.08,2026-01-01,2026-03-16,2026-03,16,18,GCP,2721.52,0.08,0.0,,,,,,,,,,,,Healthy,Low,0.0
U36,ACCT1032,VM100116,2026-01-11 22:00:00,Compute,SKU19,22256,sec,1780.48,INR,0.0,0.08,2026-01-01,2026-01-11,2026-01,11,22,Azure,1780.48,0.08,0.0,,,,,,,,,,,,Healthy,Low,0.0
U37,ACCT1071,VM100118,2026-04-11 10:00:00,Compute,SKU3,14532,sec,1162.56,INR,0.0,0.08,2026-01-01,2026-04-11,2026-04,11,10,Azure,1162.56,0.08,0.0,,,,,,,,,,,,Healthy,Low,0.0
U38,ACCT1091,VM100031,2026-02-09 01:00:00,Compute,SKU11,4517,sec,361.36,INR,0.0,0.08,2026-01-01,2026-02-09,2026-02,9,1,Azure,361.36,0.08,0.0,,,,,,,,,,,,Healthy,Low,0.0
U39,ACCT1010,VM100264,2026-02-10 14:00:00,Network,SKU7,18350,sec,1468.0,INR,0.0,0.08,2026-01-01,2026-02-10,2026-02,10,14,AWS,1468.0,0.08,0.0,,,,,,,,,,,,Healthy,Low,0.0
U40,ACCT1070,VM100068,2026-05-04 10:00:00,Network,SKU8,37523,sec,3001.84,INR,100.0,0.08,2026-01-01,2026-05-04,2026-05,4,10,GCP,3101.84,0.08266503211363697,3.33,,,,,,,,,,,,Healthy,Low,0.0
U41,ACCT1061,VM100209,2026-02-02 11:00:00,Compute,SKU14,6281,sec,502.48,INR,0.0,0.08,2026-01-01,2026-02-02,2026-02,2,11,AWS,502.48,0.08,0.0,,,,,,,,,,,,Healthy,Low,0.0
U42,ACCT1046,VM100217,2026-03-12 03:00:00,Compute,SKU4,30706,sec,2456.48,INR,0.0,0.08,2026-01-01,2026-03-12,2026-03,12,3,GCP,2456.48,0.08,0.0,,,,,,,,,,,,Healthy,Low,0.0
U43,ACCT1008,VM100207,2026-05-05 06:00:00,Compute,SKU8,22336,sec,1786.88,INR,0.0,0.08,2026-01-01,2026-05-05,2026-05,5,6,Azure,1786.88,0.08,0.0,,,,,,,,,,,,Healthy,Low,0.0
U44,ACCT1025,VM100098,2026-04-02 12:00:00,Storage,SKU14,29500,sec,2360.0,INR,0.0,0.08,2026-01-01,2026-04-02,2026-04,2,12,AWS,2360.0,0.08,0.0,,,,,,,,,,,,Healthy,Low,0.0
U45,ACCT1024,VM100143,2026-03-20 22:00:00,Compute,SKU15,16471,sec,1317.68,INR,0.0,0.08,2026-01-01,2026-03-20,2026-03,20,22,GCP,1317.68,0.08,0.0,,,,,,,,,,,,Healthy,Low,0.0
U46,ACCT1071,VM100051,2026-01-09 15:00:00,Compute,SKU3,42838,sec,3427.04,INR,0.0,0.08,2026-01-01,2026-01-09,2026-01,9,15,GCP,3427.04,0.08,0.0,,,,,,,,,,,,Healthy,Low,0.0
U47,ACCT1097,VM100122,2026-01-29 09:00:00,Network,SKU16,26734,sec,2138.72,INR,0.0,0.08,2026-01-01,2026-01-29,2026-01,29,9,Azure,2138.72,0.07999999999999999,0.0,,,,,,,,,,,,Healthy,Low,0.0
U48,ACCT1028,VM100206,2026-06-04 00:00:00,Storage,SKU13,3942,sec,315.36,INR,100.0,0.08,2026-01-01,2026-06-04,2026-06,4,0,AWS,415.36,0.10536783358701167,31.71,,,,,,,,,,,,Healthy,Low,0.0
U49,ACCT1001,VM100200,2026-02-15 06:00:00,Database,SKU14,29919,sec,2393.52,INR,0.0,0.08,2026-01-01,2026-02-15,2026-02,15,6,AWS,2393.52,0.08,0.0,,,,,,,,,,,,Healthy,Low,0.0
U50,ACCT1090,VM100285,2026-04-23 23:00:00,Network,SKU5,47181,sec,3774.48,INR,0.0,0.08,2026-01-01,2026-04-23,2026-04,23,23,AWS,3774.48,0.08,0.0,,,,,,,,,,,,Healthy,Low,0.0
U51,ACCT1025,VM100152,2026-02-07 03:00:00,Compute,SKU11,3932,sec,314.56,INR,0.0,0.08,2026-01-01,2026-02-07,2026-02,7,3,Azure,314.56,0.08,0.0,,,,,,,,,,,,Healthy,Low,0.0
U52,ACCT1008,VM100026,2026-04-10 16:00:00,Storage,SKU2,31346,sec,2507.68,INR,0.0,0.08,2026-01-01,2026-04-10,2026-04,10,16,AWS,2507.68,0.08,0.0,,,,,,,,,,,,Healthy,Low,0.0
U53,ACCT1066,VM100042,2026-05-26 07:00:00,Compute,SKU20,12278,sec,982.24,INR,0.0,0.08,2026-01-01,2026-05-26,2026-05,26,7,Azure,982.24,0.08,0.0,,,,,,,,,,,,Healthy,Low,0.0
U54,ACCT1009,VM100121,2026-03-10 21:00:00,Storage,SKU19,7956,sec,636.48,INR,0.0,0.08,2026-01-01,2026-03-10,2026-03,10,21,Azure,636.48,0.08,0.0,,,,,,,,,,,,Healthy,Low,0.0
U55,ACCT1077,VM100021,2026-04-16 16:00:00,Network,SKU19,5472,sec,437.76,INR,0.0,0.08,2026-01-01,2026-04-16,2026-04,16,16,Azure,437.76,0.08,0.0,,,,,,,,,,,,Healthy,Low,0.0
U56,ACCT1073,VM100268,2026-02-23 23:00:00,Storage,SKU11,17189,sec,1375.12,INR,100.0,0.08,2026-01-01,2026-02-23,2026-02,23,23,GCP,1475.12,0.08581767409389725,7.27,,,,,,,,,,,,Healthy,Low,0.0
U57,ACCT1031,VM100136,2026-03-09 13:00:00,Database,SKU15,8677,sec,694.16,INR,0.0,0.08,2026-01-01,2026-03-09,2026-03,9,13,AWS,694.16,0.08,0.0,,,,,,,,,,,,Healthy,Low,0.0
U58,ACCT1041,VM100038,2026-01-02 14:00:00,Compute,SKU3,30134,sec,2410.72,INR,0.0,0.08,2026-01-01,2026-01-02,2026-01,2,14,AWS,2410.72,0.07999999999999999,0.0,,,,,,,,,,,,Healthy,Low,0.0
U59,ACCT1069,VM100110,2026-03-28 08:00:00,Storage,SKU12,17480,sec,1398.4,INR,0.0,0.08,2026-01-01,2026-03-28,2026-03,28,8,Azure,1398.4,0.08,0.0,,,,,,,,,,,,Healthy,Low,0.0
U60,ACCT1009,VM100126,2026-03-05 01:00:00,Storage,SKU15,18776,sec,1502.08,INR,0.0,0.08,2026-01-01,2026-03-05,2026-03,5,1,Azure,1502.08,0.08,0.0,,,,,,,,,,,,Healthy,Low,0.0
U61,ACCT1070,VM100155,2026-04-15 09:00:00,Compute,SKU18,42958,sec,3436.64,INR,0.0,0.08,2026-01-01,2026-04-15,2026-04,15,9,AWS,3436.64,0.08,0.0,,,,,,,,,,,,Healthy,Low,0.0
U62,ACCT1039,VM100054,2026-06-10 05:00:00,Database,SKU4,8900,sec,712.0,INR,0.0,0.08,2026-01-01,2026-06-10,2026-06,10,5,Azure,712.0,0.08,0.0,,,,,,,,,,,,Healthy,Low,0.0
U63,ACCT1014,VM100284,2026-01-27 12:00:00,Database,SKU20,17948,sec,1435.84,INR,0.0,0.08,2026-01-01,2026-01-27,2026-01,27,12,AWS,1435.84,0.08,0.0,,,,,,,,,,,,Healthy,Low,0.0
U64,ACCT1027,VM100176,2026-02-04 17:00:00,Database,SKU17,45155,sec,3612.4,INR,100.0,0.08,2026-01-01,2026-02-04,2026-02,4,17,GCP,3712.4,0.08221459417561731,2.77,,,,,,,,,,,,Healthy,Low,0.0
U65,ACCT1063,VM100129,2026-06-04 12:00:00,Compute,SKU14,3429,sec,274.32,INR,0.0,0.08,2026-01-01,2026-06-04,2026-06,4,12,Azure,274.32,0.08,0.0,,,,,,,,,,,,Healthy,Low,0.0
U66,ACCT1036,VM100023,2026-01-01 14:00:00,Storage,SKU9,21959,sec,1756.72,INR,0.0,0.08,2026-01-01,2026-01-01,2026-01,1,14,AWS,1756.72,0.08,0.0,,,,,,,,,,,,Healthy,Low,0.0
U67,ACCT1021,VM100227,2026-04-05 03:00:00,Network,SKU18,46346,sec,3707.68,INR,0.0,0.08,2026-01-01,2026-04-05,2026-04,5,3,Azure,3707.68,0.08,0.0,,,,,,,,,,,,Healthy,Low,0.0
U68,ACCT1002,VM100058,2026-01-13 20:00:00,Storage,SKU18,45386,sec,3630.88,INR,0.0,0.08,2026-01-01,2026-01-13,2026-01,13,20,AWS,3630.88,0.08,0.0,,,,,,,,,,,,Healthy,Low,0.0
U69,ACCT1005,VM100190,2026-04-10 09:00:00,Storage,SKU14,36310,sec,2904.8,INR,0.0,0.08,2026-01-01,2026-04-10,2026-04,10,9,AWS,2904.8,0.08,0.0,,,,,,,,,,,,Healthy,Low,0.0
U70,ACCT1017,VM100022,2026-02-22 14:00:00,Compute,SKU12,23997,sec,1919.76,INR,0.0,0.08,2026-01-01,2026-02-22,2026-02,22,14,Azure,1919.76,0.08,0.0,,,,,,,,,,,,Healthy,Low,0.0
U71,ACCT1027,VM100128,2026-04-24 19:00:00,Database,SKU18,6836,sec,546.88,INR,0.0,0.08,2026-01-01,2026-04-24,2026-04,24,19,GCP,546.88,0.08,0.0,,,,,,,,,,,,Healthy,Low,0.0
U72,ACCT1053,VM100080,2026-06-07 23:00:00,Storage,SKU6,15614,sec,1249.12,INR,100.0,0.08,2026-01-01,2026-06-07,2026-06,7,23,AWS,1349.12,0.08640450877417702,8.01,,,,,,,,,,,,Healthy,Low,0.0
U73,ACCT1053,VM100013,2026-01-31 14:00:00,Database,SKU14,48371,sec,3869.68,INR,0.0,0.08,2026-01-01,2026-01-31,2026-01,31,14,AWS,3869.68,0.08,0.0,,,,,,,,,,,,Healthy,Low,0.0
U74,ACCT1086,VM100128,2026-02-15 12:00:00,Compute,SKU13,10533,sec,842.64,INR,0.0,0.08,2026-01-01,2026-02-15,2026-02,15,12,AWS,842.64,0.08,0.0,,,,,,,,,,,,Healthy,Low,0.0
U75,ACCT1005,VM100241,2026-02-07 23:00:00,Network,SKU12,13179,sec,1054.32,INR,0.0,0.08,2026-01-01,2026-02-07,2026-02,7,23,GCP,1054.32,0.08,0.0,,,,,,,,,,,,Healthy,Low,0.0
U76,ACCT1040,VM100117,2026-02-08 01:00:00,Storage,SKU13,1650,sec,132.0,INR,0.0,0.08,2026-01-01,2026-02-08,2026-02,8,1,GCP,132.0,0.08,0.0,,,,,,,,,,,,Healthy,Low,0.0
U77,ACCT1043,VM100143,2026-05-28 12:00:00,Database,SKU12,4649,sec,371.92,INR,0.0,0.08,2026-01-01,2026-05-28,2026-05,28,12,Azure,371.92,0.08,0.0,,,,,,,,,,,,Healthy,Low,0.0
U78,ACCT1083,VM100261,2026-03-10 05:00:00,Database,SKU1,44632,sec,3570.56,INR,0.0,0.08,2026-01-01,2026-03-10,2026-03,10,5,GCP,3570.56,0.08,0.0,,,,,,,,,,,,Healthy,Low,0.0
U79,ACCT1015,VM100134,2026-01-31 11:00:00,Database,SKU2,38149,sec,3051.92,INR,0.0,0.08,2026-01-01,2026-01-31,2026-01,31,11,Azure,3051.92,0.08,0.0,,,,,,,,,,,,Healthy,Low,0.0
U80,ACCT1014,VM100223,2026-02-28 23:00:00,Database,SKU14,47845,sec,3827.6,INR,100.0,0.08,2026-01-01,2026-02-28,2026-02,28,23,Azure,3927.6,0.08209008255826104,2.61,,,,,,,,,,,,Healthy,Low,0.0
U81,ACCT1078,VM100262,2026-01-20 17:00:00,Storage,SKU9,25344,sec,2027.52,INR,0.0,0.08,2026-01-01,2026-01-20,2026-01,20,17,GCP,2027.52,0.08,0.0,,,,,,,,,,,,Healthy,Low,0.0
U82,ACCT1006,VM100224,2026-01-01 06:00:00,Storage,SKU12,34173,sec,2733.84,INR,0.0,0.08,2026-01-01,2026-01-01,2026-01,1,6,Azure,2733.84,0.08,0.0,,,,,,,,,,,,Healthy,Low,0.0
U83,ACCT1056,VM100036,2026-06-11 22:00:00,Database,SKU20,43631,sec,3490.48,INR,0.0,0.08,2026-01-01,2026-06-11,2026-06,11,22,GCP,3490.48,0.08,0.0,,,,,,,,,,,,Healthy,Low,0.0
U84,ACCT1041,VM100064,2026-05-03 20:00:00,Database,SKU14,19781,sec,1582.48,INR,0.0,0.08,2026-01-01,2026-05-03,2026-05,3,20,Azure,1582.48,0.08,0.0,,,,,,,,,,,,Healthy,Low,0.0
U85,ACCT1042,VM100207,2026-04-29 23:00:00,Storage,SKU7,19476,sec,1558.08,INR,0.0,0.08,2026-01-01,2026-04-29,2026-04,29,23,GCP,1558.08,0.08,0.0,,,,,,,,,,,,Healthy,Low,0.0
U86,ACCT1054,VM100195,2026-04-26 14:00:00,Storage,SKU20,49129,sec,3930.32,INR,0.0,0.08,2026-01-01,2026-04-26,2026-04,26,14,GCP,3930.32,0.08,0.0,,,,,,,,,,,,Healthy,Low,0.0
U87,ACCT1073,VM100155,2026-03-11 07:00:00,Compute,SKU10,36009,sec,2880.72,INR,0.0,0.08,2026-01-01,2026-03-11,2026-03,11,7,Azure,2880.72,0.07999999999999999,0.0,,,,,,,,,,,,Healthy,Low,0.0
U88,ACCT1037,VM100108,2026-03-15 08:00:00,Database,SKU15,38109,sec,3048.72,INR,100.0,0.08,2026-01-01,2026-03-15,2026-03,15,8,AWS,3148.72,0.08262405206119289,3.28,,,,,,,,,,,,Healthy,Low,0.0
U89,ACCT1057,VM100227,2026-04-26 07:00:00,Network,SKU6,14105,sec,1128.4,INR,0.0,0.08,2026-01-01,2026-04-26,2026-04,26,7,Azure,1128.4,0.08,0.0,,,,,,,,,,,,Healthy,Low,0.0
U90,ACCT1085,VM100044,2026-02-18 10:00:00,Database,SKU3,33880,sec,2710.4,INR,0.0,0.08,2026-01-01,2026-02-18,2026-02,18,10,GCP,2710.4,0.08,0.0,,,,,,,,,,,,Healthy,Low,0.0
U91,ACCT1097,VM100121,2026-04-25 19:00:00,Storage,SKU7,20443,sec,1635.44,INR,0.0,0.08,2026-01-01,2026-04-25,2026-04,25,19,AWS,1635.44,0.08,0.0,,,,,,,,,,,,Healthy,Low,0.0
U92,ACCT1019,VM100013,2026-01-08 21:00:00,Network,SKU20,16146,sec,1291.68,INR,0.0,0.08,2026-01-01,2026-01-08,2026-01,8,21,Azure,1291.68,0.08,0.0,,,,,,,,,,,,Healthy,Low,0.0
U93,ACCT1099,VM100038,2026-03-19 17:00:00,Storage,SKU13,27260,sec,2180.8,INR,0.0,0.08,2026-01-01,2026-03-19,2026-03,19,17,Azure,2180.8,0.08,0.0,,,,,,,,,,,,Healthy,Low,0.0
U94,ACCT1064,VM100205,2026-02-11 15:00:00,Compute,SKU4,9771,sec,781.68,INR,0.0,0.08,2026-01-01,2026-02-11,2026-02,11,15,Azure,781.68,0.08,0.0,,,,,,,,,,,,Healthy,Low,0.0
U95,ACCT1100,VM100218,2026-02-07 08:00:00,Network,SKU2,11626,sec,930.08,INR,0.0,0.08,2026-01-01,2026-02-07,2026-02,7,8,AWS,930.08,0.08,0.0,,,,,,,,,,,,Healthy,Low,0.0
U96,ACCT1072,VM100128,2026-06-06 13:00:00,Network,SKU5,8053,sec,644.24,INR,100.0,0.08,2026-01-01,2026-06-06,2026-06,6,13,GCP,744.24,0.09241773252204148,15.52,,,,,,,,,,,,Healthy,Low,0.0
U97,ACCT1060,VM100272,2026-04-06 09:00:00,Database,SKU15,39123,sec,3129.84,INR,0.0,0.08,2026-01-01,2026-04-06,2026-04,6,9,Azure,3129.84,0.08,0.0,,,,,,,,,,,,Healthy,Low,0.0
U98,ACCT1079,VM100259,2026-03-14 19:00:00,Network,SKU6,36005,sec,2880.4,INR,0.0,0.08,2026-01-01,2026-03-14,2026-03,14,19,Azure,2880.4,0.08,0.0,,,,,,,,,,,,Healthy,Low,0.0
U99,ACCT1096,VM100244,2026-03-18 19:00:00,Storage,SKU9,17086,sec,1366.88,INR,0.0,0.08,2026-01-01,2026-03-18,2026-03,18,19,Azure,1366.88,0.08,0.0,,,,,,,,,,,,Healthy,Low,0.0
U100,ACCT1099,VM100267,2026-03-24 16:00:00,Storage,SKU9,41174,sec,3293.92,INR,0.0,0.08,2026-01-01,2026-03-24,2026-03,24,16,Azure,3293.92,0.08,0.0,,,,,,,,,,,,Healthy,Low,0.0
U101,ACCT1057,VM100040,2026-05-02 18:00:00,Storage,SKU9,18825,sec,1506.0,INR,0.0,0.08,2026-01-01,2026-05-02,2026-05,2,18,Azure,1506.0,0.08,0.0,,,,,,,,,,,,Healthy,Low,0.0
U102,ACCT1043,VM100164,2026-06-02 09:00:00,Compute,SKU5,35499,sec,2839.92,INR,0.0,0.08,2026-01-01,2026-06-02,2026-06,2,9,GCP,2839.92,0.08,0.0,,,,,,,,,,,,Healthy,Low,0.0
U103,ACCT1020,VM100119,2026-03-07 08:00:00,Storage,SKU7,45578,sec,3646.24,INR,0.0,0.08,2026-01-01,2026-03-07,2026-03,7,8,GCP,3646.24,0.08,0.0,,,,,,,,,,,,Healthy,Low,0.0
U104,ACCT1009,VM100213,2026-03-11 13:00:00,Network,SKU14,21784,sec,1742.72,INR,100.0,0.08,2026-01-01,2026-03-11,2026-03,11,13,Azure,1842.72,0.08459052515607786,5.74,,,,,,,,,,,,Healthy,Low,0.0
U105,ACCT1008,VM100106,2026-05-23 03:00:00,Network,SKU19,27634,sec,2210.72,INR,0.0,0.08,2026-01-01,2026-05-23,2026-05,23,3,AWS,2210.72,0.07999999999999999,0.0,,,,,,,,,,,,Healthy,Low,0.0
U106,ACCT1090,VM100011,2026-05-27 05:00:00,Network,SKU16,37828,sec,3026.24,INR,0.0,0.08,2026-01-01,2026-05-27,2026-05,27,5,GCP,3026.24,0.07999999999999999,0.0,,,,,,,,,,,,Healthy,Low,0.0
U107,ACCT1001,VM100181,2026-02-20 23:00:00,Network,SKU14,49479,sec,3958.32,INR,0.0,0.08,2026-01-01,2026-02-20,2026-02,20,23,AWS,3958.32,0.08,0.0,,,,,,,,,,,,Healthy,Low,0.0
U108,ACCT1069,VM100280,2026-05-17 12:00:00,Storage,SKU16,39634,sec,3170.72,INR,0.0,0.08,2026-01-01,2026-05-17,2026-05,17,12,GCP,3170.72,0.08,0.0,,,,,,,,,,,,Healthy,Low,0.0
U109,ACCT1029,VM100140,2026-03-16 09:00:00,Compute,SKU13,31927,sec,2554.16,INR,0.0,0.08,2026-01-01,2026-03-16,2026-03,16,9,Azure,2554.16,0.08,0.0,,,,,,,,,,,,Healthy,Low,0.0
U110,ACCT1044,VM100208,2026-05-04 14:00:00,Network,SKU5,10916,sec,873.28,INR,0.0,0.08,2026-01-01,2026-05-04,2026-05,4,14,GCP,873.28,0.08,0.0,,,,,,,,,,,,Healthy,Low,0.0
U111,ACCT1080,VM100274,2026-01-05 14:00:00,Compute,SKU3,25922,sec,2073.76,INR,0.0,0.08,2026-01-01,2026-01-05,2026-01,5,14,Azure,2073.76,0.08,0.0,,,,,,,,,,,,Healthy,Low,0.0
U112,ACCT1083,VM100220,2026-01-24 03:00:00,Storage,SKU2,30357,sec,2428.56,INR,100.0,0.08,2026-01-01,2026-01-24,2026-01,24,3,GCP,2528.56,0.08329413314886187,4.12,,,,,,,,,,,,Healthy,Low,0.0
U113,ACCT1034,VM100195,2026-02-25 20:00:00,Network,SKU11,13971,sec,1117.68,INR,0.0,0.08,2026-01-01,2026-02-25,2026-02,25,20,Azure,1117.68,0.08,0.0,,,,,,,,,,,,Healthy,Low,0.0
U114,ACCT1044,VM100195,2026-02-17 11:00:00,Network,SKU9,49383,sec,3950.64,INR,0.0,0.08,2026-01-01,2026-02-17,2026-02,17,11,Azure,3950.64,0.08,0.0,,,,,,,,,,,,Healthy,Low,0.0
U115,ACCT1011,VM100241,2026-01-04 07:00:00,Compute,SKU12,49188,sec,3935.04,INR,0.0,0.08,2026-01-01,2026-01-04,2026-01,4,7,Azure,3935.04,0.08,0.0,,,,,,,,,,,,Healthy,Low,0.0
U116,ACCT1029,VM100036,2026-05-14 07:00:00,Compute,SKU1,42813,sec,3425.04,INR,0.0,0.08,2026-01-01,2026-05-14,2026-05,14,7,Azure,3425.04,0.08,0.0,,,,,,,,,,,,Healthy,Low,0.0
U117,ACCT1032,VM100103,2026-05-24 05:00:00,Storage,SKU8,1435,sec,114.8,INR,0.0,0.08,2026-01-01,2026-05-24,2026-05,24,5,AWS,114.8,0.08,0.0,,,,,,,,,,,,Healthy,Low,0.0
U118,ACCT1017,VM100243,2026-04-25 06:00:00,Storage,SKU15,7596,sec,607.68,INR,0.0,0.08,2026-01-01,2026-04-25,2026-04,25,6,Azure,607.68,0.07999999999999999,0.0,,,,,,,,,,,,Healthy,Low,0.0
U119,ACCT1090,VM100132,2026-05-11 21:00:00,Storage,SKU20,24275,sec,1942.0,INR,0.0,0.08,2026-01-01,2026-05-11,2026-05,11,21,AWS,1942.0,0.08,0.0,,,,,,,,,,,,Healthy,Low,0.0
U120,ACCT1078,VM100059,2026-05-13 17:00:00,Database,SKU4,10832,sec,866.56,INR,100.0,0.08,2026-01-01,2026-05-13,2026-05,13,17,AWS,966.56,0.08923190546528803,11.54,,,,,,,,,,,,Healthy,Low,0.0
U121,ACCT1075,VM100014,2026-06-08 12:00:00,Network,SKU13,20544,sec,1643.52,INR,0.0,0.08,2026-01-01,2026-06-08,2026-06,8,12,Azure,1643.52,0.08,0.0,,,,,,,,,,,,Healthy,Low,0.0
U122,ACCT1092,VM100102,2026-01-13 23:00:00,Storage,SKU4,38903,sec,3112.24,INR,0.0,0.08,2026-01-01,2026-01-13,2026-01,13,23,AWS,3112.24,0.07999999999999999,0.0,,,,,,,,,,,,Healthy,Low,0.0
U123,ACCT1090,VM100155,2026-05-26 02:00:00,Compute,SKU19,44943,sec,3595.44,INR,0.0,0.08,2026-01-01,2026-05-26,2026-05,26,2,GCP,3595.44,0.08,0.0,,,,,,,,,,,,Healthy,Low,0.0
U124,ACCT1006,VM100178,2026-04-01 22:00:00,Database,SKU3,28174,sec,2253.92,INR,0.0,0.08,2026-01-01,2026-04-01,2026-04,1,22,Azure,2253.92,0.08,0.0,eu-west-1,Bob,QA,90.0,54.0,18.0,SPOT,Running,6.0,100.0,Excellent,Healthy,Low,0.0
U125,ACCT1065,VM100175,2026-01-03 03:00:00,Network,SKU4,27628,sec,2210.24,INR,0.0,0.08,2026-01-01,2026-01-03,2026-01,3,3,AWS,2210.24,0.07999999999999999,0.0,,,,,,,,,,,,Healthy,Low,0.0
U126,ACCT1056,VM100186,2026-04-19 11:00:00,Storage,SKU14,30229,sec,2418.32,INR,0.0,0.08,2026-01-01,2026-04-19,2026-04,19,11,Azure,2418.32,0.08,0.0,,,,,,,,,,,,Healthy,Low,0.0
U127,ACCT1023,VM100268,2026-06-14 18:00:00,Database,SKU20,42728,sec,3418.24,INR,0.0,0.08,2026-01-01,2026-06-14,2026-06,14,18,Azure,3418.24,0.08,0.0,,,,,,,,,,,,Healthy,Low,0.0
U128,ACCT1069,VM100248,2026-03-21 08:00:00,Database,SKU11,28645,sec,2291.6,INR,100.0,0.08,2026-01-01,2026-03-21,2026-03,21,8,Azure,2391.6,0.08349101064758248,4.36,,,,,,,,,,,,Healthy,Low,0.0
U129,ACCT1032,VM100045,2026-02-17 14:00:00,Storage,SKU15,29643,sec,2371.44,INR,0.0,0.08,2026-01-01,2026-02-17,2026-02,17,14,AWS,2371.44,0.08,0.0,,,,,,,,,,,,Healthy,Low,0.0
U130,ACCT1073,VM100195,2026-02-27 09:00:00,Network,SKU11,1980,sec,158.4,INR,0.0,0.08,2026-01-01,2026-02-27,2026-02,27,9,GCP,158.4,0.08,0.0,,,,,,,,,,,,Healthy,Low,0.0
U131,ACCT1024,VM100250,2026-02-06 04:00:00,Database,SKU11,23353,sec,1868.24,INR,0.0,0.08,2026-01-01,2026-02-06,2026-02,6,4,GCP,1868.24,0.08,0.0,,,,,,,,,,,,Healthy,Low,0.0
U132,ACCT1036,VM100142,2026-04-05 20:00:00,Storage,SKU3,765,sec,61.2,INR,0.0,0.08,2026-01-01,2026-04-05,2026-04,5,20,AWS,61.2,0.08,0.0,,,,,,,,,,,,Healthy,Low,0.0
U133,ACCT1031,VM100209,2026-03-25 09:00:00,Storage,SKU16,36484,sec,2918.72,INR,0.0,0.08,2026-01-01,2026-03-25,2026-03,25,9,Azure,2918.72,0.07999999999999999,0.0,,,,,,,,,,,,Healthy,Low,0.0
U134,ACCT1083,VM100252,2026-03-18 11:00:00,Compute,SKU10,1230,sec,98.4,INR,0.0,0.08,2026-01-01,2026-03-18,2026-03,18,11,AWS,98.4,0.08,0.0,,,,,,,,,,,,Healthy,Low,0.0
U135,ACCT1029,VM100208,2026-04-29 01:00:00,Database,SKU19,16045,sec,1283.6,INR,0.0,0.08,2026-01-01,2026-04-29,2026-04,29,1,AWS,1283.6,0.07999999999999999,0.0,,,,,,,,,,,,Healthy,Low,0.0
U136,ACCT1048,VM100243,2026-04-05 11:00:00,Database,SKU14,34894,sec,2791.52,INR,100.0,0.08,2026-01-01,2026-04-05,2026-04,5,11,AWS,2891.52,0.08286582220439044,3.58,,,,,,,,,,,,Healthy,Low,0.0
U137,ACCT1096,VM100282,2026-02-26 10:00:00,Network,SKU9,23156,sec,1852.48,INR,0.0,0.08,2026-01-01,2026-02-26,2026-02,26,10,Azure,1852.48,0.08,0.0,,,,,,,,,,,,Healthy,Low,0.0
U138,ACCT1040,VM100129,2026-02-09 08:00:00,Storage,SKU11,8007,sec,640.56,INR,0.0,0.08,2026-01-01,2026-02-09,2026-02,9,8,AWS,640.56,0.07999999999999999,0.0,,,,,,,,,,,,Healthy,Low,0.0
U139,ACCT1016,VM100275,2026-06-12 06:00:00,Storage,SKU7,45330,sec,3626.4,INR,0.0,0.08,2026-01-01,2026-06-12,2026-06,12,6,Azure,3626.4,0.08,0.0,,,,,,,,,,,,Healthy,Low,0.0
U140,ACCT1028,VM100248,2026-02-17 04:00:00,Database,SKU4,47586,sec,3806.88,INR,0.0,0.08,2026-01-01,2026-02-17,2026-02,17,4,AWS,3806.88,0.08,0.0,,,,,,,,,,,,Healthy,Low,0.0
U141,ACCT1025,VM100152,2026-02-08 19:00:00,Storage,SKU10,23750,sec,1900.0,INR,0.0,0.08,2026-01-01,2026-02-08,2026-02,8,19,GCP,1900.0,0.08,0.0,,,,,,,,,,,,Healthy,Low,0.0
U142,ACCT1002,VM100274,2026-01-22 14:00:00,Compute,SKU2,18077,sec,1446.16,INR,0.0,0.08,2026-01-01,2026-01-22,2026-01,22,14,AWS,1446.16,0.08,0.0,,,,,,,,,,,,Healthy,Low,0.0
U143,ACCT1071,VM100150,2026-04-30 00:00:00,Network,SKU4,8375,sec,670.0,INR,0.0,0.08,2026-01-01,2026-04-30,2026-04,30,0,AWS,670.0,0.08,0.0,,,,,,,,,,,,Healthy,Low,0.0
U144,ACCT1002,VM100294,2026-02-18 12:00:00,Network,SKU15,30862,sec,2468.96,INR,100.0,0.08,2026-01-01,2026-02-18,2026-02,18,12,GCP,2568.96,0.08324023070442615,4.05,,,,,,,,,,,,Healthy,Low,0.0
U145,ACCT1044,VM100095,2026-06-14 18:00:00,Database,SKU16,3467,sec,277.36,INR,0.0,0.08,2026-01-01,2026-06-14,2026-06,14,18,Azure,277.36,0.08,0.0,,,,,,,,,,,,Healthy,Low,0.0
U146,ACCT1015,VM100034,2026-03-10 09:00:00,Compute,SKU19,32327,sec,2586.16,INR,0.0,0.08,2026-01-01,2026-03-10,2026-03,10,9,Azure,2586.16,0.08,0.0,,,,,,,,,,,,Healthy,Low,0.0
U147,ACCT1081,VM100028,2026-01-26 21:00:00,Database,SKU3,9877,sec,790.16,INR,0.0,0.08,2026-01-01,2026-01-26,2026-01,26,21,AWS,790.16,0.08,0.0,,,,,,,,,,,,Healthy,Low,0.0
U148,ACCT1032,VM100061,2026-04-06 05:00:00,Storage,SKU17,27374,sec,2189.92,INR,0.0,0.08,2026-01-01,2026-04-06,2026-04,6,5,GCP,2189.92,0.08,0.0,,,,,,,,,,,,Healthy,Low,0.0
U149,ACCT1049,VM100231,2026-06-05 01:00:00,Database,SKU19,29114,sec,2329.12,INR,0.0,0.08,2026-01-01,2026-06-05,2026-06,5,1,Azure,2329.12,0.08,0.0,,,,,,,,,,,,Healthy,Low,0.0
U150,ACCT1055,VM100157,2026-04-08 01:00:00,Compute,SKU20,40799,sec,3263.92,INR,0.0,0.08,2026-01-01,2026-04-08,2026-04,8,1,AWS,3263.92,0.08,0.0,,,,,,,,,,,,Healthy,Low,0.0
U151,ACCT1095,VM100051,2026-06-11 17:00:00,Storage,SKU9,13717,sec,1097.36,INR,0.0,0.08,2026-01-01,2026-06-11,2026-06,11,17,GCP,1097.36,0.07999999999999999,0.0,,,,,,,,,,,,Healthy,Low,0.0
U152,ACCT1085,VM100042,2026-01-27 19:00:00,Storage,SKU18,15819,sec,1265.52,INR,100.0,0.08,2026-01-01,2026-01-27,2026-01,27,19,Azure,1365.52,0.08632151210569568,7.9,,,,,,,,,,,,Healthy,Low,0.0
U153,ACCT1010,VM100081,2026-01-01 10:00:00,Network,SKU20,26872,sec,2149.76,INR,0.0,0.08,2026-01-01,2026-01-01,2026-01,1,10,Azure,2149.76,0.08,0.0,,,,,,,,,,,,Healthy,Low,0.0
U154,ACCT1061,VM100150,2026-01-06 13:00:00,Database,SKU10,15270,sec,1221.6,INR,0.0,0.08,2026-01-01,2026-01-06,2026-01,6,13,GCP,1221.6,0.07999999999999999,0.0,,,,,,,,,,,,Healthy,Low,0.0
U155,ACCT1090,VM100233,2026-01-13 03:00:00,Storage,SKU9,45148,sec,3611.84,INR,0.0,0.08,2026-01-01,2026-01-13,2026-01,13,3,GCP,3611.84,0.08,0.0,,,,,,,,,,,,Healthy,Low,0.0
U156,ACCT1081,VM100102,2026-03-14 13:00:00,Storage,SKU5,7621,sec,609.68,INR,0.0,0.08,2026-01-01,2026-03-14,2026-03,14,13,GCP,609.68,0.07999999999999999,0.0,,,,,,,,,,,,Healthy,Low,0.0
U157,ACCT1035,VM100073,2026-01-13 04:00:00,Storage,SKU10,4008,sec,320.64,INR,0.0,0.08,2026-01-01,2026-01-13,2026-01,13,4,GCP,320.64,0.08,0.0,,,,,,,,,,,,Healthy,Low,0.0
U158,ACCT1077,VM100292,2026-06-07 05:00:00,Network,SKU4,19014,sec,1521.12,INR,0.0,0.08,2026-01-01,2026-06-07,2026-06,7,5,AWS,1521.12,0.07999999999999999,0.0,,,,,,,,,,,,Healthy,Low,0.0
U159,ACCT1060,VM100156,2026-04-30 10:00:00,Database,SKU17,26478,sec,2118.24,INR,0.0,0.08,2026-01-01,2026-04-30,2026-04,30,10,GCP,2118.24,0.07999999999999999,0.0,,,,,,,,,,,,Healthy,Low,0.0
U160,ACCT1070,VM100253,2026-03-16 17:00:00,Compute,SKU14,5371,sec,429.68,INR,100.0,0.08,2026-01-01,2026-03-16,2026-03,16,17,Azure,529.6800000000001,0.098618506795755,23.27,,,,,,,,,,,,Healthy,Low,0.0
U161,ACCT1095,VM100166,2026-04-14 00:00:00,Compute,SKU3,16508,sec,1320.64,INR,0.0,0.08,2026-01-01,2026-04-14,2026-04,14,0,Azure,1320.64,0.08,0.0,,,,,,,,,,,,Healthy,Low,0.0
U162,ACCT1030,VM100295,2026-04-11 04:00:00,Database,SKU19,1459,sec,116.72,INR,0.0,0.08,2026-01-01,2026-04-11,2026-04,11,4,AWS,116.72,0.08,0.0,,,,,,,,,,,,Healthy,Low,0.0
U163,ACCT1006,VM100090,2026-03-22 07:00:00,Network,SKU9,34110,sec,2728.8,INR,0.0,0.08,2026-01-01,2026-03-22,2026-03,22,7,Azure,2728.8,0.08,0.0,,,,,,,,,,,,Healthy,Low,0.0
U164,ACCT1024,VM100300,2026-03-16 09:00:00,Network,SKU3,41701,sec,3336.08,INR,0.0,0.08,2026-01-01,2026-03-16,2026-03,16,9,Azure,3336.08,0.08,0.0,,,,,,,,,,,,Healthy,Low,0.0
U165,ACCT1061,VM100179,2026-03-11 16:00:00,Database,SKU4,21943,sec,1755.44,INR,0.0,0.08,2026-01-01,2026-03-11,2026-03,11,16,GCP,1755.44,0.08,0.0,,,,,,,,,,,,Healthy,Low,0.0
U166,ACCT1021,VM100169,2026-03-12 06:00:00,Network,SKU10,45560,sec,3644.8,INR,0.0,0.08,2026-01-01,2026-03-12,2026-03,12,6,Azure,3644.8,0.08,0.0,,,,,,,,,,,,Healthy,Low,0.0
U167,ACCT1085,VM100206,2026-05-19 20:00:00,Compute,SKU15,49940,sec,3995.2,INR,0.0,0.08,2026-01-01,2026-05-19,2026-05,19,20,AWS,3995.2,0.08,0.0,,,,,,,,,,,,Healthy,Low,0.0
U168,ACCT1012,VM100162,2026-02-13 01:00:00,Compute,SKU13,21286,sec,1702.88,INR,100.0,0.08,2026-01-01,2026-02-13,2026-02,13,1,GCP,1802.88,0.08469792351780514,5.87,,,,,,,,,,,,Healthy,Low,0.0
U169,ACCT1066,VM100001,2026-04-23 05:00:00,Network,SKU14,35659,sec,2852.72,INR,0.0,0.08,2026-01-01,2026-04-23,2026-04,23,5,GCP,2852.72,0.07999999999999999,0.0,,,,,,,,,,,,Healthy,Low,0.0
U170,ACCT1007,VM100097,2026-03-30 11:00:00,Network,SKU15,23809,sec,1904.72,INR,0.0,0.08,2026-01-01,2026-03-30,2026-03,30,11,AWS,1904.72,0.08,0.0,,,,,,,,,,,,Healthy,Low,0.0
U171,ACCT1098,VM100027,2026-02-04 17:00:00,Storage,SKU10,17601,sec,1408.08,INR,0.0,0.08,2026-01-01,2026-02-04,2026-02,4,17,GCP,1408.08,0.08,0.0,,,,,,,,,,,,Healthy,Low,0.0
U172,ACCT1057,VM100249,2026-01-21 17:00:00,Storage,SKU6,1991,sec,159.28,INR,0.0,0.08,2026-01-01,2026-01-21,2026-01,21,17,GCP,159.28,0.08,0.0,,,,,,,,,,,,Healthy,Low,0.0
U173,ACCT1040,VM100283,2026-01-03 08:00:00,Network,SKU3,36292,sec,2903.36,INR,0.0,0.08,2026-01-01,2026-01-03,2026-01,3,8,AWS,2903.36,0.08,0.0,,,,,,,,,,,,Healthy,Low,0.0
U174,ACCT1029,VM100059,2026-03-20 18:00:00,Storage,SKU16,7798,sec,623.84,INR,0.0,0.08,2026-01-01,2026-03-20,2026-03,20,18,GCP,623.84,0.08,0.0,,,,,,,,,,,,Healthy,Low,0.0
U175,ACCT1092,VM100150,2026-03-28 20:00:00,Database,SKU14,46329,sec,3706.32,INR,0.0,0.08,2026-01-01,2026-03-28,2026-03,28,20,AWS,3706.32,0.08,0.0,,,,,,,,,,,,Healthy,Low,0.0
U176,ACCT1062,VM100242,2026-02-11 14:00:00,Storage,SKU13,30035,sec,2402.8,INR,100.0,0.08,2026-01-01,2026-02-11,2026-02,11,14,AWS,2502.8,0.08332944897619445,4.16,,,,,,,,,,,,Healthy,Low,0.0
U177,ACCT1025,VM100261,2026-05-08 08:00:00,Compute,SKU9,9046,sec,723.68,INR,0.0,0.08,2026-01-01,2026-05-08,2026-05,8,8,Azure,723.68,0.07999999999999999,0.0,,,,,,,,,,,,Healthy,Low,0.0
U178,ACCT1099,VM100213,2026-02-28 00:00:00,Database,SKU1,33375,sec,2670.0,INR,0.0,0.08,2026-01-01,2026-02-28,2026-02,28,0,Azure,2670.0,0.08,0.0,,,,,,,,,,,,Healthy,Low,0.0
U179,ACCT1037,VM100153,2026-05-23 22:00:00,Network,SKU5,38565,sec,3085.2,INR,0.0,0.08,2026-01-01,2026-05-23,2026-05,23,22,GCP,3085.2,0.08,0.0,,,,,,,,,,,,Healthy,Low,0.0
U180,ACCT1058,VM100276,2026-03-24 15:00:00,Database,SKU18,22718,sec,1817.44,INR,0.0,0.08,2026-01-01,2026-03-24,2026-03,24,15,GCP,1817.44,0.08,0.0,,,,,,,,,,,,Healthy,Low,0.0
U181,ACCT1098,VM100279,2026-03-06 09:00:00,Database,SKU7,29941,sec,2395.28,INR,0.0,0.08,2026-01-01,2026-03-06,2026-03,6,9,AWS,2395.28,0.08,0.0,,,,,,,,,,,,Healthy,Low,0.0
U182,ACCT1090,VM100123,2026-04-08 14:00:00,Storage,SKU14,25198,sec,2015.84,INR,0.0,0.08,2026-01-01,2026-04-08,2026-04,8,14,GCP,2015.84,0.08,0.0,,,,,,,,,,,,Healthy,Low,0.0
U183,ACCT1006,VM100163,2026-05-08 02:00:00,Network,SKU13,31096,sec,2487.68,INR,0.0,0.08,2026-01-01,2026-05-08,2026-05,8,2,AWS,2487.68,0.08,0.0,,,,,,,,,,,,Healthy,Low,0.0
U184,ACCT1085,VM100078,2026-03-26 12:00:00,Storage,SKU17,2526,sec,202.08,INR,100.0,0.08,2026-01-01,2026-03-26,2026-03,26,12,AWS,302.08000000000004,0.11958828186856692,49.49,,,,,,,,,,,,Healthy,Low,0.0
U185,ACCT1076,VM100170,2026-05-29 10:00:00,Network,SKU4,6677,sec,534.16,INR,0.0,0.08,2026-01-01,2026-05-29,2026-05,29,10,GCP,534.16,0.08,0.0,,,,,,,,,,,,Healthy,Low,0.0
U186,ACCT1068,VM100234,2026-01-03 14:00:00,Storage,SKU14,47446,sec,3795.68,INR,0.0,0.08,2026-01-01,2026-01-03,2026-01,3,14,AWS,3795.68,0.08,0.0,,,,,,,,,,,,Healthy,Low,0.0
U187,ACCT1084,VM100080,2026-01-13 18:00:00,Database,SKU11,30868,sec,2469.44,INR,0.0,0.08,2026-01-01,2026-01-13,2026-01,13,18,Azure,2469.44,0.08,0.0,,,,,,,,,,,,Healthy,Low,0.0
U188,ACCT1080,VM100204,2026-04-21 21:00:00,Database,SKU18,5363,sec,429.04,INR,0.0,0.08,2026-01-01,2026-04-21,2026-04,21,21,GCP,429.04,0.08,0.0,,,,,,,,,,,,Healthy,Low,0.0
U189,ACCT1049,VM100163,2026-04-17 23:00:00,Network,SKU18,47201,sec,3776.08,INR,0.0,0.08,2026-01-01,2026-04-17,2026-04,17,23,Azure,3776.08,0.08,0.0,,,,,,,,,,,,Healthy,Low,0.0
U190,ACCT1005,VM100036,2026-02-10 01:00:00,Database,SKU8,41463,sec,3317.04,INR,0.0,0.08,2026-01-01,2026-02-10,2026-02,10,1,GCP,3317.04,0.08,0.0,,,,,,,,,,,,Healthy,Low,0.0
U191,ACCT1096,VM100047,2026-03-16 01:00:00,Compute,SKU15,6551,sec,524.08,INR,0.0,0.08,2026-01-01,2026-03-16,2026-03,16,1,AWS,524.08,0.08,0.0,,,,,,,,,,,,Healthy,Low,0.0
U192,ACCT1022,VM100154,2026-06-04 04:00:00,Compute,SKU11,1997,sec,159.76,INR,100.0,0.08,2026-01-01,2026-06-04,2026-06,4,4,GCP,259.76,0.1300751126690035,62.59,eu-west-1,David,QA,39.0,65.0,73.0,ON_DEMAND,Running,6.0,100.0,Excellent,Snooze,Medium,15.975999999999999
U193,ACCT1008,VM100151,2026-03-03 04:00:00,Network,SKU5,24665,sec,1973.2,INR,0.0,0.08,2026-01-01,2026-03-03,2026-03,3,4,Azure,1973.2,0.08,0.0,,,,,,,,,,,,Healthy,Low,0.0
U194,ACCT1032,VM100272,2026-03-12 07:00:00,Storage,SKU6,37188,sec,2975.04,INR,0.0,0.08,2026-01-01,2026-03-12,2026-03,12,7,AWS,2975.04,0.08,0.0,,,,,,,,,,,,Healthy,Low,0.0
U195,ACCT1023,VM100041,2026-04-15 00:00:00,Storage,SKU16,25170,sec,2013.6,INR,0.0,0.08,2026-01-01,2026-04-15,2026-04,15,0,GCP,2013.6,0.08,0.0,,,,,,,,,,,,Healthy,Low,0.0
U196,ACCT1075,VM100074,2026-02-09 15:00:00,Database,SKU15,30321,sec,2425.68,INR,0.0,0.08,2026-01-01,2026-02-09,2026-02,9,15,GCP,2425.68,0.07999999999999999,0.0,,,,,,,,,,,,Healthy,Low,0.0
U197,ACCT1033,VM100005,2026-06-03 09:00:00,Database,SKU18,30590,sec,2447.2,INR,0.0,0.08,2026-01-01,2026-06-03,2026-06,3,9,GCP,2447.2,0.07999999999999999,0.0,,,,,,,,,,,,Healthy,Low,0.0
U198,ACCT1021,VM100038,2026-03-17 09:00:00,Database,SKU14,22746,sec,1819.68,INR,0.0,0.08,2026-01-01,2026-03-17,2026-03,17,9,Azure,1819.68,0.08,0.0,,,,,,,,,,,,Healthy,Low,0.0
U199,ACCT1089,VM100129,2026-03-19 23:00:00,Storage,SKU13,19899,sec,1591.92,INR,0.0,0.08,2026-01-01,2026-03-19,2026-03,19,23,Azure,1591.92,0.08,0.0,,,,,,,,,,,,Healthy,Low,0.0
U200,ACCT1062,VM100055,2026-02-10 11:00:00,Database,SKU19,25093,sec,2007.44,INR,100.0,0.08,2026-01-01,2026-02-10,2026-02,10,11,GCP,2107.44,0.08398517514844778,4.98,,,,,,,,,,,,Healthy,Low,0.0
U201,ACCT1038,VM100152,2026-01-04 17:00:00,Network,SKU9,43237,sec,3458.96,INR,0.0,0.08,2026-01-01,2026-01-04,2026-01,4,17,AWS,3458.96,0.08,0.0,,,,,,,,,,,,Healthy,Low,0.0
U202,ACCT1002,VM100290,2026-05-28 15:00:00,Compute,SKU20,45044,sec,3603.52,INR,0.0,0.08,2026-01-01,2026-05-28,2026-05,28,15,AWS,3603.52,0.08,0.0,,,,,,,,,,,,Healthy,Low,0.0
U203,ACCT1096,VM100255,2026-05-23 03:00:00,Storage,SKU20,18856,sec,1508.48,INR,0.0,0.08,2026-01-01,2026-05-23,2026-05,23,3,Azure,1508.48,0.08,0.0,,,,,,,,,,,,Healthy,Low,0.0
U204,ACCT1046,VM100113,2026-04-19 15:00:00,Database,SKU5,12560,sec,1004.8,INR,0.0,0.08,2026-01-01,2026-04-19,2026-04,19,15,AWS,1004.8,0.08,0.0,,,,,,,,,,,,Healthy,Low,0.0
U205,ACCT1081,VM100050,2026-06-04 04:00:00,Compute,SKU10,41221,sec,3297.68,INR,0.0,0.08,2026-01-01,2026-06-04,2026-06,4,4,Azure,3297.68,0.08,0.0,,,,,,,,,,,,Healthy,Low,0.0
U206,ACCT1057,VM100018,2026-04-09 21:00:00,Storage,SKU3,24011,sec,1920.88,INR,0.0,0.08,2026-01-01,2026-04-09,2026-04,9,21,GCP,1920.88,0.08,0.0,,,,,,,,,,,,Healthy,Low,0.0
U207,ACCT1038,VM100168,2026-05-08 13:00:00,Storage,SKU7,27330,sec,2186.4,INR,0.0,0.08,2026-01-01,2026-05-08,2026-05,8,13,Azure,2186.4,0.08,0.0,,,,,,,,,,,,Healthy,Low,0.0
U208,ACCT1017,VM100277,2026-05-30 13:00:00,Database,SKU6,24076,sec,1926.08,INR,100.0,0.08,2026-01-01,2026-05-30,2026-05,30,13,Azure,2026.08,0.08415351387273633,5.19,,,,,,,,,,,,Healthy,Low,0.0
U209,ACCT1033,VM100247,2026-06-15 02:00:00,Database,SKU4,19442,sec,1555.36,INR,0.0,0.08,2026-01-01,2026-06-15,2026-06,15,2,GCP,1555.36,0.08,0.0,,,,,,,,,,,,Healthy,Low,0.0
U210,ACCT1060,VM100039,2026-01-25 00:00:00,Storage,SKU13,49524,sec,3961.92,INR,0.0,0.08,2026-01-01,2026-01-25,2026-01,25,0,AWS,3961.92,0.08,0.0,,,,,,,,,,,,Healthy,Low,0.0
U211,ACCT1072,VM100188,2026-01-16 09:00:00,Compute,SKU9,25958,sec,2076.64,INR,0.0,0.08,2026-01-01,2026-01-16,2026-01,16,9,Azure,2076.64,0.08,0.0,,,,,,,,,,,,Healthy,Low,0.0
U212,ACCT1069,VM100064,2026-03-19 14:00:00,Database,SKU19,24255,sec,1940.4,INR,0.0,0.08,2026-01-01,2026-03-19,2026-03,19,14,Azure,1940.4,0.08,0.0,,,,,,,,,,,,Healthy,Low,0.0
U213,ACCT1049,VM100191,2026-01-19 11:00:00,Storage,SKU16,44326,sec,3546.08,INR,0.0,0.08,2026-01-01,2026-01-19,2026-01,19,11,GCP,3546.08,0.08,0.0,,,,,,,,,,,,Healthy,Low,0.0
U214,ACCT1004,VM100288,2026-02-25 23:00:00,Storage,SKU3,40082,sec,3206.56,INR,0.0,0.08,2026-01-01,2026-02-25,2026-02,25,23,AWS,3206.56,0.08,0.0,,,,,,,,,,,,Healthy,Low,0.0
U215,ACCT1082,VM100238,2026-06-05 04:00:00,Database,SKU14,46045,sec,3683.6,INR,0.0,0.08,2026-01-01,2026-06-05,2026-06,5,4,Azure,3683.6,0.08,0.0,,,,,,,,,,,,Healthy,Low,0.0
U216,ACCT1015,VM100072,2026-01-08 17:00:00,Database,SKU16,2538,sec,203.04,INR,100.0,0.08,2026-01-01,2026-01-08,2026-01,8,17,GCP,303.03999999999996,0.11940110323089045,49.25,,,,,,,,,,,,Healthy,Low,0.0
U217,ACCT1015,VM100050,2026-02-10 01:00:00,Storage,SKU13,35328,sec,2826.24,INR,0.0,0.08,2026-01-01,2026-02-10,2026-02,10,1,Azure,2826.24,0.07999999999999999,0.0,,,,,,,,,,,,Healthy,Low,0.0
U218,ACCT1059,VM100190,2026-04-25 10:00:00,Network,SKU19,48802,sec,3904.16,INR,0.0,0.08,2026-01-01,2026-04-25,2026-04,25,10,GCP,3904.16,0.08,0.0,,,,,,,,,,,,Healthy,Low,0.0
U219,ACCT1096,VM100080,2026-06-01 02:00:00,Compute,SKU16,27289,sec,2183.12,INR,0.0,0.08,2026-01-01,2026-06-01,2026-06,1,2,AWS,2183.12,0.08,0.0,,,,,,,,,,,,Healthy,Low,0.0
U220,ACCT1079,VM100209,2026-06-10 06:00:00,Compute,SKU12,18433,sec,1474.64,INR,0.0,0.08,2026-01-01,2026-06-10,2026-06,10,6,AWS,1474.64,0.08,0.0,,,,,,,,,,,,Healthy,Low,0.0
U221,ACCT1028,VM100228,2026-03-17 21:00:00,Database,SKU4,15573,sec,1245.84,INR,0.0,0.08,2026-01-01,2026-03-17,2026-03,17,21,AWS,1245.84,0.08,0.0,,,,,,,,,,,,Healthy,Low,0.0
U222,ACCT1088,VM100189,2026-04-03 22:00:00,Database,SKU2,42359,sec,3388.72,INR,0.0,0.08,2026-01-01,2026-04-03,2026-04,3,22,AWS,3388.72,0.08,0.0,,,,,,,,,,,,Healthy,Low,0.0
U223,ACCT1051,VM100142,2026-02-02 09:00:00,Network,SKU3,8105,sec,648.4,INR,0.0,0.08,2026-01-01,2026-02-02,2026-02,2,9,Azure,648.4,0.08,0.0,,,,,,,,,,,,Healthy,Low,0.0
U224,ACCT1085,VM100109,2026-04-20 12:00:00,Compute,SKU2,42009,sec,3360.72,INR,100.0,0.08,2026-01-01,2026-04-20,2026-04,20,12,Azure,3460.72,0.08238044228617676,2.98,,,,,,,,,,,,Healthy,Low,0.0
U225,ACCT1043,VM100125,2026-01-22 11:00:00,Storage,SKU3,37100,sec,2968.0,INR,0.0,0.08,2026-01-01,2026-01-22,2026-01,22,11,AWS,2968.0,0.08,0.0,,,,,,,,,,,,Healthy,Low,0.0
U226,ACCT1098,VM100284,2026-02-05 08:00:00,Storage,SKU8,38529,sec,3082.32,INR,0.0,0.08,2026-01-01,2026-02-05,2026-02,5,8,AWS,3082.32,0.08,0.0,,,,,,,,,,,,Healthy,Low,0.0
U227,ACCT1043,VM100076,2026-05-15 14:00:00,Compute,SKU9,39158,sec,3132.64,INR,0.0,0.08,2026-01-01,2026-05-15,2026-05,15,14,AWS,3132.64,0.08,0.0,,,,,,,,,,,,Healthy,Low,0.0
U228,ACCT1019,VM100067,2026-04-03 04:00:00,Storage,SKU4,16526,sec,1322.08,INR,0.0,0.08,2026-01-01,2026-04-03,2026-04,3,4,Azure,1322.08,0.08,0.0,,,,,,,,,,,,Healthy,Low,0.0
U229,ACCT1085,VM100014,2026-01-23 11:00:00,Database,SKU8,1073,sec,85.84,INR,0.0,0.08,2026-01-01,2026-01-23,2026-01,23,11,AWS,85.84,0.08,0.0,,,,,,,,,,,,Healthy,Low,0.0
U230,ACCT1076,VM100166,2026-01-03 16:00:00,Database,SKU2,11519,sec,921.52,INR,0.0,0.08,2026-01-01,2026-01-03,2026-01,3,16,AWS,921.52,0.08,0.0,,,,,,,,,,,,Healthy,Low,0.0
U231,ACCT1017,VM100216,2026-03-31 18:00:00,Compute,SKU16,7548,sec,603.84,INR,0.0,0.08,2026-01-01,2026-03-31,2026-03,31,18,AWS,603.84,0.08,0.0,,,,,,,,,,,,Healthy,Low,0.0
U232,ACCT1058,VM100186,2026-03-29 14:00:00,Compute,SKU15,39006,sec,3120.48,INR,100.0,0.08,2026-01-01,2026-03-29,2026-03,29,14,GCP,3220.48,0.0825637081474645,3.2,,,,,,,,,,,,Healthy,Low,0.0
U233,ACCT1065,VM100114,2026-06-11 08:00:00,Compute,SKU17,40411,sec,3232.88,INR,0.0,0.08,2026-01-01,2026-06-11,2026-06,11,8,AWS,3232.88,0.08,0.0,,,,,,,,,,,,Healthy,Low,0.0
U234,ACCT1039,VM100235,2026-04-20 19:00:00,Compute,SKU16,2141,sec,171.28,INR,0.0,0.08,2026-01-01,2026-04-20,2026-04,20,19,GCP,171.28,0.08,0.0,,,,,,,,,,,,Healthy,Low,0.0
U235,ACCT1052,VM100219,2026-04-28 02:00:00,Network,SKU15,7175,sec,574.0,INR,0.0,0.08,2026-01-01,2026-04-28,2026-04,28,2,GCP,574.0,0.08,0.0,,,,,,,,,,,,Healthy,Low,0.0
U236,ACCT1010,VM100042,2026-02-24 23:00:00,Storage,SKU3,39965,sec,3197.2,INR,0.0,0.08,2026-01-01,2026-02-24,2026-02,24,23,AWS,3197.2,0.08,0.0,,,,,,,,,,,,Healthy,Low,0.0
U237,ACCT1017,VM100141,2026-04-17 13:00:00,Database,SKU13,41589,sec,3327.12,INR,0.0,0.08,2026-01-01,2026-04-17,2026-04,17,13,GCP,3327.12,0.08,0.0,,,,,,,,,,,,Healthy,Low,0.0
U238,ACCT1077,VM100272,2026-02-20 07:00:00,Network,SKU4,29834,sec,2386.72,INR,0.0,0.08,2026-01-01,2026-02-20,2026-02,20,7,AWS,2386.72,0.07999999999999999,0.0,,,,,,,,,,,,Healthy,Low,0.0
U239,ACCT1090,VM100059,2026-05-26 13:00:00,Storage,SKU14,43007,sec,3440.56,INR,0.0,0.08,2026-01-01,2026-05-26,2026-05,26,13,Azure,3440.56,0.08,0.0,,,,,,,,,,,,Healthy,Low,0.0
U240,ACCT1058,VM100117,2026-03-12 14:00:00,Network,SKU13,22312,sec,1784.96,INR,100.0,0.08,2026-01-01,2026-03-12,2026-03,12,14,Azure,1884.96,0.08448189315166726,5.6,,,,,,,,,,,,Healthy,Low,0.0
U241,ACCT1054,VM100049,2026-02-23 08:00:00,Database,SKU9,28068,sec,2245.44,INR,0.0,0.08,2026-01-01,2026-02-23,2026-02,23,8,Azure,2245.44,0.08,0.0,,,,,,,,,,,,Healthy,Low,0.0
U242,ACCT1048,VM100079,2026-04-28 05:00:00,Compute,SKU3,31181,sec,2494.48,INR,0.0,0.08,2026-01-01,2026-04-28,2026-04,28,5,Azure,2494.48,0.08,0.0,,,,,,,,,,,,Healthy,Low,0.0
U243,ACCT1011,VM100048,2026-03-15 16:00:00,Database,SKU5,6428,sec,514.24,INR,0.0,0.08,2026-01-01,2026-03-15,2026-03,15,16,GCP,514.24,0.08,0.0,,,,,,,,,,,,Healthy,Low,0.0
U244,ACCT1072,VM100031,2026-04-11 02:00:00,Database,SKU4,36904,sec,2952.32,INR,0.0,0.08,2026-01-01,2026-04-11,2026-04,11,2,AWS,2952.32,0.08,0.0,,,,,,,,,,,,Healthy,Low,0.0
U245,ACCT1053,VM100182,2026-05-30 02:00:00,Network,SKU2,43703,sec,3496.24,INR,0.0,0.08,2026-01-01,2026-05-30,2026-05,30,2,AWS,3496.24,0.08,0.0,,,,,,,,,,,,Healthy,Low,0.0
U246,ACCT1037,VM100160,2026-03-02 00:00:00,Storage,SKU5,6889,sec,551.12,INR,0.0,0.08,2026-01-01,2026-03-02,2026-03,2,0,AWS,551.12,0.08,0.0,,,,,,,,,,,,Healthy,Low,0.0
U247,ACCT1085,VM100247,2026-02-08 06:00:00,Database,SKU18,7192,sec,575.36,INR,0.0,0.08,2026-01-01,2026-02-08,2026-02,8,6,Azure,575.36,0.08,0.0,,,,,,,,,,,,Healthy,Low,0.0
U248,ACCT1048,VM100059,2026-05-11 03:00:00,Storage,SKU14,18356,sec,1468.48,INR,100.0,0.08,2026-01-01,2026-05-11,2026-05,11,3,Azure,1568.48,0.08544780998038788,6.81,,,,,,,,,,,,Healthy,Low,0.0
U249,ACCT1072,VM100286,2026-01-05 11:00:00,Database,SKU1,40011,sec,3200.88,INR,0.0,0.08,2026-01-01,2026-01-05,2026-01,5,11,AWS,3200.88,0.08,0.0,,,,,,,,,,,,Healthy,Low,0.0
U250,ACCT1024,VM100140,2026-04-30 22:00:00,Database,SKU12,20349,sec,1627.92,INR,0.0,0.08,2026-01-01,2026-04-30,2026-04,30,22,Azure,1627.92,0.08,0.0,,,,,,,,,,,,Healthy,Low,0.0
U251,ACCT1001,VM100093,2026-05-29 10:00:00,Network,SKU3,9488,sec,759.04,INR,0.0,0.08,2026-01-01,2026-05-29,2026-05,29,10,AWS,759.04,0.08,0.0,,,,,,,,,,,,Healthy,Low,0.0
U252,ACCT1019,VM100016,2026-01-16 15:00:00,Storage,SKU13,48997,sec,3919.76,INR,0.0,0.08,2026-01-01,2026-01-16,2026-01,16,15,AWS,3919.76,0.08,0.0,,,,,,,,,,,,Healthy,Low,0.0
U253,ACCT1054,VM100233,2026-02-28 04:00:00,Database,SKU10,10415,sec,833.2,INR,0.0,0.08,2026-01-01,2026-02-28,2026-02,28,4,AWS,833.2,0.08,0.0,,,,,,,,,,,,Healthy,Low,0.0
U254,ACCT1093,VM100167,2026-05-13 13:00:00,Compute,SKU2,37297,sec,2983.76,INR,0.0,0.08,2026-01-01,2026-05-13,2026-05,13,13,AWS,2983.76,0.08,0.0,,,,,,,,,,,,Healthy,Low,0.0
U255,ACCT1020,VM100081,2026-05-09 18:00:00,Compute,SKU3,40590,sec,3247.2,INR,0.0,0.08,2026-01-01,2026-05-09,2026-05,9,18,AWS,3247.2,0.08,0.0,,,,,,,,,,,,Healthy,Low,0.0
U256,ACCT1035,VM100227,2026-04-23 23:00:00,Network,SKU20,27888,sec,2231.04,INR,100.0,0.08,2026-01-01,2026-04-23,2026-04,23,23,AWS,2331.04,0.08358577165806082,4.48,,,,,,,,,,,,Healthy,Low,0.0
U257,ACCT1057,VM100213,2026-02-16 14:00:00,Compute,SKU12,14227,sec,1138.16,INR,0.0,0.08,2026-01-01,2026-02-16,2026-02,16,14,AWS,1138.16,0.08,0.0,,,,,,,,,,,,Healthy,Low,0.0
U258,ACCT1056,VM100057,2026-02-18 08:00:00,Network,SKU17,44547,sec,3563.76,INR,0.0,0.08,2026-01-01,2026-02-18,2026-02,18,8,Azure,3563.76,0.08,0.0,,,,,,,,,,,,Healthy,Low,0.0
U259,ACCT1086,VM100158,2026-01-08 18:00:00,Network,SKU20,14551,sec,1164.08,INR,0.0,0.08,2026-01-01,2026-01-08,2026-01,8,18,AWS,1164.08,0.08,0.0,,,,,,,,,,,,Healthy,Low,0.0
U260,ACCT1008,VM100004,2026-02-04 21:00:00,Storage,SKU5,19853,sec,1588.24,INR,0.0,0.08,2026-01-01,2026-02-04,2026-02,4,21,AWS,1588.24,0.08,0.0,,,,,,,,,,,,Healthy,Low,0.0
U261,ACCT1098,VM100131,2026-02-19 09:00:00,Compute,SKU1,21603,sec,1728.24,INR,0.0,0.08,2026-01-01,2026-02-19,2026-02,19,9,Azure,1728.24,0.08,0.0,,,,,,,,,,,,Healthy,Low,0.0
U262,ACCT1064,VM100221,2026-01-30 23:00:00,Network,SKU18,8566,sec,685.28,INR,0.0,0.08,2026-01-01,2026-01-30,2026-01,30,23,Azure,685.28,0.08,0.0,,,,,,,,,,,,Healthy,Low,0.0
U263,ACCT1091,VM100118,2026-03-27 09:00:00,Database,SKU3,36716,sec,2937.28,INR,0.0,0.08,2026-01-01,2026-03-27,2026-03,27,9,Azure,2937.28,0.08,0.0,,,,,,,,,,,,Healthy,Low,0.0
U264,ACCT1051,VM100022,2026-03-16 10:00:00,Network,SKU3,1328,sec,106.24,INR,100.0,0.08,2026-01-01,2026-03-16,2026-03,16,10,AWS,206.24,0.15530120481927712,94.13,,,,,,,,,,,,Healthy,Low,0.0
U265,ACCT1041,VM100295,2026-03-15 06:00:00,Network,SKU14,37678,sec,3014.24,INR,0.0,0.08,2026-01-01,2026-03-15,2026-03,15,6,GCP,3014.24,0.07999999999999999,0.0,,,,,,,,,,,,Healthy,Low,0.0
U266,ACCT1038,VM100059,2026-03-11 03:00:00,Database,SKU6,1466,sec,117.28,INR,0.0,0.08,2026-01-01,2026-03-11,2026-03,11,3,GCP,117.28,0.08,0.0,,,,,,,,,,,,Healthy,Low,0.0
U267,ACCT1080,VM100236,2026-05-22 23:00:00,Database,SKU3,45294,sec,3623.52,INR,0.0,0.08,2026-01-01,2026-05-22,2026-05,22,23,Azure,3623.52,0.08,0.0,,,,,,,,,,,,Healthy,Low,0.0
U268,ACCT1056,VM100055,2026-02-11 12:00:00,Network,SKU17,28652,sec,2292.16,INR,0.0,0.08,2026-01-01,2026-02-11,2026-02,11,12,GCP,2292.16,0.08,0.0,,,,,,,,,,,,Healthy,Low,0.0
U269,ACCT1011,VM100203,2026-05-29 13:00:00,Database,SKU8,20434,sec,1634.72,INR,0.0,0.08,2026-01-01,2026-05-29,2026-05,29,13,Azure,1634.72,0.08,0.0,,,,,,,,,,,,Healthy,Low,0.0
U270,ACCT1043,VM100087,2026-01-14 00:00:00,Compute,SKU17,33555,sec,2684.4,INR,0.0,0.08,2026-01-01,2026-01-14,2026-01,14,0,AWS,2684.4,0.08,0.0,,,,,,,,,,,,Healthy,Low,0.0
U271,ACCT1066,VM100100,2026-06-04 14:00:00,Database,SKU5,22996,sec,1839.68,INR,0.0,0.08,2026-01-01,2026-06-04,2026-06,4,14,GCP,1839.68,0.08,0.0,,,,,,,,,,,,Healthy,Low,0.0
U272,ACCT1031,VM100053,2026-01-25 23:00:00,Storage,SKU6,16875,sec,1350.0,INR,100.0,0.08,2026-01-01,2026-01-25,2026-01,25,23,AWS,1450.0,0.08592592592592592,7.41,,,,,,,,,,,,Healthy,Low,0.0
U273,ACCT1078,VM100079,2026-05-10 17:00:00,Compute,SKU6,49851,sec,3988.08,INR,0.0,0.08,2026-01-01,2026-05-10,2026-05,10,17,GCP,3988.08,0.08,0.0,,,,,,,,,,,,Healthy,Low,0.0
U274,ACCT1099,VM100253,2026-03-21 04:00:00,Network,SKU19,49543,sec,3963.44,INR,0.0,0.08,2026-01-01,2026-03-21,2026-03,21,4,AWS,3963.44,0.08,0.0,,,,,,,,,,,,Healthy,Low,0.0
U275,ACCT1083,VM100166,2026-05-28 11:00:00,Database,SKU5,41205,sec,3296.4,INR,0.0,0.08,2026-01-01,2026-05-28,2026-05,28,11,GCP,3296.4,0.08,0.0,,,,,,,,,,,,Healthy,Low,0.0
U276,ACCT1057,VM100035,2026-03-22 00:00:00,Database,SKU9,29080,sec,2326.4,INR,0.0,0.08,2026-01-01,2026-03-22,2026-03,22,0,AWS,2326.4,0.08,0.0,,,,,,,,,,,,Healthy,Low,0.0
U277,ACCT1076,VM100029,2026-03-02 01:00:00,Compute,SKU10,33348,sec,2667.84,INR,0.0,0.08,2026-01-01,2026-03-02,2026-03,2,1,AWS,2667.84,0.08,0.0,,,,,,,,,,,,Healthy,Low,0.0
U278,ACCT1060,VM100232,2026-01-07 10:00:00,Database,SKU10,3828,sec,306.24,INR,0.0,0.08,2026-01-01,2026-01-07,2026-01,7,10,GCP,306.24,0.08,0.0,,,,,,,,,,,,Healthy,Low,0.0
U279,ACCT1010,VM100047,2026-04-15 23:00:00,Network,SKU15,39033,sec,3122.64,INR,0.0,0.08,2026-01-01,2026-04-15,2026-04,15,23,AWS,3122.64,0.08,0.0,,,,,,,,,,,,Healthy,Low,0.0
U280,ACCT1075,VM100284,2026-06-12 20:00:00,Compute,SKU15,48525,sec,3882.0,INR,100.0,0.08,2026-01-01,2026-06-12,2026-06,12,20,AWS,3982.0,0.0820607934054611,2.58,,,,,,,,,,,,Healthy,Low,0.0
U281,ACCT1074,VM100097,2026-02-24 20:00:00,Network,SKU17,39749,sec,3179.92,INR,0.0,0.08,2026-01-01,2026-02-24,2026-02,24,20,AWS,3179.92,0.08,0.0,,,,,,,,,,,,Healthy,Low,0.0
U282,ACCT1020,VM100032,2026-03-18 21:00:00,Database,SKU3,6883,sec,550.64,INR,0.0,0.08,2026-01-01,2026-03-18,2026-03,18,21,GCP,550.64,0.08,0.0,,,,,,,,,,,,Healthy,Low,0.0
U283,ACCT1065,VM100089,2026-01-07 16:00:00,Network,SKU15,16336,sec,1306.88,INR,0.0,0.08,2026-01-01,2026-01-07,2026-01,7,16,GCP,1306.88,0.08,0.0,,,,,,,,,,,,Healthy,Low,0.0
U284,ACCT1068,VM100268,2026-04-15 01:00:00,Database,SKU12,10503,sec,840.24,INR,0.0,0.08,2026-01-01,2026-04-15,2026-04,15,1,AWS,840.24,0.08,0.0,,,,,,,,,,,,Healthy,Low,0.0
U285,ACCT1037,VM100199,2026-03-11 18:00:00,Compute,SKU11,22275,sec,1782.0,INR,0.0,0.08,2026-01-01,2026-03-11,2026-03,11,18,AWS,1782.0,0.08,0.0,,,,,,,,,,,,Healthy,Low,0.0
U286,ACCT1009,VM100169,2026-01-17 03:00:00,Network,SKU10,36666,sec,2933.28,INR,0.0,0.08,2026-01-01,2026-01-17,2026-01,17,3,GCP,2933.28,0.08,0.0,,,,,,,,,,,,Healthy,Low,0.0
U287,ACCT1033,VM100077,2026-02-26 21:00:00,Storage,SKU12,5441,sec,435.28,INR,0.0,0.08,2026-01-01,2026-02-26,2026-02,26,21,GCP,435.28,0.08,0.0,,,,,,,,,,,,Healthy,Low,0.0
U288,ACCT1040,VM100201,2026-01-23 00:00:00,Compute,SKU10,39096,sec,3127.68,INR,100.0,0.08,2026-01-01,2026-01-23,2026-01,23,0,AWS,3227.68,0.08255780642520974,3.2,,,,,,,,,,,,Healthy,Low,0.0
U289,ACCT1072,VM100193,2026-04-20 19:00:00,Storage,SKU17,21627,sec,1730.16,INR,0.0,0.08,2026-01-01,2026-04-20,2026-04,20,19,AWS,1730.16,0.08,0.0,,,,,,,,,,,,Healthy,Low,0.0
U290,ACCT1012,VM100217,2026-03-28 18:00:00,Compute,SKU12,23812,sec,1904.96,INR,0.0,0.08,2026-01-01,2026-03-28,2026-03,28,18,AWS,1904.96,0.08,0.0,,,,,,,,,,,,Healthy,Low,0.0
U291,ACCT1040,VM100093,2026-06-12 07:00:00,Database,SKU16,14137,sec,1130.96,INR,0.0,0.08,2026-01-01,2026-06-12,2026-06,12,7,Azure,1130.96,0.08,0.0,,,,,,,,,,,,Healthy,Low,0.0
U292,ACCT1025,VM100116,2026-01-24 11:00:00,Compute,SKU10,10254,sec,820.32,INR,0.0,0.08,2026-01-01,2026-01-24,2026-01,24,11,GCP,820.32,0.08,0.0,,,,,,,,,,,,Healthy,Low,0.0
U293,ACCT1013,VM100260,2026-05-12 13:00:00,Compute,SKU11,35474,sec,2837.92,INR,0.0,0.08,2026-01-01,2026-05-12,2026-05,12,13,Azure,2837.92,0.08,0.0,,,,,,,,,,,,Healthy,Low,0.0
U294,ACCT1099,VM100068,2026-04-12 22:00:00,Storage,SKU6,24788,sec,1983.04,INR,0.0,0.08,2026-01-01,2026-04-12,2026-04,12,22,GCP,1983.04,0.08,0.0,,,,,,,,,,,,Healthy,Low,0.0
U295,ACCT1024,VM100085,2026-05-04 01:00:00,Compute,SKU14,28783,sec,2302.64,INR,0.0,0.08,2026-01-01,2026-05-04,2026-05,4,1,GCP,2302.64,0.08,0.0,,,,,,,,,,,,Healthy,Low,0.0
U296,ACCT1047,VM100122,2026-06-15 11:00:00,Database,SKU15,29211,sec,2336.88,INR,100.0,0.08,2026-01-01,2026-06-15,2026-06,15,11,GCP,2436.88,0.08342336790934922,4.28,,,,,,,,,,,,Healthy,Low,0.0
U297,ACCT1030,VM100274,2026-02-10 19:00:00,Network,SKU7,20381,sec,1630.48,INR,0.0,0.08,2026-01-01,2026-02-10,2026-02,10,19,GCP,1630.48,0.08,0.0,,,,,,,,,,,,Healthy,Low,0.0
U298,ACCT1048,VM100293,2026-03-17 04:00:00,Database,SKU13,30356,sec,2428.48,INR,0.0,0.08,2026-01-01,2026-03-17,2026-03,17,4,GCP,2428.48,0.08,0.0,,,,,,,,,,,,Healthy,Low,0.0
U299,ACCT1065,VM100271,2026-03-13 10:00:00,Storage,SKU20,10720,sec,857.6,INR,0.0,0.08,2026-01-01,2026-03-13,2026-03,13,10,GCP,857.6,0.08,0.0,,,,,,,,,,,,Healthy,Low,0.0
U300,ACCT1018,VM100129,2026-01-09 21:00:00,Network,SKU12,42120,sec,3369.6,INR,0.0,0.08,2026-01-01,2026-01-09,2026-01,9,21,GCP,3369.6,0.08,0.0,,,,,,,,,,,,Healthy,Low,0.0
U301,ACCT1071,VM100053,2026-05-02 09:00:00,Compute,SKU10,33910,sec,2712.8,INR,0.0,0.08,2026-01-01,2026-05-02,2026-05,2,9,Azure,2712.8,0.08,0.0,,,,,,,,,,,,Healthy,Low,0.0
U302,ACCT1011,VM100083,2026-02-16 13:00:00,Storage,SKU14,29546,sec,2363.68,INR,0.0,0.08,2026-01-01,2026-02-16,2026-02,16,13,AWS,2363.68,0.07999999999999999,0.0,,,,,,,,,,,,Healthy,Low,0.0
U303,ACCT1012,VM100114,2026-05-20 09:00:00,Database,SKU1,29665,sec,2373.2,INR,0.0,0.08,2026-01-01,2026-05-20,2026-05,20,9,AWS,2373.2,0.07999999999999999,0.0,,,,,,,,,,,,Healthy,Low,0.0
U304,ACCT1054,VM100028,2026-03-09 15:00:00,Database,SKU8,32999,sec,2639.92,INR,100.0,0.08,2026-01-01,2026-03-09,2026-03,9,15,Azure,2739.92,0.08303039486045032,3.79,,,,,,,,,,,,Healthy,Low,0.0
U305,ACCT1050,VM100042,2026-03-05 23:00:00,Compute,SKU11,14815,sec,1185.2,INR,0.0,0.08,2026-01-01,2026-03-05,2026-03,5,23,Azure,1185.2,0.08,0.0,,,,,,,,,,,,Healthy,Low,0.0
U306,ACCT1013,VM100172,2026-05-16 01:00:00,Storage,SKU2,9671,sec,773.68,INR,0.0,0.08,2026-01-01,2026-05-16,2026-05,16,1,Azure,773.68,0.08,0.0,,,,,,,,,,,,Healthy,Low,0.0
U307,ACCT1037,VM100242,2026-04-29 19:00:00,Network,SKU15,9195,sec,735.6,INR,0.0,0.08,2026-01-01,2026-04-29,2026-04,29,19,Azure,735.6,0.08,0.0,,,,,,,,,,,,Healthy,Low,0.0
U308,ACCT1079,VM100003,2026-06-04 14:00:00,Compute,SKU9,5292,sec,423.36,INR,0.0,0.08,2026-01-01,2026-06-04,2026-06,4,14,GCP,423.36,0.08,0.0,,,,,,,,,,,,Healthy,Low,0.0
U309,ACCT1028,VM100077,2026-04-04 15:00:00,Network,SKU4,47760,sec,3820.8,INR,0.0,0.08,2026-01-01,2026-04-04,2026-04,4,15,AWS,3820.8,0.08,0.0,,,,,,,,,,,,Healthy,Low,0.0
U310,ACCT1100,VM100148,2026-02-10 13:00:00,Compute,SKU2,19836,sec,1586.88,INR,0.0,0.08,2026-01-01,2026-02-10,2026-02,10,13,GCP,1586.88,0.08,0.0,,,,,,,,,,,,Healthy,Low,0.0
U311,ACCT1031,VM100215,2026-04-20 01:00:00,Network,SKU3,40916,sec,3273.28,INR,0.0,0.08,2026-01-01,2026-04-20,2026-04,20,1,AWS,3273.28,0.08,0.0,,,,,,,,,,,,Healthy,Low,0.0
U312,ACCT1015,VM100256,2026-04-12 20:00:00,Compute,SKU17,35230,sec,2818.4,INR,100.0,0.08,2026-01-01,2026-04-12,2026-04,12,20,AWS,2918.4,0.08283848992336078,3.55,,,,,,,,,,,,Healthy,Low,0.0
U313,ACCT1074,VM100124,2026-05-03 15:00:00,Database,SKU14,9509,sec,760.72,INR,0.0,0.08,2026-01-01,2026-05-03,2026-05,3,15,Azure,760.72,0.08,0.0,,,,,,,,,,,,Healthy,Low,0.0
U314,ACCT1001,VM100181,2026-02-11 01:00:00,Network,SKU6,37499,sec,2999.92,INR,0.0,0.08,2026-01-01,2026-02-11,2026-02,11,1,GCP,2999.92,0.08,0.0,,,,,,,,,,,,Healthy,Low,0.0
U315,ACCT1086,VM100044,2026-03-31 08:00:00,Compute,SKU17,23732,sec,1898.56,INR,0.0,0.08,2026-01-01,2026-03-31,2026-03,31,8,Azure,1898.56,0.08,0.0,,,,,,,,,,,,Healthy,Low,0.0
U316,ACCT1070,VM100260,2026-05-15 05:00:00,Compute,SKU13,33367,sec,2669.36,INR,0.0,0.08,2026-01-01,2026-05-15,2026-05,15,5,GCP,2669.36,0.08,0.0,,,,,,,,,,,,Healthy,Low,0.0
U317,ACCT1061,VM100023,2026-04-19 11:00:00,Database,SKU9,25454,sec,2036.32,INR,0.0,0.08,2026-01-01,2026-04-19,2026-04,19,11,AWS,2036.32,0.08,0.0,,,,,,,,,,,,Healthy,Low,0.0
U318,ACCT1096,VM100009,2026-03-02 22:00:00,Database,SKU8,4527,sec,362.16,INR,0.0,0.08,2026-01-01,2026-03-02,2026-03,2,22,Azure,362.16,0.08,0.0,,,,,,,,,,,,Healthy,Low,0.0
U319,ACCT1094,VM100054,2026-05-12 16:00:00,Database,SKU5,38235,sec,3058.8,INR,0.0,0.08,2026-01-01,2026-05-12,2026-05,12,16,Azure,3058.8,0.08,0.0,,,,,,,,,,,,Healthy,Low,0.0
U320,ACCT1006,VM100181,2026-04-04 04:00:00,Storage,SKU15,22287,sec,1782.96,INR,100.0,0.08,2026-01-01,2026-04-04,2026-04,4,4,AWS,1882.96,0.08448692062637413,5.61,,,,,,,,,,,,Healthy,Low,0.0
U321,ACCT1090,VM100246,2026-04-18 19:00:00,Storage,SKU3,12045,sec,963.6,INR,0.0,0.08,2026-01-01,2026-04-18,2026-04,18,19,AWS,963.6,0.08,0.0,,,,,,,,,,,,Healthy,Low,0.0
U322,ACCT1092,VM100235,2026-01-07 07:00:00,Storage,SKU2,19331,sec,1546.48,INR,0.0,0.08,2026-01-01,2026-01-07,2026-01,7,7,AWS,1546.48,0.08,0.0,,,,,,,,,,,,Healthy,Low,0.0
U323,ACCT1026,VM100022,2026-02-23 20:00:00,Network,SKU18,20421,sec,1633.68,INR,0.0,0.08,2026-01-01,2026-02-23,2026-02,23,20,Azure,1633.68,0.08,0.0,,,,,,,,,,,,Healthy,Low,0.0
U324,ACCT1061,VM100130,2026-01-07 05:00:00,Storage,SKU10,49467,sec,3957.36,INR,0.0,0.08,2026-01-01,2026-01-07,2026-01,7,5,GCP,3957.36,0.08,0.0,,,,,,,,,,,,Healthy,Low,0.0
U325,ACCT1046,VM100025,2026-05-28 18:00:00,Database,SKU9,43074,sec,3445.92,INR,0.0,0.08,2026-01-01,2026-05-28,2026-05,28,18,Azure,3445.92,0.08,0.0,,,,,,,,,,,,Healthy,Low,0.0
U326,ACCT1016,VM100189,2026-03-16 13:00:00,Network,SKU13,26315,sec,2105.2,INR,0.0,0.08,2026-01-01,2026-03-16,2026-03,16,13,GCP,2105.2,0.07999999999999999,0.0,,,,,,,,,,,,Healthy,Low,0.0
U327,ACCT1044,VM100096,2026-03-26 16:00:00,Network,SKU12,45455,sec,3636.4,INR,0.0,0.08,2026-01-01,2026-03-26,2026-03,26,16,Azure,3636.4,0.08,0.0,,,,,,,,,,,,Healthy,Low,0.0
U328,ACCT1067,VM100137,2026-05-17 17:00:00,Network,SKU3,5514,sec,441.12,INR,100.0,0.08,2026-01-01,2026-05-17,2026-05,17,17,Azure,541.12,0.09813565469713456,22.67,,,,,,,,,,,,Healthy,Low,0.0
U329,ACCT1056,VM100093,2026-04-04 02:00:00,Database,SKU4,19352,sec,1548.16,INR,0.0,0.08,2026-01-01,2026-04-04,2026-04,4,2,AWS,1548.16,0.08,0.0,,,,,,,,,,,,Healthy,Low,0.0
U330,ACCT1011,VM100168,2026-04-23 19:00:00,Database,SKU15,19475,sec,1558.0,INR,0.0,0.08,2026-01-01,2026-04-23,2026-04,23,19,GCP,1558.0,0.08,0.0,,,,,,,,,,,,Healthy,Low,0.0
U331,ACCT1078,VM100219,2026-01-29 10:00:00,Network,SKU12,45304,sec,3624.32,INR,0.0,0.08,2026-01-01,2026-01-29,2026-01,29,10,Azure,3624.32,0.08,0.0,,,,,,,,,,,,Healthy,Low,0.0
U332,ACCT1058,VM100022,2026-05-05 01:00:00,Network,SKU9,23205,sec,1856.4,INR,0.0,0.08,2026-01-01,2026-05-05,2026-05,5,1,Azure,1856.4,0.08,0.0,,,,,,,,,,,,Healthy,Low,0.0
U333,ACCT1082,VM100030,2026-01-13 19:00:00,Network,SKU12,44086,sec,3526.88,INR,0.0,0.08,2026-01-01,2026-01-13,2026-01,13,19,AWS,3526.88,0.08,0.0,,,,,,,,,,,,Healthy,Low,0.0
U334,ACCT1066,VM100082,2026-06-12 14:00:00,Storage,SKU20,2140,sec,171.2,INR,0.0,0.08,2026-01-01,2026-06-12,2026-06,12,14,AWS,171.2,0.07999999999999999,0.0,,,,,,,,,,,,Healthy,Low,0.0
U335,ACCT1087,VM100225,2026-01-06 22:00:00,Compute,SKU8,8372,sec,669.76,INR,0.0,0.08,2026-01-01,2026-01-06,2026-01,6,22,GCP,669.76,0.08,0.0,,,,,,,,,,,,Healthy,Low,0.0
U336,ACCT1100,VM100188,2026-03-03 19:00:00,Compute,SKU20,25190,sec,2015.2,INR,100.0,0.08,2026-01-01,2026-03-03,2026-03,3,19,Azure,2115.2,0.0839698292973402,4.96,,,,,,,,,,,,Healthy,Low,0.0
U337,ACCT1020,VM100231,2026-06-11 22:00:00,Database,SKU15,24411,sec,1952.88,INR,0.0,0.08,2026-01-01,2026-06-11,2026-06,11,22,GCP,1952.88,0.08,0.0,,,,,,,,,,,,Healthy,Low,0.0
U338,ACCT1098,VM100040,2026-04-08 22:00:00,Database,SKU13,9123,sec,729.84,INR,0.0,0.08,2026-01-01,2026-04-08,2026-04,8,22,Azure,729.84,0.08,0.0,,,,,,,,,,,,Healthy,Low,0.0
U339,ACCT1041,VM100143,2026-02-12 14:00:00,Compute,SKU6,7534,sec,602.72,INR,0.0,0.08,2026-01-01,2026-02-12,2026-02,12,14,GCP,602.72,0.08,0.0,,,,,,,,,,,,Healthy,Low,0.0
U340,ACCT1064,VM100266,2026-03-08 01:00:00,Compute,SKU9,36909,sec,2952.72,INR,0.0,0.08,2026-01-01,2026-03-08,2026-03,8,1,AWS,2952.72,0.07999999999999999,0.0,,,,,,,,,,,,Healthy,Low,0.0
U341,ACCT1100,VM100134,2026-05-01 03:00:00,Storage,SKU20,29346,sec,2347.68,INR,0.0,0.08,2026-01-01,2026-05-01,2026-05,1,3,Azure,2347.68,0.07999999999999999,0.0,,,,,,,,,,,,Healthy,Low,0.0
U342,ACCT1037,VM100252,2026-02-04 03:00:00,Storage,SKU3,8137,sec,650.96,INR,0.0,0.08,2026-01-01,2026-02-04,2026-02,4,3,GCP,650.96,0.08,0.0,,,,,,,,,,,,Healthy,Low,0.0
U343,ACCT1058,VM100089,2026-06-03 08:00:00,Network,SKU3,46851,sec,3748.08,INR,0.0,0.08,2026-01-01,2026-06-03,2026-06,3,8,AWS,3748.08,0.08,0.0,,,,,,,,,,,,Healthy,Low,0.0
U344,ACCT1088,VM100164,2026-04-24 23:00:00,Compute,SKU18,22868,sec,1829.44,INR,100.0,0.08,2026-01-01,2026-04-24,2026-04,24,23,AWS,1929.44,0.08437292286164072,5.47,,,,,,,,,,,,Healthy,Low,0.0
U345,ACCT1070,VM100149,2026-06-02 02:00:00,Storage,SKU6,19757,sec,1580.56,INR,0.0,0.08,2026-01-01,2026-06-02,2026-06,2,2,GCP,1580.56,0.08,0.0,,,,,,,,,,,,Healthy,Low,0.0
U346,ACCT1047,VM100261,2026-02-08 06:00:00,Storage,SKU5,8053,sec,644.24,INR,0.0,0.08,2026-01-01,2026-02-08,2026-02,8,6,Azure,644.24,0.08,0.0,,,,,,,,,,,,Healthy,Low,0.0
U347,ACCT1031,VM100253,2026-01-05 11:00:00,Database,SKU15,23751,sec,1900.08,INR,0.0,0.08,2026-01-01,2026-01-05,2026-01,5,11,Azure,1900.08,0.08,0.0,,,,,,,,,,,,Healthy,Low,0.0
U348,ACCT1071,VM100067,2026-04-15 10:00:00,Compute,SKU10,5750,sec,460.0,INR,0.0,0.08,2026-01-01,2026-04-15,2026-04,15,10,AWS,460.0,0.08,0.0,,,,,,,,,,,,Healthy,Low,0.0
U349,ACCT1051,VM100246,2026-03-31 17:00:00,Network,SKU19,27021,sec,2161.68,INR,0.0,0.08,2026-01-01,2026-03-31,2026-03,31,17,Azure,2161.68,0.07999999999999999,0.0,,,,,,,,,,,,Healthy,Low,0.0
U350,ACCT1010,VM100065,2026-06-15 22:00:00,Compute,SKU15,20876,sec,1670.08,INR,0.0,0.08,2026-01-01,2026-06-15,2026-06,15,22,Azure,1670.08,0.08,0.0,,,,,,,,,,,,Healthy,Low,0.0
U351,ACCT1060,VM100265,2026-02-28 19:00:00,Storage,SKU5,8510,sec,680.8,INR,0.0,0.08,2026-01-01,2026-02-28,2026-02,28,19,Azure,680.8,0.07999999999999999,0.0,,,,,,,,,,,,Healthy,Low,0.0
U352,ACCT1056,VM100258,2026-06-05 10:00:00,Compute,SKU17,3731,sec,298.48,INR,100.0,0.08,2026-01-01,2026-06-05,2026-06,5,10,AWS,398.48,0.10680246582685607,33.5,,,,,,,,,,,,Healthy,Low,0.0
U353,ACCT1020,VM100156,2026-01-29 02:00:00,Database,SKU8,10714,sec,857.12,INR,0.0,0.08,2026-01-01,2026-01-29,2026-01,29,2,GCP,857.12,0.08,0.0,,,,,,,,,,,,Healthy,Low,0.0
U354,ACCT1045,VM100266,2026-06-02 17:00:00,Compute,SKU9,18715,sec,1497.2,INR,0.0,0.08,2026-01-01,2026-06-02,2026-06,2,17,Azure,1497.2,0.08,0.0,,,,,,,,,,,,Healthy,Low,0.0
U355,ACCT1026,VM100283,2026-02-16 20:00:00,Database,SKU20,8303,sec,664.24,INR,0.0,0.08,2026-01-01,2026-02-16,2026-02,16,20,AWS,664.24,0.08,0.0,,,,,,,,,,,,Healthy,Low,0.0
U356,ACCT1069,VM100048,2026-03-27 18:00:00,Storage,SKU19,42107,sec,3368.56,INR,0.0,0.08,2026-01-01,2026-03-27,2026-03,27,18,AWS,3368.56,0.08,0.0,,,,,,,,,,,,Healthy,Low,0.0
U357,ACCT1075,VM100079,2026-01-30 05:00:00,Database,SKU19,43270,sec,3461.6,INR,0.0,0.08,2026-01-01,2026-01-30,2026-01,30,5,GCP,3461.6,0.08,0.0,,,,,,,,,,,,Healthy,Low,0.0
U358,ACCT1006,VM100015,2026-01-14 20:00:00,Database,SKU7,3079,sec,246.32,INR,0.0,0.08,2026-01-01,2026-01-14,2026-01,14,20,Azure,246.32,0.08,0.0,,,,,,,,,,,,Healthy,Low,0.0
U359,ACCT1099,VM100293,2026-03-13 02:00:00,Compute,SKU16,40608,sec,3248.64,INR,0.0,0.08,2026-01-01,2026-03-13,2026-03,13,2,Azure,3248.64,0.08,0.0,,,,,,,,,,,,Healthy,Low,0.0
U360,ACCT1081,VM100280,2026-02-19 10:00:00,Database,SKU16,42168,sec,3373.44,INR,100.0,0.08,2026-01-01,2026-02-19,2026-02,19,10,GCP,3473.44,0.08237146651489281,2.96,,,,,,,,,,,,Healthy,Low,0.0
U361,ACCT1032,VM100208,2026-02-20 18:00:00,Compute,SKU2,29823,sec,2385.84,INR,0.0,0.08,2026-01-01,2026-02-20,2026-02,20,18,GCP,2385.84,0.08,0.0,,,,,,,,,,,,Healthy,Low,0.0
U362,ACCT1021,VM100226,2026-03-12 22:00:00,Network,SKU7,31835,sec,2546.8,INR,0.0,0.08,2026-01-01,2026-03-12,2026-03,12,22,AWS,2546.8,0.08,0.0,,,,,,,,,,,,Healthy,Low,0.0
U363,ACCT1044,VM100074,2026-02-23 08:00:00,Database,SKU12,47178,sec,3774.24,INR,0.0,0.08,2026-01-01,2026-02-23,2026-02,23,8,AWS,3774.24,0.08,0.0,,,,,,,,,,,,Healthy,Low,0.0
U364,ACCT1052,VM100067,2026-05-10 19:00:00,Compute,SKU11,24383,sec,1950.64,INR,0.0,0.08,2026-01-01,2026-05-10,2026-05,10,19,GCP,1950.64,0.08,0.0,,,,,,,,,,,,Healthy,Low,0.0
U365,ACCT1031,VM100239,2026-01-21 21:00:00,Network,SKU8,17629,sec,1410.32,INR,0.0,0.08,2026-01-01,2026-01-21,2026-01,21,21,Azure,1410.32,0.08,0.0,,,,,,,,,,,,Healthy,Low,0.0
U366,ACCT1019,VM100050,2026-01-09 15:00:00,Network,SKU20,19119,sec,1529.52,INR,0.0,0.08,2026-01-01,2026-01-09,2026-01,9,15,AWS,1529.52,0.08,0.0,,,,,,,,,,,,Healthy,Low,0.0
U367,ACCT1054,VM100128,2026-06-14 07:00:00,Database,SKU19,10566,sec,845.28,INR,0.0,0.08,2026-01-01,2026-06-14,2026-06,14,7,AWS,845.28,0.08,0.0,,,,,,,,,,,,Healthy,Low,0.0
U368,ACCT1093,VM100161,2026-02-02 09:00:00,Network,SKU17,10542,sec,843.36,INR,100.0,0.08,2026-01-01,2026-02-02,2026-02,2,9,Azure,943.36,0.08948586605957123,11.86,,,,,,,,,,,,Healthy,Low,0.0
U369,ACCT1060,VM100256,2026-05-31 00:00:00,Network,SKU1,20320,sec,1625.6,INR,0.0,0.08,2026-01-01,2026-05-31,2026-05,31,0,AWS,1625.6,0.08,0.0,,,,,,,,,,,,Healthy,Low,0.0
U370,ACCT1012,VM100202,2026-03-28 06:00:00,Storage,SKU7,30065,sec,2405.2,INR,0.0,0.08,2026-01-01,2026-03-28,2026-03,28,6,Azure,2405.2,0.07999999999999999,0.0,,,,,,,,,,,,Healthy,Low,0.0
U371,ACCT1075,VM100181,2026-01-09 07:00:00,Database,SKU16,3412,sec,272.96,INR,0.0,0.08,2026-01-01,2026-01-09,2026-01,9,7,Azure,272.96,0.07999999999999999,0.0,,,,,,,,,,,,Healthy,Low,0.0
U372,ACCT1077,VM100241,2026-02-18 18:00:00,Compute,SKU4,35272,sec,2821.76,INR,0.0,0.08,2026-01-01,2026-02-18,2026-02,18,18,Azure,2821.76,0.08,0.0,,,,,,,,,,,,Healthy,Low,0.0
U373,ACCT1056,VM100069,2026-05-31 14:00:00,Database,SKU13,17432,sec,1394.56,INR,0.0,0.08,2026-01-01,2026-05-31,2026-05,31,14,GCP,1394.56,0.08,0.0,,,,,,,,,,,,Healthy,Low,0.0
U374,ACCT1047,VM100024,2026-03-10 08:00:00,Storage,SKU12,3452,sec,276.16,INR,0.0,0.08,2026-01-01,2026-03-10,2026-03,10,8,GCP,276.16,0.08,0.0,,,,,,,,,,,,Healthy,Low,0.0
U375,ACCT1071,VM100148,2026-01-13 13:00:00,Network,SKU18,25419,sec,2033.52,INR,0.0,0.08,2026-01-01,2026-01-13,2026-01,13,13,GCP,2033.52,0.08,0.0,,,,,,,,,,,,Healthy,Low,0.0
U376,ACCT1036,VM100061,2026-01-22 23:00:00,Network,SKU12,6436,sec,514.88,INR,100.0,0.08,2026-01-01,2026-01-22,2026-01,22,23,Azure,614.88,0.09553760099440646,19.42,,,,,,,,,,,,Healthy,Low,0.0
U377,ACCT1044,VM100286,2026-06-10 05:00:00,Storage,SKU7,24060,sec,1924.8,INR,0.0,0.08,2026-01-01,2026-06-10,2026-06,10,5,Azure,1924.8,0.08,0.0,,,,,,,,,,,,Healthy,Low,0.0
U378,ACCT1078,VM100261,2026-03-10 12:00:00,Compute,SKU2,32873,sec,2629.84,INR,0.0,0.08,2026-01-01,2026-03-10,2026-03,10,12,GCP,2629.84,0.08,0.0,,,,,,,,,,,,Healthy,Low,0.0
U379,ACCT1005,VM100071,2026-05-02 18:00:00,Network,SKU17,21926,sec,1754.08,INR,0.0,0.08,2026-01-01,2026-05-02,2026-05,2,18,AWS,1754.08,0.08,0.0,,,,,,,,,,,,Healthy,Low,0.0
U380,ACCT1059,VM100077,2026-04-14 11:00:00,Storage,SKU11,33884,sec,2710.72,INR,0.0,0.08,2026-01-01,2026-04-14,2026-04,14,11,Azure,2710.72,0.07999999999999999,0.0,,,,,,,,,,,,Healthy,Low,0.0
U381,ACCT1079,VM100164,2026-01-28 17:00:00,Database,SKU19,25852,sec,2068.16,INR,0.0,0.08,2026-01-01,2026-01-28,2026-01,28,17,AWS,2068.16,0.07999999999999999,0.0,,,,,,,,,,,,Healthy,Low,0.0
U382,ACCT1044,VM100260,2026-05-22 08:00:00,Network,SKU19,33504,sec,2680.32,INR,0.0,0.08,2026-01-01,2026-05-22,2026-05,22,8,AWS,2680.32,0.08,0.0,,,,,,,,,,,,Healthy,Low,0.0
U383,ACCT1039,VM100244,2026-05-20 05:00:00,Database,SKU11,1190,sec,95.2,INR,0.0,0.08,2026-01-01,2026-05-20,2026-05,20,5,Azure,95.2,0.08,0.0,,,,,,,,,,,,Healthy,Low,0.0
U384,ACCT1087,VM100057,2026-03-13 02:00:00,Database,SKU1,38353,sec,3068.24,INR,100.0,0.08,2026-01-01,2026-03-13,2026-03,13,2,Azure,3168.24,0.0826073579641749,3.26,,,,,,,,,,,,Healthy,Low,0.0
U385,ACCT1077,VM100243,2026-02-15 07:00:00,Storage,SKU2,43064,sec,3445.12,INR,0.0,0.08,2026-01-01,2026-02-15,2026-02,15,7,AWS,3445.12,0.08,0.0,,,,,,,,,,,,Healthy,Low,0.0
U386,ACCT1075,VM100246,2026-01-30 02:00:00,Network,SKU5,34456,sec,2756.48,INR,0.0,0.08,2026-01-01,2026-01-30,2026-01,30,2,AWS,2756.48,0.08,0.0,,,,,,,,,,,,Healthy,Low,0.0
U387,ACCT1088,VM100125,2026-01-06 09:00:00,Compute,SKU7,37623,sec,3009.84,INR,0.0,0.08,2026-01-01,2026-01-06,2026-01,6,9,GCP,3009.84,0.08,0.0,,,,,,,,,,,,Healthy,Low,0.0
U388,ACCT1003,VM100226,2026-02-23 12:00:00,Storage,SKU14,27545,sec,2203.6,INR,0.0,0.08,2026-01-01,2026-02-23,2026-02,23,12,GCP,2203.6,0.08,0.0,,,,,,,,,,,,Healthy,Low,0.0
U389,ACCT1089,VM100105,2026-03-12 00:00:00,Network,SKU2,32987,sec,2638.96,INR,0.0,0.08,2026-01-01,2026-03-12,2026-03,12,0,Azure,2638.96,0.08,0.0,,,,,,,,,,,,Healthy,Low,0.0
U390,ACCT1091,VM100071,2026-03-30 12:00:00,Database,SKU16,13688,sec,1095.04,INR,0.0,0.08,2026-01-01,2026-03-30,2026-03,30,12,GCP,1095.04,0.08,0.0,,,,,,,,,,,,Healthy,Low,0.0
U391,ACCT1068,VM100193,2026-02-23 13:00:00,Network,SKU18,11449,sec,915.92,INR,0.0,0.08,2026-01-01,2026-02-23,2026-02,23,13,GCP,915.92,0.08,0.0,,,,,,,,,,,,Healthy,Low,0.0
U392,ACCT1044,VM100280,2026-03-02 11:00:00,Database,SKU20,44393,sec,3551.44,INR,100.0,0.08,2026-01-01,2026-03-02,2026-03,2,11,GCP,3651.44,0.08225260739305747,2.82,,,,,,,,,,,,Healthy,Low,0.0
U393,ACCT1062,VM100099,2026-06-13 09:00:00,Database,SKU18,16255,sec,1300.4,INR,0.0,0.08,2026-01-01,2026-06-13,2026-06,13,9,GCP,1300.4,0.08,0.0,,,,,,,,,,,,Healthy,Low,0.0
U394,ACCT1039,VM100116,2026-06-10 16:00:00,Database,SKU7,19604,sec,1568.32,INR,0.0,0.08,2026-01-01,2026-06-10,2026-06,10,16,AWS,1568.32,0.08,0.0,,,,,,,,,,,,Healthy,Low,0.0
U395,ACCT1089,VM100251,2026-02-24 02:00:00,Database,SKU18,31544,sec,2523.52,INR,0.0,0.08,2026-01-01,2026-02-24,2026-02,24,2,Azure,2523.52,0.08,0.0,,,,,,,,,,,,Healthy,Low,0.0
U396,ACCT1093,VM100141,2026-02-19 02:00:00,Network,SKU13,8087,sec,646.96,INR,0.0,0.08,2026-01-01,2026-02-19,2026-02,19,2,GCP,646.96,0.08,0.0,,,,,,,,,,,,Healthy,Low,0.0
U397,ACCT1045,VM100075,2026-02-19 13:00:00,Database,SKU3,2856,sec,228.48,INR,0.0,0.08,2026-01-01,2026-02-19,2026-02,19,13,AWS,228.48,0.08,0.0,,,,,,,,,,,,Healthy,Low,0.0
U398,ACCT1045,VM100227,2026-04-22 22:00:00,Network,SKU7,16906,sec,1352.48,INR,0.0,0.08,2026-01-01,2026-04-22,2026-04,22,22,AWS,1352.48,0.08,0.0,,,,,,,,,,,,Healthy,Low,0.0
U399,ACCT1026,VM100276,2026-02-16 06:00:00,Database,SKU5,36932,sec,2954.56,INR,0.0,0.08,2026-01-01,2026-02-16,2026-02,16,6,AWS,2954.56,0.08,0.0,ap-south-1,Charlie,Dev,12.0,23.0,40.0,SPOT,Running,6.0,100.0,Excellent,Healthy,Low,0.0
U400,ACCT1014,VM100123,2026-02-11 09:00:00,Storage,SKU8,3426,sec,274.08,INR,100.0,0.08,2026-01-01,2026-02-11,2026-02,11,9,GCP,374.08,0.10918855808523059,36.49,,,,,,,,,,,,Healthy,Low,0.0
U401,ACCT1007,VM100052,2026-03-12 12:00:00,Network,SKU4,21746,sec,1739.68,INR,0.0,0.08,2026-01-01,2026-03-12,2026-03,12,12,GCP,1739.68,0.08,0.0,,,,,,,,,,,,Healthy,Low,0.0
U402,ACCT1088,VM100071,2026-01-01 21:00:00,Storage,SKU14,36167,sec,2893.36,INR,0.0,0.08,2026-01-01,2026-01-01,2026-01,1,21,Azure,2893.36,0.08,0.0,,,,,,,,,,,,Healthy,Low,0.0
U403,ACCT1084,VM100244,2026-03-23 11:00:00,Storage,SKU10,42733,sec,3418.64,INR,0.0,0.08,2026-01-01,2026-03-23,2026-03,23,11,GCP,3418.64,0.08,0.0,,,,,,,,,,,,Healthy,Low,0.0
U404,ACCT1042,VM100147,2026-04-21 05:00:00,Compute,SKU19,3977,sec,318.16,INR,0.0,0.08,2026-01-01,2026-04-21,2026-04,21,5,GCP,318.16,0.08,0.0,,,,,,,,,,,,Healthy,Low,0.0
U405,ACCT1030,VM100274,2026-05-07 01:00:00,Compute,SKU6,47490,sec,3799.2,INR,0.0,0.08,2026-01-01,2026-05-07,2026-05,7,1,AWS,3799.2,0.08,0.0,,,,,,,,,,,,Healthy,Low,0.0
U406,ACCT1054,VM100091,2026-06-09 09:00:00,Network,SKU16,2481,sec,198.48,INR,0.0,0.08,2026-01-01,2026-06-09,2026-06,9,9,Azure,198.48,0.08,0.0,,,,,,,,,,,,Healthy,Low,0.0
U407,ACCT1024,VM100149,2026-05-30 15:00:00,Compute,SKU10,2555,sec,204.4,INR,0.0,0.08,2026-01-01,2026-05-30,2026-05,30,15,GCP,204.4,0.08,0.0,,,,,,,,,,,,Healthy,Low,0.0
U408,ACCT1073,VM100055,2026-06-08 10:00:00,Database,SKU15,22057,sec,1764.56,INR,100.0,0.08,2026-01-01,2026-06-08,2026-06,8,10,GCP,1864.56,0.08453370811987124,5.67,,,,,,,,,,,,Healthy,Low,0.0
U409,ACCT1083,VM100279,2026-03-31 11:00:00,Storage,SKU17,32469,sec,2597.52,INR,0.0,0.08,2026-01-01,2026-03-31,2026-03,31,11,AWS,2597.52,0.08,0.0,,,,,,,,,,,,Healthy,Low,0.0
U410,ACCT1060,VM100140,2026-02-02 21:00:00,Database,SKU6,7482,sec,598.56,INR,0.0,0.08,2026-01-01,2026-02-02,2026-02,2,21,AWS,598.56,0.07999999999999999,0.0,,,,,,,,,,,,Healthy,Low,0.0
U411,ACCT1094,VM100235,2026-04-21 15:00:00,Storage,SKU1,16960,sec,1356.8,INR,0.0,0.08,2026-01-01,2026-04-21,2026-04,21,15,GCP,1356.8,0.08,0.0,,,,,,,,,,,,Healthy,Low,0.0
U412,ACCT1095,VM100173,2026-05-15 22:00:00,Storage,SKU6,19434,sec,1554.72,INR,0.0,0.08,2026-01-01,2026-05-15,2026-05,15,22,Azure,1554.72,0.08,0.0,,,,,,,,,,,,Healthy,Low,0.0
U413,ACCT1079,VM100208,2026-05-22 03:00:00,Database,SKU3,28129,sec,2250.32,INR,0.0,0.08,2026-01-01,2026-05-22,2026-05,22,3,Azure,2250.32,0.08,0.0,,,,,,,,,,,,Healthy,Low,0.0
U414,ACCT1052,VM100049,2026-02-01 12:00:00,Network,SKU11,9315,sec,745.2,INR,0.0,0.08,2026-01-01,2026-02-01,2026-02,1,12,AWS,745.2,0.08,0.0,,,,,,,,,,,,Healthy,Low,0.0
U415,ACCT1032,VM100004,2026-02-14 12:00:00,Storage,SKU15,25237,sec,2018.96,INR,0.0,0.08,2026-01-01,2026-02-14,2026-02,14,12,AWS,2018.96,0.08,0.0,,,,,,,,,,,,Healthy,Low,0.0
U416,ACCT1097,VM100137,2026-06-12 19:00:00,Database,SKU19,21702,sec,1736.16,INR,100.0,0.08,2026-01-01,2026-06-12,2026-06,12,19,GCP,1836.16,0.08460787024237398,5.76,,,,,,,,,,,,Healthy,Low,0.0
U417,ACCT1093,VM100294,2026-01-02 22:00:00,Database,SKU8,17241,sec,1379.28,INR,0.0,0.08,2026-01-01,2026-01-02,2026-01,2,22,AWS,1379.28,0.08,0.0,,,,,,,,,,,,Healthy,Low,0.0
U418,ACCT1008,VM100061,2026-03-21 10:00:00,Storage,SKU13,20206,sec,1616.48,INR,0.0,0.08,2026-01-01,2026-03-21,2026-03,21,10,GCP,1616.48,0.08,0.0,,,,,,,,,,,,Healthy,Low,0.0
U419,ACCT1088,VM100258,2026-06-07 13:00:00,Database,SKU4,46208,sec,3696.64,INR,0.0,0.08,2026-01-01,2026-06-07,2026-06,7,13,Azure,3696.64,0.08,0.0,,,,,,,,,,,,Healthy,Low,0.0
U420,ACCT1082,VM100152,2026-03-04 17:00:00,Storage,SKU8,40380,sec,3230.4,INR,0.0,0.08,2026-01-01,2026-03-04,2026-03,4,17,Azure,3230.4,0.08,0.0,,,,,,,,,,,,Healthy,Low,0.0
U421,ACCT1018,VM100245,2026-01-27 03:00:00,Database,SKU14,29917,sec,2393.36,INR,0.0,0.08,2026-01-01,2026-01-27,2026-01,27,3,GCP,2393.36,0.08,0.0,,,,,,,,,,,,Healthy,Low,0.0
U422,ACCT1090,VM100282,2026-06-05 18:00:00,Storage,SKU8,30956,sec,2476.48,INR,0.0,0.08,2026-01-01,2026-06-05,2026-06,5,18,AWS,2476.48,0.08,0.0,,,,,,,,,,,,Healthy,Low,0.0
U423,ACCT1088,VM100042,2026-03-31 16:00:00,Database,SKU3,29378,sec,2350.24,INR,0.0,0.08,2026-01-01,2026-03-31,2026-03,31,16,Azure,2350.24,0.07999999999999999,0.0,,,,,,,,,,,,Healthy,Low,0.0
U424,ACCT1073,VM100058,2026-01-11 12:00:00,Storage,SKU19,35990,sec,2879.2,INR,100.0,0.08,2026-01-01,2026-01-11,2026-01,11,12,AWS,2979.2,0.0827785495971103,3.47,,,,,,,,,,,,Healthy,Low,0.0
U425,ACCT1069,VM100077,2026-01-29 01:00:00,Network,SKU4,21603,sec,1728.24,INR,0.0,0.08,2026-01-01,2026-01-29,2026-01,29,1,Azure,1728.24,0.08,0.0,,,,,,,,,,,,Healthy,Low,0.0
U426,ACCT1088,VM100106,2026-05-03 08:00:00,Network,SKU3,38317,sec,3065.36,INR,0.0,0.08,2026-01-01,2026-05-03,2026-05,3,8,GCP,3065.36,0.08,0.0,,,,,,,,,,,,Healthy,Low,0.0
U427,ACCT1066,VM100229,2026-05-19 00:00:00,Network,SKU5,3746,sec,299.68,INR,0.0,0.08,2026-01-01,2026-05-19,2026-05,19,0,GCP,299.68,0.08,0.0,,,,,,,,,,,,Healthy,Low,0.0
U428,ACCT1066,VM100213,2026-03-19 23:00:00,Compute,SKU18,37056,sec,2964.48,INR,0.0,0.08,2026-01-01,2026-03-19,2026-03,19,23,GCP,2964.48,0.08,0.0,,,,,,,,,,,,Healthy,Low,0.0
U429,ACCT1060,VM100158,2026-05-04 10:00:00,Network,SKU9,1526,sec,122.08,INR,0.0,0.08,2026-01-01,2026-05-04,2026-05,4,10,Azure,122.08,0.08,0.0,,,,,,,,,,,,Healthy,Low,0.0
U430,ACCT1001,VM100112,2026-04-09 16:00:00,Compute,SKU14,4886,sec,390.88,INR,0.0,0.08,2026-01-01,2026-04-09,2026-04,9,16,AWS,390.88,0.08,0.0,,,,,,,,,,,,Healthy,Low,0.0
U431,ACCT1045,VM100033,2026-04-03 08:00:00,Compute,SKU16,4048,sec,323.84,INR,0.0,0.08,2026-01-01,2026-04-03,2026-04,3,8,AWS,323.84,0.07999999999999999,0.0,,,,,,,,,,,,Healthy,Low,0.0
U432,ACCT1005,VM100147,2026-03-11 18:00:00,Storage,SKU14,11895,sec,951.6,INR,100.0,0.08,2026-01-01,2026-03-11,2026-03,11,18,AWS,1051.6,0.08840689365279529,10.51,,,,,,,,,,,,Healthy,Low,0.0
U433,ACCT1048,VM100196,2026-03-18 13:00:00,Network,SKU3,24839,sec,1987.12,INR,0.0,0.08,2026-01-01,2026-03-18,2026-03,18,13,Azure,1987.12,0.08,0.0,,,,,,,,,,,,Healthy,Low,0.0
U434,ACCT1088,VM100277,2026-01-23 16:00:00,Database,SKU4,42930,sec,3434.4,INR,0.0,0.08,2026-01-01,2026-01-23,2026-01,23,16,Azure,3434.4,0.08,0.0,,,,,,,,,,,,Healthy,Low,0.0
U435,ACCT1023,VM100276,2026-03-09 01:00:00,Storage,SKU8,34758,sec,2780.64,INR,0.0,0.08,2026-01-01,2026-03-09,2026-03,9,1,Azure,2780.64,0.08,0.0,,,,,,,,,,,,Healthy,Low,0.0
U436,ACCT1001,VM100012,2026-02-20 22:00:00,Network,SKU18,30443,sec,2435.44,INR,0.0,0.08,2026-01-01,2026-02-20,2026-02,20,22,Azure,2435.44,0.08,0.0,,,,,,,,,,,,Healthy,Low,0.0
U437,ACCT1049,VM100118,2026-02-12 05:00:00,Database,SKU5,30287,sec,2422.96,INR,0.0,0.08,2026-01-01,2026-02-12,2026-02,12,5,Azure,2422.96,0.08,0.0,,,,,,,,,,,,Healthy,Low,0.0
U438,ACCT1036,VM100097,2026-06-09 23:00:00,Compute,SKU2,47615,sec,3809.2,INR,0.0,0.08,2026-01-01,2026-06-09,2026-06,9,23,AWS,3809.2,0.08,0.0,,,,,,,,,,,,Healthy,Low,0.0
U439,ACCT1085,VM100215,2026-04-15 22:00:00,Storage,SKU7,1125,sec,90.0,INR,0.0,0.08,2026-01-01,2026-04-15,2026-04,15,22,Azure,90.0,0.08,0.0,,,,,,,,,,,,Healthy,Low,0.0
U440,ACCT1009,VM100052,2026-04-12 08:00:00,Network,SKU20,2300,sec,184.0,INR,100.0,0.08,2026-01-01,2026-04-12,2026-04,12,8,Azure,284.0,0.12347826086956522,54.35,,,,,,,,,,,,Healthy,Low,0.0
U441,ACCT1087,VM100025,2026-02-11 18:00:00,Compute,SKU13,48632,sec,3890.56,INR,0.0,0.08,2026-01-01,2026-02-11,2026-02,11,18,AWS,3890.56,0.08,0.0,,,,,,,,,,,,Healthy,Low,0.0
U442,ACCT1057,VM100120,2026-04-03 02:00:00,Compute,SKU5,14338,sec,1147.04,INR,0.0,0.08,2026-01-01,2026-04-03,2026-04,3,2,Azure,1147.04,0.08,0.0,,,,,,,,,,,,Healthy,Low,0.0
U443,ACCT1065,VM100149,2026-02-09 23:00:00,Database,SKU19,48040,sec,3843.2,INR,0.0,0.08,2026-01-01,2026-02-09,2026-02,9,23,AWS,3843.2,0.08,0.0,,,,,,,,,,,,Healthy,Low,0.0
U444,ACCT1077,VM100165,2026-02-10 10:00:00,Storage,SKU17,19876,sec,1590.08,INR,0.0,0.08,2026-01-01,2026-02-10,2026-02,10,10,AWS,1590.08,0.08,0.0,,,,,,,,,,,,Healthy,Low,0.0
U445,ACCT1029,VM100212,2026-02-21 06:00:00,Compute,SKU18,18132,sec,1450.56,INR,0.0,0.08,2026-01-01,2026-02-21,2026-02,21,6,GCP,1450.56,0.08,0.0,,,,,,,,,,,,Healthy,Low,0.0
U446,ACCT1076,VM100090,2026-04-17 20:00:00,Network,SKU18,44582,sec,3566.56,INR,0.0,0.08,2026-01-01,2026-04-17,2026-04,17,20,GCP,3566.56,0.08,0.0,,,,,,,,,,,,Healthy,Low,0.0
U447,ACCT1064,VM100025,2026-06-15 22:00:00,Network,SKU17,22671,sec,1813.68,INR,0.0,0.08,2026-01-01,2026-06-15,2026-06,15,22,GCP,1813.68,0.08,0.0,,,,,,,,,,,,Healthy,Low,0.0
U448,ACCT1041,VM100214,2026-03-11 16:00:00,Database,SKU13,9879,sec,790.32,INR,100.0,0.08,2026-01-01,2026-03-11,2026-03,11,16,GCP,890.32,0.0901224820325944,12.65,,,,,,,,,,,,Healthy,Low,0.0
U449,ACCT1024,VM100276,2026-03-22 19:00:00,Storage,SKU10,15892,sec,1271.36,INR,0.0,0.08,2026-01-01,2026-03-22,2026-03,22,19,Azure,1271.36,0.07999999999999999,0.0,,,,,,,,,,,,Healthy,Low,0.0
U450,ACCT1091,VM100074,2026-05-18 12:00:00,Compute,SKU18,30444,sec,2435.52,INR,0.0,0.08,2026-01-01,2026-05-18,2026-05,18,12,GCP,2435.52,0.08,0.0,,,,,,,,,,,,Healthy,Low,0.0
U451,ACCT1053,VM100214,2026-04-06 02:00:00,Storage,SKU13,34833,sec,2786.64,INR,0.0,0.08,2026-01-01,2026-04-06,2026-04,6,2,AWS,2786.64,0.08,0.0,,,,,,,,,,,,Healthy,Low,0.0
U452,ACCT1032,VM100131,2026-02-04 16:00:00,Compute,SKU15,21744,sec,1739.52,INR,0.0,0.08,2026-01-01,2026-02-04,2026-02,4,16,Azure,1739.52,0.08,0.0,,,,,,,,,,,,Healthy,Low,0.0
U453,ACCT1048,VM100048,2026-04-02 09:00:00,Storage,SKU2,47586,sec,3806.88,INR,0.0,0.08,2026-01-01,2026-04-02,2026-04,2,9,GCP,3806.88,0.08,0.0,,,,,,,,,,,,Healthy,Low,0.0
U454,ACCT1035,VM100194,2026-04-25 23:00:00,Compute,SKU3,39747,sec,3179.76,INR,0.0,0.08,2026-01-01,2026-04-25,2026-04,25,23,AWS,3179.76,0.08,0.0,,,,,,,,,,,,Healthy,Low,0.0
U455,ACCT1025,VM100287,2026-02-07 00:00:00,Storage,SKU11,31517,sec,2521.36,INR,0.0,0.08,2026-01-01,2026-02-07,2026-02,7,0,Azure,2521.36,0.08,0.0,,,,,,,,,,,,Healthy,Low,0.0
U456,ACCT1039,VM100008,2026-02-06 03:00:00,Compute,SKU16,12553,sec,1004.24,INR,100.0,0.08,2026-01-01,2026-02-06,2026-02,6,3,Azure,1104.24,0.08796622321357445,9.96,,,,,,,,,,,,Healthy,Low,0.0
U457,ACCT1032,VM100105,2026-03-09 16:00:00,Database,SKU10,15784,sec,1262.72,INR,0.0,0.08,2026-01-01,2026-03-09,2026-03,9,16,GCP,1262.72,0.08,0.0,,,,,,,,,,,,Healthy,Low,0.0
U458,ACCT1049,VM100239,2026-04-02 01:00:00,Database,SKU10,42614,sec,3409.12,INR,0.0,0.08,2026-01-01,2026-04-02,2026-04,2,1,Azure,3409.12,0.08,0.0,,,,,,,,,,,,Healthy,Low,0.0
U459,ACCT1034,VM100185,2026-03-29 12:00:00,Network,SKU4,32689,sec,2615.12,INR,0.0,0.08,2026-01-01,2026-03-29,2026-03,29,12,AWS,2615.12,0.08,0.0,,,,,,,,,,,,Healthy,Low,0.0
U460,ACCT1093,VM100241,2026-05-10 23:00:00,Storage,SKU12,21086,sec,1686.88,INR,0.0,0.08,2026-01-01,2026-05-10,2026-05,10,23,Azure,1686.88,0.08,0.0,,,,,,,,,,,,Healthy,Low,0.0
U461,ACCT1041,VM100212,2026-01-08 19:00:00,Storage,SKU5,36965,sec,2957.2,INR,0.0,0.08,2026-01-01,2026-01-08,2026-01,8,19,AWS,2957.2,0.08,0.0,,,,,,,,,,,,Healthy,Low,0.0
U462,ACCT1003,VM100134,2026-04-05 10:00:00,Network,SKU10,38375,sec,3070.0,INR,0.0,0.08,2026-01-01,2026-04-05,2026-04,5,10,Azure,3070.0,0.08,0.0,,,,,,,,,,,,Healthy,Low,0.0
U463,ACCT1020,VM100101,2026-02-26 07:00:00,Network,SKU19,15174,sec,1213.92,INR,0.0,0.08,2026-01-01,2026-02-26,2026-02,26,7,GCP,1213.92,0.08,0.0,,,,,,,,,,,,Healthy,Low,0.0
U464,ACCT1032,VM100256,2026-04-04 23:00:00,Database,SKU9,43000,sec,3440.0,INR,100.0,0.08,2026-01-01,2026-04-04,2026-04,4,23,AWS,3540.0,0.08232558139534883,2.91,,,,,,,,,,,,Healthy,Low,0.0
U465,ACCT1098,VM100251,2026-06-14 22:00:00,Network,SKU15,47519,sec,3801.52,INR,0.0,0.08,2026-01-01,2026-06-14,2026-06,14,22,Azure,3801.52,0.08,0.0,,,,,,,,,,,,Healthy,Low,0.0
U466,ACCT1022,VM100181,2026-01-29 21:00:00,Network,SKU6,9272,sec,741.76,INR,0.0,0.08,2026-01-01,2026-01-29,2026-01,29,21,Azure,741.76,0.08,0.0,,,,,,,,,,,,Healthy,Low,0.0
U467,ACCT1070,VM100031,2026-03-31 10:00:00,Compute,SKU2,2316,sec,185.28,INR,0.0,0.08,2026-01-01,2026-03-31,2026-03,31,10,Azure,185.28,0.08,0.0,,,,,,,,,,,,Healthy,Low,0.0
U468,ACCT1098,VM100004,2026-03-12 09:00:00,Storage,SKU3,9110,sec,728.8,INR,0.0,0.08,2026-01-01,2026-03-12,2026-03,12,9,AWS,728.8,0.08,0.0,,,,,,,,,,,,Healthy,Low,0.0
U469,ACCT1091,VM100078,2026-01-02 13:00:00,Network,SKU12,14434,sec,1154.72,INR,0.0,0.08,2026-01-01,2026-01-02,2026-01,2,13,AWS,1154.72,0.08,0.0,,,,,,,,,,,,Healthy,Low,0.0
U470,ACCT1008,VM100248,2026-04-23 12:00:00,Compute,SKU1,32072,sec,2565.76,INR,0.0,0.08,2026-01-01,2026-04-23,2026-04,23,12,AWS,2565.76,0.08,0.0,,,,,,,,,,,,Healthy,Low,0.0
U471,ACCT1069,VM100283,2026-03-12 04:00:00,Compute,SKU17,876,sec,70.08,INR,0.0,0.08,2026-01-01,2026-03-12,2026-03,12,4,GCP,70.08,0.08,0.0,,,,,,,,,,,,Healthy,Low,0.0
U472,ACCT1093,VM100141,2026-04-02 10:00:00,Compute,SKU17,18888,sec,1511.04,INR,100.0,0.08,2026-01-01,2026-04-02,2026-04,2,10,GCP,1611.04,0.08529436679373147,6.62,,,,,,,,,,,,Healthy,Low,0.0
U473,ACCT1090,VM100221,2026-05-18 14:00:00,Compute,SKU4,11848,sec,947.84,INR,0.0,0.08,2026-01-01,2026-05-18,2026-05,18,14,AWS,947.84,0.08,0.0,,,,,,,,,,,,Healthy,Low,0.0
U474,ACCT1068,VM100077,2026-02-11 03:00:00,Database,SKU12,12678,sec,1014.24,INR,0.0,0.08,2026-01-01,2026-02-11,2026-02,11,3,Azure,1014.24,0.08,0.0,,,,,,,,,,,,Healthy,Low,0.0
U475,ACCT1035,VM100204,2026-01-14 11:00:00,Network,SKU15,24548,sec,1963.84,INR,0.0,0.08,2026-01-01,2026-01-14,2026-01,14,11,GCP,1963.84,0.08,0.0,,,,,,,,,,,,Healthy,Low,0.0
U476,ACCT1073,VM100125,2026-04-29 23:00:00,Database,SKU3,14901,sec,1192.08,INR,0.0,0.08,2026-01-01,2026-04-29,2026-04,29,23,AWS,1192.08,0.08,0.0,,,,,,,,,,,,Healthy,Low,0.0
U477,ACCT1084,VM100017,2026-01-16 22:00:00,Network,SKU13,26660,sec,2132.8,INR,0.0,0.08,2026-01-01,2026-01-16,2026-01,16,22,Azure,2132.8,0.08,0.0,,,,,,,,,,,,Healthy,Low,0.0
U478,ACCT1071,VM100244,2026-01-10 13:00:00,Compute,SKU6,41829,sec,3346.32,INR,0.0,0.08,2026-01-01,2026-01-10,2026-01,10,13,GCP,3346.32,0.08,0.0,,,,,,,,,,,,Healthy,Low,0.0
U479,ACCT1011,VM100256,2026-05-25 06:00:00,Database,SKU19,28536,sec,2282.88,INR,0.0,0.08,2026-01-01,2026-05-25,2026-05,25,6,Azure,2282.88,0.08,0.0,,,,,,,,,,,,Healthy,Low,0.0
U480,ACCT1013,VM100271,2026-06-06 20:00:00,Storage,SKU7,2888,sec,231.04,INR,100.0,0.08,2026-01-01,2026-06-06,2026-06,6,20,Azure,331.03999999999996,0.11462603878116343,43.28,,,,,,,,,,,,Healthy,Low,0.0
U481,ACCT1089,VM100291,2026-03-23 03:00:00,Compute,SKU3,17866,sec,1429.28,INR,0.0,0.08,2026-01-01,2026-03-23,2026-03,23,3,Azure,1429.28,0.08,0.0,,,,,,,,,,,,Healthy,Low,0.0
U482,ACCT1088,VM100144,2026-06-03 11:00:00,Compute,SKU6,35688,sec,2855.04,INR,0.0,0.08,2026-01-01,2026-06-03,2026-06,3,11,Azure,2855.04,0.08,0.0,,,,,,,,,,,,Healthy,Low,0.0
U483,ACCT1041,VM100009,2026-06-14 02:00:00,Storage,SKU13,13676,sec,1094.08,INR,0.0,0.08,2026-01-01,2026-06-14,2026-06,14,2,GCP,1094.08,0.07999999999999999,0.0,,,,,,,,,,,,Healthy,Low,0.0
U484,ACCT1010,VM100154,2026-01-28 17:00:00,Storage,SKU19,37059,sec,2964.72,INR,0.0,0.08,2026-01-01,2026-01-28,2026-01,28,17,GCP,2964.72,0.07999999999999999,0.0,,,,,,,,,,,,Healthy,Low,0.0
U485,ACCT1050,VM100277,2026-02-26 14:00:00,Storage,SKU3,25255,sec,2020.4,INR,0.0,0.08,2026-01-01,2026-02-26,2026-02,26,14,GCP,2020.4,0.08,0.0,,,,,,,,,,,,Healthy,Low,0.0
U486,ACCT1065,VM100178,2026-01-10 03:00:00,Network,SKU8,6501,sec,520.08,INR,0.0,0.08,2026-01-01,2026-01-10,2026-01,10,3,AWS,520.08,0.08,0.0,,,,,,,,,,,,Healthy,Low,0.0
U487,ACCT1010,VM100175,2026-04-14 06:00:00,Network,SKU11,40330,sec,3226.4,INR,0.0,0.08,2026-01-01,2026-04-14,2026-04,14,6,GCP,3226.4,0.08,0.0,,,,,,,,,,,,Healthy,Low,0.0
U488,ACCT1004,VM100140,2026-05-14 17:00:00,Network,SKU8,29627,sec,2370.16,INR,100.0,0.08,2026-01-01,2026-05-14,2026-05,14,17,Azure,2470.16,0.08337529955783575,4.22,,,,,,,,,,,,Healthy,Low,0.0
U489,ACCT1046,VM100284,2026-06-10 14:00:00,Network,SKU6,24703,sec,1976.24,INR,0.0,0.08,2026-01-01,2026-06-10,2026-06,10,14,GCP,1976.24,0.08,0.0,,,,,,,,,,,,Healthy,Low,0.0
U490,ACCT1088,VM100300,2026-04-23 18:00:00,Compute,SKU20,25008,sec,2000.64,INR,0.0,0.08,2026-01-01,2026-04-23,2026-04,23,18,Azure,2000.64,0.08,0.0,,,,,,,,,,,,Healthy,Low,0.0
U491,ACCT1038,VM100127,2026-05-02 16:00:00,Compute,SKU9,4917,sec,393.36,INR,0.0,0.08,2026-01-01,2026-05-02,2026-05,2,16,AWS,393.36,0.08,0.0,,,,,,,,,,,,Healthy,Low,0.0
U492,ACCT1020,VM100195,2026-05-02 11:00:00,Storage,SKU13,41643,sec,3331.44,INR,0.0,0.08,2026-01-01,2026-05-02,2026-05,2,11,Azure,3331.44,0.08,0.0,,,,,,,,,,,,Healthy,Low,0.0
U493,ACCT1041,VM100185,2026-01-19 04:00:00,Compute,SKU10,6097,sec,487.76,INR,0.0,0.08,2026-01-01,2026-01-19,2026-01,19,4,Azure,487.76,0.08,0.0,,,,,,,,,,,,Healthy,Low,0.0
U494,ACCT1057,VM100185,2026-05-10 22:00:00,Compute,SKU5,17779,sec,1422.32,INR,0.0,0.08,2026-01-01,2026-05-10,2026-05,10,22,Azure,1422.32,0.08,0.0,,,,,,,,,,,,Healthy,Low,0.0
U495,ACCT1012,VM100096,2026-03-15 13:00:00,Network,SKU4,29515,sec,2361.2,INR,0.0,0.08,2026-01-01,2026-03-15,2026-03,15,13,AWS,2361.2,0.07999999999999999,0.0,,,,,,,,,,,,Healthy,Low,0.0
U496,ACCT1004,VM100046,2026-03-02 09:00:00,Compute,SKU20,36421,sec,2913.68,INR,100.0,0.08,2026-01-01,2026-03-02,2026-03,2,9,GCP,3013.68,0.08274566870761374,3.43,,,,,,,,,,,,Healthy,Low,0.0
U497,ACCT1077,VM100167,2026-05-28 09:00:00,Compute,SKU10,25346,sec,2027.68,INR,0.0,0.08,2026-01-01,2026-05-28,2026-05,28,9,GCP,2027.68,0.08,0.0,,,,,,,,,,,,Healthy,Low,0.0
U498,ACCT1053,VM100199,2026-05-13 23:00:00,Storage,SKU19,5650,sec,452.0,INR,0.0,0.08,2026-01-01,2026-05-13,2026-05,13,23,AWS,452.0,0.08,0.0,,,,,,,,,,,,Healthy,Low,0.0
U499,ACCT1067,VM100087,2026-04-27 23:00:00,Storage,SKU5,25051,sec,2004.08,INR,0.0,0.08,2026-01-01,2026-04-27,2026-04,27,23,Azure,2004.08,0.08,0.0,,,,,,,,,,,,Healthy,Low,0.0
U500,ACCT1035,VM100155,2026-02-15 19:00:00,Storage,SKU3,32417,sec,2593.36,INR,0.0,0.08,2026-01-01,2026-02-15,2026-02,15,19,GCP,2593.36,0.08,0.0,,,,,,,,,,,,Healthy,Low,0.0
U501,ACCT1022,VM100223,2026-02-17 02:00:00,Database,SKU16,27697,sec,2215.76,INR,0.0,0.08,2026-01-01,2026-02-17,2026-02,17,2,AWS,2215.76,0.08,0.0,,,,,,,,,,,,Healthy,Low,0.0
U502,ACCT1010,VM100185,2026-02-12 22:00:00,Network,SKU20,16260,sec,1300.8,INR,0.0,0.08,2026-01-01,2026-02-12,2026-02,12,22,GCP,1300.8,0.08,0.0,,,,,,,,,,,,Healthy,Low,0.0
U503,ACCT1079,VM100101,2026-03-20 03:00:00,Storage,SKU10,7110,sec,568.8,INR,0.0,0.08,2026-01-01,2026-03-20,2026-03,20,3,AWS,568.8,0.07999999999999999,0.0,,,,,,,,,,,,Healthy,Low,0.0
U504,ACCT1001,VM100203,2026-02-26 16:00:00,Network,SKU11,40744,sec,3259.52,INR,100.0,0.08,2026-01-01,2026-02-26,2026-02,26,16,Azure,3359.52,0.08245434910661692,3.07,,,,,,,,,,,,Healthy,Low,0.0
U505,ACCT1057,VM100172,2026-03-15 11:00:00,Storage,SKU10,42766,sec,3421.28,INR,0.0,0.08,2026-01-01,2026-03-15,2026-03,15,11,GCP,3421.28,0.08,0.0,,,,,,,,,,,,Healthy,Low,0.0
U506,ACCT1042,VM100103,2026-03-23 18:00:00,Storage,SKU13,20690,sec,1655.2,INR,0.0,0.08,2026-01-01,2026-03-23,2026-03,23,18,AWS,1655.2,0.08,0.0,,,,,,,,,,,,Healthy,Low,0.0
U507,ACCT1041,VM100150,2026-05-06 10:00:00,Network,SKU19,45644,sec,3651.52,INR,0.0,0.08,2026-01-01,2026-05-06,2026-05,6,10,GCP,3651.52,0.08,0.0,,,,,,,,,,,,Healthy,Low,0.0
U508,ACCT1032,VM100167,2026-03-06 04:00:00,Network,SKU12,18469,sec,1477.52,INR,0.0,0.08,2026-01-01,2026-03-06,2026-03,6,4,GCP,1477.52,0.08,0.0,,,,,,,,,,,,Healthy,Low,0.0
U509,ACCT1015,VM100289,2026-02-04 02:00:00,Storage,SKU18,38912,sec,3112.96,INR,0.0,0.08,2026-01-01,2026-02-04,2026-02,4,2,GCP,3112.96,0.08,0.0,,,,,,,,,,,,Healthy,Low,0.0
U510,ACCT1004,VM100237,2026-06-10 22:00:00,Storage,SKU15,46523,sec,3721.84,INR,0.0,0.08,2026-01-01,2026-06-10,2026-06,10,22,GCP,3721.84,0.08,0.0,,,,,,,,,,,,Healthy,Low,0.0
U511,ACCT1038,VM100036,2026-05-20 18:00:00,Network,SKU5,26913,sec,2153.04,INR,0.0,0.08,2026-01-01,2026-05-20,2026-05,20,18,AWS,2153.04,0.08,0.0,,,,,,,,,,,,Healthy,Low,0.0
U512,ACCT1082,VM100156,2026-02-11 07:00:00,Storage,SKU14,16659,sec,1332.72,INR,100.0,0.08,2026-01-01,2026-02-11,2026-02,11,7,Azure,1432.72,0.08600276127018429,7.5,,,,,,,,,,,,Healthy,Low,0.0
U513,ACCT1049,VM100038,2026-03-18 15:00:00,Network,SKU19,39286,sec,3142.88,INR,0.0,0.08,2026-01-01,2026-03-18,2026-03,18,15,AWS,3142.88,0.08,0.0,,,,,,,,,,,,Healthy,Low,0.0
U514,ACCT1052,VM100274,2026-03-28 11:00:00,Network,SKU18,45431,sec,3634.48,INR,0.0,0.08,2026-01-01,2026-03-28,2026-03,28,11,AWS,3634.48,0.08,0.0,,,,,,,,,,,,Healthy,Low,0.0
U515,ACCT1005,VM100185,2026-04-30 17:00:00,Compute,SKU4,35286,sec,2822.88,INR,0.0,0.08,2026-01-01,2026-04-30,2026-04,30,17,AWS,2822.88,0.08,0.0,,,,,,,,,,,,Healthy,Low,0.0
U516,ACCT1099,VM100128,2026-04-23 05:00:00,Database,SKU6,43661,sec,3492.88,INR,0.0,0.08,2026-01-01,2026-04-23,2026-04,23,5,Azure,3492.88,0.08,0.0,,,,,,,,,,,,Healthy,Low,0.0
U517,ACCT1083,VM100023,2026-04-07 02:00:00,Network,SKU11,42372,sec,3389.76,INR,0.0,0.08,2026-01-01,2026-04-07,2026-04,7,2,GCP,3389.76,0.08,0.0,,,,,,,,,,,,Healthy,Low,0.0
U518,ACCT1056,VM100055,2026-01-02 19:00:00,Database,SKU8,6562,sec,524.96,INR,0.0,0.08,2026-01-01,2026-01-02,2026-01,2,19,GCP,524.96,0.08,0.0,,,,,,,,,,,,Healthy,Low,0.0
U519,ACCT1066,VM100266,2026-04-06 05:00:00,Storage,SKU15,38144,sec,3051.52,INR,0.0,0.08,2026-01-01,2026-04-06,2026-04,6,5,GCP,3051.52,0.08,0.0,,,,,,,,,,,,Healthy,Low,0.0
U520,ACCT1048,VM100201,2026-03-21 00:00:00,Storage,SKU12,44635,sec,3570.8,INR,100.0,0.08,2026-01-01,2026-03-21,2026-03,21,0,Azure,3670.8,0.08224039430939846,2.8,,,,,,,,,,,,Healthy,Low,0.0
U521,ACCT1004,VM100248,2026-01-18 20:00:00,Network,SKU3,19461,sec,1556.88,INR,0.0,0.08,2026-01-01,2026-01-18,2026-01,18,20,GCP,1556.88,0.08,0.0,,,,,,,,,,,,Healthy,Low,0.0
U522,ACCT1015,VM100073,2026-03-01 10:00:00,Database,SKU15,20540,sec,1643.2,INR,0.0,0.08,2026-01-01,2026-03-01,2026-03,1,10,Azure,1643.2,0.08,0.0,,,,,,,,,,,,Healthy,Low,0.0
U523,ACCT1027,VM100267,2026-03-24 10:00:00,Network,SKU4,22926,sec,1834.08,INR,0.0,0.08,2026-01-01,2026-03-24,2026-03,24,10,GCP,1834.08,0.08,0.0,,,,,,,,,,,,Healthy,Low,0.0
U524,ACCT1057,VM100232,2026-02-24 10:00:00,Database,SKU2,4502,sec,360.16,INR,0.0,0.08,2026-01-01,2026-02-24,2026-02,24,10,GCP,360.16,0.08,0.0,,,,,,,,,,,,Healthy,Low,0.0
U525,ACCT1091,VM100059,2026-01-04 20:00:00,Compute,SKU6,22583,sec,1806.64,INR,0.0,0.08,2026-01-01,2026-01-04,2026-01,4,20,AWS,1806.64,0.08,0.0,,,,,,,,,,,,Healthy,Low,0.0
U526,ACCT1095,VM100125,2026-03-30 01:00:00,Storage,SKU11,11532,sec,922.56,INR,0.0,0.08,2026-01-01,2026-03-30,2026-03,30,1,Azure,922.56,0.08,0.0,,,,,,,,,,,,Healthy,Low,0.0
U527,ACCT1072,VM100219,2026-06-13 13:00:00,Storage,SKU13,30381,sec,2430.48,INR,0.0,0.08,2026-01-01,2026-06-13,2026-06,13,13,AWS,2430.48,0.08,0.0,,,,,,,,,,,,Healthy,Low,0.0
U528,ACCT1081,VM100095,2026-02-01 19:00:00,Network,SKU13,42074,sec,3365.92,INR,100.0,0.08,2026-01-01,2026-02-01,2026-02,1,19,AWS,3465.92,0.08237676474782527,2.97,,,,,,,,,,,,Healthy,Low,0.0
U529,ACCT1004,VM100102,2026-03-18 17:00:00,Network,SKU13,38910,sec,3112.8,INR,0.0,0.08,2026-01-01,2026-03-18,2026-03,18,17,AWS,3112.8,0.08,0.0,,,,,,,,,,,,Healthy,Low,0.0
U530,ACCT1001,VM100110,2026-02-05 02:00:00,Compute,SKU19,18341,sec,1467.28,INR,0.0,0.08,2026-01-01,2026-02-05,2026-02,5,2,Azure,1467.28,0.08,0.0,,,,,,,,,,,,Healthy,Low,0.0
U531,ACCT1014,VM100275,2026-02-01 21:00:00,Database,SKU7,24072,sec,1925.76,INR,0.0,0.08,2026-01-01,2026-02-01,2026-02,1,21,Azure,1925.76,0.08,0.0,,,,,,,,,,,,Healthy,Low,0.0
U532,ACCT1059,VM100059,2026-02-14 18:00:00,Network,SKU17,44055,sec,3524.4,INR,0.0,0.08,2026-01-01,2026-02-14,2026-02,14,18,GCP,3524.4,0.08,0.0,,,,,,,,,,,,Healthy,Low,0.0
U533,ACCT1082,VM100161,2026-04-12 21:00:00,Network,SKU19,25569,sec,2045.52,INR,0.0,0.08,2026-01-01,2026-04-12,2026-04,12,21,AWS,2045.52,0.08,0.0,,,,,,,,,,,,Healthy,Low,0.0
U534,ACCT1015,VM100179,2026-03-02 01:00:00,Storage,SKU10,30106,sec,2408.48,INR,0.0,0.08,2026-01-01,2026-03-02,2026-03,2,1,GCP,2408.48,0.08,0.0,,,,,,,,,,,,Healthy,Low,0.0
U535,ACCT1079,VM100044,2026-04-25 16:00:00,Database,SKU4,8878,sec,710.24,INR,0.0,0.08,2026-01-01,2026-04-25,2026-04,25,16,AWS,710.24,0.08,0.0,,,,,,,,,,,,Healthy,Low,0.0
U536,ACCT1031,VM100157,2026-01-20 23:00:00,Database,SKU5,12096,sec,967.68,INR,100.0,0.08,2026-01-01,2026-01-20,2026-01,20,23,Azure,1067.6799999999998,0.08826719576719576,10.33,,,,,,,,,,,,Healthy,Low,0.0
U537,ACCT1066,VM100199,2026-03-13 09:00:00,Storage,SKU19,39187,sec,3134.96,INR,0.0,0.08,2026-01-01,2026-03-13,2026-03,13,9,Azure,3134.96,0.08,0.0,,,,,,,,,,,,Healthy,Low,0.0
U538,ACCT1050,VM100217,2026-02-01 16:00:00,Storage,SKU18,31994,sec,2559.52,INR,0.0,0.08,2026-01-01,2026-02-01,2026-02,1,16,Azure,2559.52,0.08,0.0,,,,,,,,,,,,Healthy,Low,0.0
U539,ACCT1022,VM100251,2026-02-19 07:00:00,Storage,SKU11,9294,sec,743.52,INR,0.0,0.08,2026-01-01,2026-02-19,2026-02,19,7,AWS,743.52,0.08,0.0,,,,,,,,,,,,Healthy,Low,0.0
U540,ACCT1058,VM100028,2026-05-28 17:00:00,Compute,SKU16,23629,sec,1890.32,INR,0.0,0.08,2026-01-01,2026-05-28,2026-05,28,17,Azure,1890.32,0.08,0.0,,,,,,,,,,,,Healthy,Low,0.0
U541,ACCT1018,VM100100,2026-05-20 03:00:00,Network,SKU14,25262,sec,2020.96,INR,0.0,0.08,2026-01-01,2026-05-20,2026-05,20,3,AWS,2020.96,0.08,0.0,,,,,,,,,,,,Healthy,Low,0.0
U542,ACCT1088,VM100252,2026-03-12 22:00:00,Network,SKU16,46639,sec,3731.12,INR,0.0,0.08,2026-01-01,2026-03-12,2026-03,12,22,GCP,3731.12,0.08,0.0,,,,,,,,,,,,Healthy,Low,0.0
U543,ACCT1022,VM100043,2026-04-07 11:00:00,Storage,SKU10,2122,sec,169.76,INR,0.0,0.08,2026-01-01,2026-04-07,2026-04,7,11,AWS,169.76,0.08,0.0,,,,,,,,,,,,Healthy,Low,0.0
U544,ACCT1005,VM100141,2026-02-08 08:00:00,Database,SKU6,35332,sec,2826.56,INR,100.0,0.08,2026-01-01,2026-02-08,2026-02,8,8,GCP,2926.56,0.08283029548284841,3.54,,,,,,,,,,,,Healthy,Low,0.0
U545,ACCT1100,VM100235,2026-04-07 12:00:00,Network,SKU18,48761,sec,3900.88,INR,0.0,0.08,2026-01-01,2026-04-07,2026-04,7,12,AWS,3900.88,0.08,0.0,,,,,,,,,,,,Healthy,Low,0.0
U546,ACCT1066,VM100058,2026-04-08 17:00:00,Database,SKU18,7584,sec,606.72,INR,0.0,0.08,2026-01-01,2026-04-08,2026-04,8,17,GCP,606.72,0.08,0.0,,,,,,,,,,,,Healthy,Low,0.0
U547,ACCT1047,VM100278,2026-05-21 09:00:00,Compute,SKU15,49696,sec,3975.68,INR,0.0,0.08,2026-01-01,2026-05-21,2026-05,21,9,Azure,3975.68,0.08,0.0,,,,,,,,,,,,Healthy,Low,0.0
U548,ACCT1070,VM100112,2026-03-14 13:00:00,Storage,SKU10,6811,sec,544.88,INR,0.0,0.08,2026-01-01,2026-03-14,2026-03,14,13,GCP,544.88,0.08,0.0,,,,,,,,,,,,Healthy,Low,0.0
U549,ACCT1005,VM100231,2026-02-14 20:00:00,Compute,SKU15,22944,sec,1835.52,INR,0.0,0.08,2026-01-01,2026-02-14,2026-02,14,20,Azure,1835.52,0.08,0.0,,,,,,,,,,,,Healthy,Low,0.0
U550,ACCT1016,VM100122,2026-02-05 19:00:00,Database,SKU20,48440,sec,3875.2,INR,0.0,0.08,2026-01-01,2026-02-05,2026-02,5,19,Azure,3875.2,0.08,0.0,,,,,,,,,,,,Healthy,Low,0.0
U551,ACCT1081,VM100220,2026-01-29 07:00:00,Storage,SKU7,40480,sec,3238.4,INR,0.0,0.08,2026-01-01,2026-01-29,2026-01,29,7,GCP,3238.4,0.08,0.0,,,,,,,,,,,,Healthy,Low,0.0
U552,ACCT1027,VM100031,2026-04-08 07:00:00,Database,SKU20,23091,sec,1847.28,INR,100.0,0.08,2026-01-01,2026-04-08,2026-04,8,7,AWS,1947.28,0.08433069161145035,5.41,,,,,,,,,,,,Healthy,Low,0.0
U553,ACCT1069,VM100087,2026-02-25 05:00:00,Database,SKU10,46240,sec,3699.2,INR,0.0,0.08,2026-01-01,2026-02-25,2026-02,25,5,AWS,3699.2,0.08,0.0,,,,,,,,,,,,Healthy,Low,0.0
U554,ACCT1074,VM100137,2026-06-12 13:00:00,Compute,SKU5,33812,sec,2704.96,INR,0.0,0.08,2026-01-01,2026-06-12,2026-06,12,13,AWS,2704.96,0.08,0.0,,,,,,,,,,,,Healthy,Low,0.0
U555,ACCT1097,VM100211,2026-06-06 19:00:00,Database,SKU5,3985,sec,318.8,INR,0.0,0.08,2026-01-01,2026-06-06,2026-06,6,19,AWS,318.8,0.08,0.0,,,,,,,,,,,,Healthy,Low,0.0
U556,ACCT1090,VM100068,2026-02-12 14:00:00,Database,SKU8,9684,sec,774.72,INR,0.0,0.08,2026-01-01,2026-02-12,2026-02,12,14,AWS,774.72,0.08,0.0,,,,,,,,,,,,Healthy,Low,0.0
U557,ACCT1098,VM100202,2026-03-25 12:00:00,Database,SKU14,9417,sec,753.36,INR,0.0,0.08,2026-01-01,2026-03-25,2026-03,25,12,Azure,753.36,0.08,0.0,,,,,,,,,,,,Healthy,Low,0.0
U558,ACCT1049,VM100232,2026-01-13 21:00:00,Compute,SKU13,41625,sec,3330.0,INR,0.0,0.08,2026-01-01,2026-01-13,2026-01,13,21,AWS,3330.0,0.08,0.0,,,,,,,,,,,,Healthy,Low,0.0
U559,ACCT1066,VM100143,2026-04-29 13:00:00,Network,SKU16,24287,sec,1942.96,INR,0.0,0.08,2026-01-01,2026-04-29,2026-04,29,13,Azure,1942.96,0.08,0.0,,,,,,,,,,,,Healthy,Low,0.0
U560,ACCT1042,VM100298,2026-01-01 10:00:00,Compute,SKU15,48119,sec,3849.52,INR,100.0,0.08,2026-01-01,2026-01-01,2026-01,1,10,Azure,3949.52,0.0820781811758349,2.6,,,,,,,,,,,,Healthy,Low,0.0
U561,ACCT1082,VM100184,2026-05-26 02:00:00,Network,SKU7,4250,sec,340.0,INR,0.0,0.08,2026-01-01,2026-05-26,2026-05,26,2,Azure,340.0,0.08,0.0,,,,,,,,,,,,Healthy,Low,0.0
U562,ACCT1055,VM100109,2026-03-26 10:00:00,Database,SKU10,17698,sec,1415.84,INR,0.0,0.08,2026-01-01,2026-03-26,2026-03,26,10,GCP,1415.84,0.08,0.0,,,,,,,,,,,,Healthy,Low,0.0
U563,ACCT1044,VM100281,2026-04-09 15:00:00,Network,SKU11,8658,sec,692.64,INR,0.0,0.08,2026-01-01,2026-04-09,2026-04,9,15,GCP,692.64,0.08,0.0,,,,,,,,,,,,Healthy,Low,0.0
U564,ACCT1088,VM100025,2026-01-08 20:00:00,Network,SKU1,6625,sec,530.0,INR,0.0,0.08,2026-01-01,2026-01-08,2026-01,8,20,Azure,530.0,0.08,0.0,,,,,,,,,,,,Healthy,Low,0.0
U565,ACCT1016,VM100081,2026-03-17 07:00:00,Compute,SKU14,30018,sec,2401.44,INR,0.0,0.08,2026-01-01,2026-03-17,2026-03,17,7,GCP,2401.44,0.08,0.0,,,,,,,,,,,,Healthy,Low,0.0
U566,ACCT1026,VM100068,2026-05-31 13:00:00,Database,SKU6,42698,sec,3415.84,INR,0.0,0.08,2026-01-01,2026-05-31,2026-05,31,13,AWS,3415.84,0.08,0.0,eu-west-1,Alice,QA,42.0,93.0,88.0,SPOT,Running,6.0,100.0,Excellent,Healthy,Low,0.0
U567,ACCT1036,VM100048,2026-04-22 17:00:00,Database,SKU3,23721,sec,1897.68,INR,0.0,0.08,2026-01-01,2026-04-22,2026-04,22,17,AWS,1897.68,0.08,0.0,,,,,,,,,,,,Healthy,Low,0.0
U568,ACCT1048,VM100085,2026-01-09 20:00:00,Database,SKU8,26074,sec,2085.92,INR,100.0,0.08,2026-01-01,2026-01-09,2026-01,9,20,Azure,2185.92,0.08383523816829025,4.79,,,,,,,,,,,,Healthy,Low,0.0
U569,ACCT1055,VM100047,2026-05-01 02:00:00,Compute,SKU7,6337,sec,506.96,INR,0.0,0.08,2026-01-01,2026-05-01,2026-05,1,2,AWS,506.96,0.08,0.0,,,,,,,,,,,,Healthy,Low,0.0
U570,ACCT1062,VM100040,2026-01-23 15:00:00,Storage,SKU17,39007,sec,3120.56,INR,0.0,0.08,2026-01-01,2026-01-23,2026-01,23,15,Azure,3120.56,0.08,0.0,,,,,,,,,,,,Healthy,Low,0.0
U571,ACCT1088,VM100228,2026-01-02 14:00:00,Database,SKU4,628,sec,50.24,INR,0.0,0.08,2026-01-01,2026-01-02,2026-01,2,14,Azure,50.24,0.08,0.0,,,,,,,,,,,,Healthy,Low,0.0
U572,ACCT1055,VM100068,2026-03-23 12:00:00,Storage,SKU13,4741,sec,379.28,INR,0.0,0.08,2026-01-01,2026-03-23,2026-03,23,12,AWS,379.28,0.07999999999999999,0.0,,,,,,,,,,,,Healthy,Low,0.0
U573,ACCT1012,VM100053,2026-01-18 14:00:00,Database,SKU10,20635,sec,1650.8,INR,0.0,0.08,2026-01-01,2026-01-18,2026-01,18,14,GCP,1650.8,0.08,0.0,,,,,,,,,,,,Healthy,Low,0.0
U574,ACCT1018,VM100196,2026-05-13 00:00:00,Storage,SKU5,49458,sec,3956.64,INR,0.0,0.08,2026-01-01,2026-05-13,2026-05,13,0,AWS,3956.64,0.08,0.0,,,,,,,,,,,,Healthy,Low,0.0
U575,ACCT1009,VM100272,2026-04-07 03:00:00,Storage,SKU15,655,sec,52.4,INR,0.0,0.08,2026-01-01,2026-04-07,2026-04,7,3,AWS,52.4,0.08,0.0,,,,,,,,,,,,Healthy,Low,0.0
U576,ACCT1045,VM100110,2026-04-18 04:00:00,Storage,SKU14,49138,sec,3931.04,INR,100.0,0.08,2026-01-01,2026-04-18,2026-04,18,4,Azure,4031.04,0.08203508486303879,2.54,,,,,,,,,,,,Healthy,Low,0.0
U577,ACCT1079,VM100227,2026-05-27 18:00:00,Compute,SKU4,14337,sec,1146.96,INR,0.0,0.08,2026-01-01,2026-05-27,2026-05,27,18,Azure,1146.96,0.08,0.0,,,,,,,,,,,,Healthy,Low,0.0
U578,ACCT1018,VM100064,2026-04-11 14:00:00,Network,SKU12,47941,sec,3835.28,INR,0.0,0.08,2026-01-01,2026-04-11,2026-04,11,14,Azure,3835.28,0.08,0.0,,,,,,,,,,,,Healthy,Low,0.0
U579,ACCT1055,VM100162,2026-05-16 00:00:00,Storage,SKU9,9263,sec,741.04,INR,0.0,0.08,2026-01-01,2026-05-16,2026-05,16,0,Azure,741.04,0.08,0.0,,,,,,,,,,,,Healthy,Low,0.0
U580,ACCT1083,VM100044,2026-02-12 08:00:00,Database,SKU1,36367,sec,2909.36,INR,0.0,0.08,2026-01-01,2026-02-12,2026-02,12,8,GCP,2909.36,0.08,0.0,,,,,,,,,,,,Healthy,Low,0.0
U581,ACCT1085,VM100155,2026-02-05 01:00:00,Storage,SKU13,34031,sec,2722.48,INR,0.0,0.08,2026-01-01,2026-02-05,2026-02,5,1,GCP,2722.48,0.08,0.0,,,,,,,,,,,,Healthy,Low,0.0
U582,ACCT1038,VM100028,2026-05-14 18:00:00,Network,SKU13,15785,sec,1262.8,INR,0.0,0.08,2026-01-01,2026-05-14,2026-05,14,18,GCP,1262.8,0.08,0.0,,,,,,,,,,,,Healthy,Low,0.0
U583,ACCT1015,VM100124,2026-03-27 06:00:00,Compute,SKU17,41917,sec,3353.36,INR,0.0,0.08,2026-01-01,2026-03-27,2026-03,27,6,Azure,3353.36,0.08,0.0,,,,,,,,,,,,Healthy,Low,0.0
U584,ACCT1002,VM100185,2026-06-09 09:00:00,Storage,SKU13,20840,sec,1667.2,INR,100.0,0.08,2026-01-01,2026-06-09,2026-06,9,9,Azure,1767.2,0.08479846449136276,6.0,,,,,,,,,,,,Healthy,Low,0.0
U585,ACCT1073,VM100216,2026-03-04 08:00:00,Storage,SKU16,35906,sec,2872.48,INR,0.0,0.08,2026-01-01,2026-03-04,2026-03,4,8,Azure,2872.48,0.08,0.0,,,,,,,,,,,,Healthy,Low,0.0
U586,ACCT1099,VM100038,2026-01-03 20:00:00,Compute,SKU1,38593,sec,3087.44,INR,0.0,0.08,2026-01-01,2026-01-03,2026-01,3,20,GCP,3087.44,0.08,0.0,,,,,,,,,,,,Healthy,Low,0.0
U587,ACCT1034,VM100111,2026-01-07 19:00:00,Network,SKU17,4062,sec,324.96,INR,0.0,0.08,2026-01-01,2026-01-07,2026-01,7,19,Azure,324.96,0.08,0.0,,,,,,,,,,,,Healthy,Low,0.0
U588,ACCT1037,VM100257,2026-05-11 22:00:00,Network,SKU13,27325,sec,2186.0,INR,0.0,0.08,2026-01-01,2026-05-11,2026-05,11,22,AWS,2186.0,0.08,0.0,,,,,,,,,,,,Healthy,Low,0.0
U589,ACCT1011,VM100275,2026-04-02 18:00:00,Storage,SKU9,40473,sec,3237.84,INR,0.0,0.08,2026-01-01,2026-04-02,2026-04,2,18,AWS,3237.84,0.08,0.0,,,,,,,,,,,,Healthy,Low,0.0
U590,ACCT1011,VM100159,2026-01-14 11:00:00,Storage,SKU5,33608,sec,2688.64,INR,0.0,0.08,2026-01-01,2026-01-14,2026-01,14,11,Azure,2688.64,0.08,0.0,,,,,,,,,,,,Healthy,Low,0.0
U591,ACCT1069,VM100168,2026-03-08 16:00:00,Compute,SKU10,38532,sec,3082.56,INR,0.0,0.08,2026-01-01,2026-03-08,2026-03,8,16,AWS,3082.56,0.08,0.0,,,,,,,,,,,,Healthy,Low,0.0
U592,ACCT1090,VM100224,2026-05-05 13:00:00,Compute,SKU8,15739,sec,1259.12,INR,100.0,0.08,2026-01-01,2026-05-05,2026-05,5,13,AWS,1359.12,0.08635364381472774,7.94,,,,,,,,,,,,Healthy,Low,0.0
U593,ACCT1012,VM100223,2026-01-20 19:00:00,Compute,SKU10,29812,sec,2384.96,INR,0.0,0.08,2026-01-01,2026-01-20,2026-01,20,19,GCP,2384.96,0.08,0.0,,,,,,,,,,,,Healthy,Low,0.0
U594,ACCT1086,VM100090,2026-01-21 09:00:00,Storage,SKU1,930,sec,74.4,INR,0.0,0.08,2026-01-01,2026-01-21,2026-01,21,9,Azure,74.4,0.08,0.0,,,,,,,,,,,,Healthy,Low,0.0
U595,ACCT1021,VM100255,2026-06-12 15:00:00,Database,SKU6,22821,sec,1825.68,INR,0.0,0.08,2026-01-01,2026-06-12,2026-06,12,15,Azure,1825.68,0.08,0.0,,,,,,,,,,,,Healthy,Low,0.0
U596,ACCT1048,VM100065,2026-05-08 23:00:00,Compute,SKU1,17713,sec,1417.04,INR,0.0,0.08,2026-01-01,2026-05-08,2026-05,8,23,GCP,1417.04,0.08,0.0,,,,,,,,,,,,Healthy,Low,0.0
U597,ACCT1043,VM100220,2026-02-16 10:00:00,Compute,SKU9,34431,sec,2754.48,INR,0.0,0.08,2026-01-01,2026-02-16,2026-02,16,10,AWS,2754.48,0.08,0.0,,,,,,,,,,,,Healthy,Low,0.0
U598,ACCT1092,VM100296,2026-04-18 02:00:00,Network,SKU15,5150,sec,412.0,INR,0.0,0.08,2026-01-01,2026-04-18,2026-04,18,2,AWS,412.0,0.08,0.0,,,,,,,,,,,,Healthy,Low,0.0
U599,ACCT1066,VM100185,2026-01-10 11:00:00,Storage,SKU12,32842,sec,2627.36,INR,0.0,0.08,2026-01-01,2026-01-10,2026-01,10,11,Azure,2627.36,0.08,0.0,,,,,,,,,,,,Healthy,Low,0.0
U600,ACCT1021,VM100131,2026-05-12 23:00:00,Compute,SKU8,6843,sec,547.44,INR,100.0,0.08,2026-01-01,2026-05-12,2026-05,12,23,AWS,647.44,0.09461347362268012,18.27,,,,,,,,,,,,Healthy,Low,0.0
U601,ACCT1095,VM100261,2026-01-01 10:00:00,Compute,SKU8,2986,sec,238.88,INR,0.0,0.08,2026-01-01,2026-01-01,2026-01,1,10,GCP,238.88,0.08,0.0,,,,,,,,,,,,Healthy,Low,0.0
U602,ACCT1006,VM100242,2026-03-04 02:00:00,Storage,SKU6,25198,sec,2015.84,INR,0.0,0.08,2026-01-01,2026-03-04,2026-03,4,2,GCP,2015.84,0.08,0.0,,,,,,,,,,,,Healthy,Low,0.0
U603,ACCT1005,VM100284,2026-05-18 01:00:00,Network,SKU8,46894,sec,3751.52,INR,0.0,0.08,2026-01-01,2026-05-18,2026-05,18,1,Azure,3751.52,0.08,0.0,,,,,,,,,,,,Healthy,Low,0.0
U604,ACCT1042,VM100128,2026-03-13 00:00:00,Database,SKU9,47304,sec,3784.32,INR,0.0,0.08,2026-01-01,2026-03-13,2026-03,13,0,GCP,3784.32,0.08,0.0,,,,,,,,,,,,Healthy,Low,0.0
U605,ACCT1010,VM100293,2026-03-05 15:00:00,Compute,SKU6,7925,sec,634.0,INR,0.0,0.08,2026-01-01,2026-03-05,2026-03,5,15,GCP,634.0,0.08,0.0,,,,,,,,,,,,Healthy,Low,0.0
U606,ACCT1029,VM100265,2026-01-08 20:00:00,Compute,SKU15,26375,sec,2110.0,INR,0.0,0.08,2026-01-01,2026-01-08,2026-01,8,20,Azure,2110.0,0.08,0.0,,,,,,,,,,,,Healthy,Low,0.0
U607,ACCT1037,VM100160,2026-02-25 20:00:00,Network,SKU1,5761,sec,460.88,INR,0.0,0.08,2026-01-01,2026-02-25,2026-02,25,20,GCP,460.88,0.08,0.0,,,,,,,,,,,,Healthy,Low,0.0
U608,ACCT1048,VM100103,2026-02-19 18:00:00,Database,SKU20,37049,sec,2963.92,INR,100.0,0.08,2026-01-01,2026-02-19,2026-02,19,18,GCP,3063.92,0.08269912818159735,3.37,,,,,,,,,,,,Healthy,Low,0.0
U609,ACCT1032,VM100238,2026-03-04 20:00:00,Network,SKU7,38877,sec,3110.16,INR,0.0,0.08,2026-01-01,2026-03-04,2026-03,4,20,GCP,3110.16,0.08,0.0,,,,,,,,,,,,Healthy,Low,0.0
U610,ACCT1094,VM100280,2026-05-10 18:00:00,Storage,SKU1,16164,sec,1293.12,INR,0.0,0.08,2026-01-01,2026-05-10,2026-05,10,18,AWS,1293.12,0.07999999999999999,0.0,,,,,,,,,,,,Healthy,Low,0.0
U611,ACCT1053,VM100013,2026-02-09 18:00:00,Database,SKU1,35590,sec,2847.2,INR,0.0,0.08,2026-01-01,2026-02-09,2026-02,9,18,Azure,2847.2,0.08,0.0,,,,,,,,,,,,Healthy,Low,0.0
U612,ACCT1043,VM100001,2026-05-10 12:00:00,Network,SKU10,43177,sec,3454.16,INR,0.0,0.08,2026-01-01,2026-05-10,2026-05,10,12,Azure,3454.16,0.08,0.0,,,,,,,,,,,,Healthy,Low,0.0
U613,ACCT1014,VM100106,2026-04-01 10:00:00,Network,SKU16,15708,sec,1256.64,INR,0.0,0.08,2026-01-01,2026-04-01,2026-04,1,10,Azure,1256.64,0.08,0.0,,,,,,,,,,,,Healthy,Low,0.0
U614,ACCT1008,VM100073,2026-05-02 10:00:00,Compute,SKU2,18438,sec,1475.04,INR,0.0,0.08,2026-01-01,2026-05-02,2026-05,2,10,AWS,1475.04,0.08,0.0,,,,,,,,,,,,Healthy,Low,0.0
U615,ACCT1030,VM100267,2026-03-12 11:00:00,Database,SKU15,46030,sec,3682.4,INR,0.0,0.08,2026-01-01,2026-03-12,2026-03,12,11,AWS,3682.4,0.08,0.0,,,,,,,,,,,,Healthy,Low,0.0
U616,ACCT1096,VM100044,2026-04-10 02:00:00,Storage,SKU13,6363,sec,509.04,INR,100.0,0.08,2026-01-01,2026-04-10,2026-04,10,2,Azure,609.04,0.09571585730001571,19.64,,,,,,,,,,,,Healthy,Low,0.0
U617,ACCT1010,VM100291,2026-01-11 15:00:00,Storage,SKU8,28607,sec,2288.56,INR,0.0,0.08,2026-01-01,2026-01-11,2026-01,11,15,AWS,2288.56,0.08,0.0,,,,,,,,,,,,Healthy,Low,0.0
U618,ACCT1038,VM100134,2026-05-26 05:00:00,Network,SKU11,20744,sec,1659.52,INR,0.0,0.08,2026-01-01,2026-05-26,2026-05,26,5,Azure,1659.52,0.08,0.0,,,,,,,,,,,,Healthy,Low,0.0
U619,ACCT1041,VM100232,2026-02-16 09:00:00,Compute,SKU7,15409,sec,1232.72,INR,0.0,0.08,2026-01-01,2026-02-16,2026-02,16,9,AWS,1232.72,0.08,0.0,,,,,,,,,,,,Healthy,Low,0.0
U620,ACCT1018,VM100300,2026-01-19 14:00:00,Compute,SKU6,10284,sec,822.72,INR,0.0,0.08,2026-01-01,2026-01-19,2026-01,19,14,GCP,822.72,0.08,0.0,,,,,,,,,,,,Healthy,Low,0.0
U621,ACCT1058,VM100239,2026-02-23 14:00:00,Compute,SKU18,26741,sec,2139.28,INR,0.0,0.08,2026-01-01,2026-02-23,2026-02,23,14,GCP,2139.28,0.08,0.0,,,,,,,,,,,,Healthy,Low,0.0
U622,ACCT1046,VM100107,2026-03-19 03:00:00,Network,SKU9,20305,sec,1624.4,INR,0.0,0.08,2026-01-01,2026-03-19,2026-03,19,3,Azure,1624.4,0.08,0.0,,,,,,,,,,,,Healthy,Low,0.0
U623,ACCT1016,VM100047,2026-01-27 21:00:00,Database,SKU20,45061,sec,3604.88,INR,0.0,0.08,2026-01-01,2026-01-27,2026-01,27,21,AWS,3604.88,0.08,0.0,,,,,,,,,,,,Healthy,Low,0.0
U624,ACCT1006,VM100111,2026-05-23 15:00:00,Storage,SKU3,21582,sec,1726.56,INR,100.0,0.08,2026-01-01,2026-05-23,2026-05,23,15,AWS,1826.56,0.08463349087202297,5.79,,,,,,,,,,,,Healthy,Low,0.0
U625,ACCT1092,VM100128,2026-06-15 06:00:00,Network,SKU17,23413,sec,1873.04,INR,0.0,0.08,2026-01-01,2026-06-15,2026-06,15,6,GCP,1873.04,0.08,0.0,,,,,,,,,,,,Healthy,Low,0.0
U626,ACCT1007,VM100154,2026-02-14 09:00:00,Compute,SKU13,11494,sec,919.52,INR,0.0,0.08,2026-01-01,2026-02-14,2026-02,14,9,GCP,919.52,0.08,0.0,,,,,,,,,,,,Healthy,Low,0.0
U627,ACCT1058,VM100285,2026-05-08 16:00:00,Storage,SKU4,36152,sec,2892.16,INR,0.0,0.08,2026-01-01,2026-05-08,2026-05,8,16,AWS,2892.16,0.08,0.0,,,,,,,,,,,,Healthy,Low,0.0
U628,ACCT1060,VM100053,2026-05-18 04:00:00,Compute,SKU1,9261,sec,740.88,INR,0.0,0.08,2026-01-01,2026-05-18,2026-05,18,4,AWS,740.88,0.08,0.0,,,,,,,,,,,,Healthy,Low,0.0
U629,ACCT1008,VM100114,2026-01-23 07:00:00,Network,SKU12,13084,sec,1046.72,INR,0.0,0.08,2026-01-01,2026-01-23,2026-01,23,7,AWS,1046.72,0.08,0.0,,,,,,,,,,,,Healthy,Low,0.0
U630,ACCT1088,VM100044,2026-04-10 09:00:00,Database,SKU3,38511,sec,3080.88,INR,0.0,0.08,2026-01-01,2026-04-10,2026-04,10,9,AWS,3080.88,0.08,0.0,eu-west-1,Charlie,Prod,39.0,35.0,69.0,RESERVED,Running,6.0,100.0,Excellent,Snooze,Medium,308.088
U631,ACCT1003,VM100034,2026-02-03 17:00:00,Network,SKU5,42435,sec,3394.8,INR,0.0,0.08,2026-01-01,2026-02-03,2026-02,3,17,AWS,3394.8,0.08,0.0,,,,,,,,,,,,Healthy,Low,0.0
U632,ACCT1012,VM100170,2026-01-21 21:00:00,Network,SKU2,2898,sec,231.84,INR,100.0,0.08,2026-01-01,2026-01-21,2026-01,21,21,AWS,331.84000000000003,0.11450655624568669,43.13,,,,,,,,,,,,Healthy,Low,0.0
U633,ACCT1022,VM100294,2026-03-15 22:00:00,Network,SKU16,47576,sec,3806.08,INR,0.0,0.08,2026-01-01,2026-03-15,2026-03,15,22,Azure,3806.08,0.08,0.0,,,,,,,,,,,,Healthy,Low,0.0
U634,ACCT1004,VM100196,2026-04-27 14:00:00,Storage,SKU12,28061,sec,2244.88,INR,0.0,0.08,2026-01-01,2026-04-27,2026-04,27,14,AWS,2244.88,0.08,0.0,,,,,,,,,,,,Healthy,Low,0.0
U635,ACCT1028,VM100096,2026-02-16 22:00:00,Network,SKU5,18440,sec,1475.2,INR,0.0,0.08,2026-01-01,2026-02-16,2026-02,16,22,GCP,1475.2,0.08,0.0,,,,,,,,,,,,Healthy,Low,0.0
U636,ACCT1005,VM100126,2026-04-21 11:00:00,Network,SKU14,19440,sec,1555.2,INR,0.0,0.08,2026-01-01,2026-04-21,2026-04,21,11,Azure,1555.2,0.08,0.0,,,,,,,,,,,,Healthy,Low,0.0
U637,ACCT1071,VM100246,2026-01-11 09:00:00,Database,SKU13,5848,sec,467.84,INR,0.0,0.08,2026-01-01,2026-01-11,2026-01,11,9,AWS,467.84,0.08,0.0,,,,,,,,,,,,Healthy,Low,0.0
U638,ACCT1018,VM100215,2026-02-04 00:00:00,Storage,SKU18,42216,sec,3377.28,INR,0.0,0.08,2026-01-01,2026-02-04,2026-02,4,0,GCP,3377.28,0.08,0.0,,,,,,,,,,,,Healthy,Low,0.0
U639,ACCT1003,VM100196,2026-05-14 10:00:00,Database,SKU16,46851,sec,3748.08,INR,0.0,0.08,2026-01-01,2026-05-14,2026-05,14,10,Azure,3748.08,0.08,0.0,,,,,,,,,,,,Healthy,Low,0.0
U640,ACCT1070,VM100249,2026-02-28 17:00:00,Database,SKU13,37170,sec,2973.6,INR,100.0,0.08,2026-01-01,2026-02-28,2026-02,28,17,GCP,3073.6,0.08269034167339252,3.36,,,,,,,,,,,,Healthy,Low,0.0
U641,ACCT1035,VM100093,2026-01-05 10:00:00,Storage,SKU1,20997,sec,1679.76,INR,0.0,0.08,2026-01-01,2026-01-05,2026-01,5,10,AWS,1679.76,0.08,0.0,,,,,,,,,,,,Healthy,Low,0.0
U642,ACCT1100,VM100144,2026-01-10 23:00:00,Database,SKU19,31012,sec,2480.96,INR,0.0,0.08,2026-01-01,2026-01-10,2026-01,10,23,AWS,2480.96,0.08,0.0,,,,,,,,,,,,Healthy,Low,0.0
U643,ACCT1030,VM100082,2026-01-18 02:00:00,Storage,SKU9,16343,sec,1307.44,INR,0.0,0.08,2026-01-01,2026-01-18,2026-01,18,2,AWS,1307.44,0.08,0.0,,,,,,,,,,,,Healthy,Low,0.0
U644,ACCT1069,VM100029,2026-05-11 09:00:00,Network,SKU12,14479,sec,1158.32,INR,0.0,0.08,2026-01-01,2026-05-11,2026-05,11,9,AWS,1158.32,0.08,0.0,,,,,,,,,,,,Healthy,Low,0.0
U645,ACCT1023,VM100091,2026-02-10 08:00:00,Database,SKU12,38931,sec,3114.48,INR,0.0,0.08,2026-01-01,2026-02-10,2026-02,10,8,Azure,3114.48,0.08,0.0,,,,,,,,,,,,Healthy,Low,0.0
U646,ACCT1076,VM100015,2026-05-01 01:00:00,Database,SKU19,46011,sec,3680.88,INR,0.0,0.08,2026-01-01,2026-05-01,2026-05,1,1,Azure,3680.88,0.08,0.0,,,,,,,,,,,,Healthy,Low,0.0
U647,ACCT1073,VM100073,2026-04-07 02:00:00,Network,SKU18,12436,sec,994.88,INR,0.0,0.08,2026-01-01,2026-04-07,2026-04,7,2,GCP,994.88,0.08,0.0,,,,,,,,,,,,Healthy,Low,0.0
U648,ACCT1040,VM100090,2026-03-25 16:00:00,Compute,SKU2,2587,sec,206.96,INR,100.0,0.08,2026-01-01,2026-03-25,2026-03,25,16,AWS,306.96000000000004,0.11865481252415927,48.32,,,,,,,,,,,,Healthy,Low,0.0
U649,ACCT1030,VM100113,2026-01-04 09:00:00,Network,SKU1,34601,sec,2768.08,INR,0.0,0.08,2026-01-01,2026-01-04,2026-01,4,9,GCP,2768.08,0.08,0.0,,,,,,,,,,,,Healthy,Low,0.0
U650,ACCT1043,VM100104,2026-05-18 15:00:00,Database,SKU6,8651,sec,692.08,INR,0.0,0.08,2026-01-01,2026-05-18,2026-05,18,15,Azure,692.08,0.08,0.0,,,,,,,,,,,,Healthy,Low,0.0
U651,ACCT1042,VM100031,2026-01-04 17:00:00,Storage,SKU4,9780,sec,782.4,INR,0.0,0.08,2026-01-01,2026-01-04,2026-01,4,17,AWS,782.4,0.08,0.0,,,,,,,,,,,,Healthy,Low,0.0
U652,ACCT1068,VM100187,2026-06-13 22:00:00,Database,SKU13,4853,sec,388.24,INR,0.0,0.08,2026-01-01,2026-06-13,2026-06,13,22,AWS,388.24,0.08,0.0,,,,,,,,,,,,Healthy,Low,0.0
U653,ACCT1076,VM100052,2026-02-27 10:00:00,Database,SKU5,19876,sec,1590.08,INR,0.0,0.08,2026-01-01,2026-02-27,2026-02,27,10,Azure,1590.08,0.08,0.0,,,,,,,,,,,,Healthy,Low,0.0
U654,ACCT1021,VM100224,2026-05-16 03:00:00,Network,SKU11,41994,sec,3359.52,INR,0.0,0.08,2026-01-01,2026-05-16,2026-05,16,3,Azure,3359.52,0.08,0.0,,,,,,,,,,,,Healthy,Low,0.0
U655,ACCT1023,VM100288,2026-04-29 08:00:00,Database,SKU8,40320,sec,3225.6,INR,0.0,0.08,2026-01-01,2026-04-29,2026-04,29,8,Azure,3225.6,0.08,0.0,,,,,,,,,,,,Healthy,Low,0.0
U656,ACCT1086,VM100090,2026-03-06 13:00:00,Database,SKU5,20207,sec,1616.56,INR,100.0,0.08,2026-01-01,2026-03-06,2026-03,6,13,Azure,1716.56,0.08494878012569901,6.19,,,,,,,,,,,,Healthy,Low,0.0
U657,ACCT1023,VM100001,2026-06-11 22:00:00,Network,SKU19,46106,sec,3688.48,INR,0.0,0.08,2026-01-01,2026-06-11,2026-06,11,22,Azure,3688.48,0.08,0.0,,,,,,,,,,,,Healthy,Low,0.0
U658,ACCT1005,VM100094,2026-04-13 19:00:00,Storage,SKU19,20954,sec,1676.32,INR,0.0,0.08,2026-01-01,2026-04-13,2026-04,13,19,AWS,1676.32,0.08,0.0,,,,,,,,,,,,Healthy,Low,0.0
U659,ACCT1014,VM100255,2026-01-25 00:00:00,Compute,SKU8,21803,sec,1744.24,INR,0.0,0.08,2026-01-01,2026-01-25,2026-01,25,0,Azure,1744.24,0.08,0.0,,,,,,,,,,,,Healthy,Low,0.0
U660,ACCT1045,VM100164,2026-01-29 15:00:00,Compute,SKU11,41793,sec,3343.44,INR,0.0,0.08,2026-01-01,2026-01-29,2026-01,29,15,AWS,3343.44,0.08,0.0,,,,,,,,,,,,Healthy,Low,0.0
U661,ACCT1058,VM100006,2026-02-15 06:00:00,Storage,SKU3,13841,sec,1107.28,INR,0.0,0.08,2026-01-01,2026-02-15,2026-02,15,6,AWS,1107.28,0.08,0.0,,,,,,,,,,,,Healthy,Low,0.0
U662,ACCT1045,VM100132,2026-05-15 07:00:00,Compute,SKU2,7180,sec,574.4,INR,0.0,0.08,2026-01-01,2026-05-15,2026-05,15,7,Azure,574.4,0.08,0.0,,,,,,,,,,,,Healthy,Low,0.0
U663,ACCT1050,VM100225,2026-05-06 00:00:00,Storage,SKU14,27602,sec,2208.16,INR,0.0,0.08,2026-01-01,2026-05-06,2026-05,6,0,Azure,2208.16,0.08,0.0,,,,,,,,,,,,Healthy,Low,0.0
U664,ACCT1064,VM100194,2026-03-01 22:00:00,Network,SKU4,35884,sec,2870.72,INR,100.0,0.08,2026-01-01,2026-03-01,2026-03,1,22,AWS,2970.72,0.08278675732917178,3.48,,,,,,,,,,,,Healthy,Low,0.0
U665,ACCT1062,VM100296,2026-04-22 02:00:00,Storage,SKU6,49792,sec,3983.36,INR,0.0,0.08,2026-01-01,2026-04-22,2026-04,22,2,Azure,3983.36,0.08,0.0,,,,,,,,,,,,Healthy,Low,0.0
U666,ACCT1058,VM100038,2026-05-17 09:00:00,Database,SKU1,2289,sec,183.12,INR,0.0,0.08,2026-01-01,2026-05-17,2026-05,17,9,Azure,183.12,0.08,0.0,,,,,,,,,,,,Healthy,Low,0.0
U667,ACCT1041,VM100134,2026-06-12 10:00:00,Compute,SKU11,6963,sec,557.04,INR,0.0,0.08,2026-01-01,2026-06-12,2026-06,12,10,Azure,557.04,0.08,0.0,,,,,,,,,,,,Healthy,Low,0.0
U668,ACCT1022,VM100193,2026-01-28 11:00:00,Compute,SKU18,48071,sec,3845.68,INR,0.0,0.08,2026-01-01,2026-01-28,2026-01,28,11,GCP,3845.68,0.08,0.0,,,,,,,,,,,,Healthy,Low,0.0
U669,ACCT1012,VM100174,2026-04-12 09:00:00,Network,SKU1,40315,sec,3225.2,INR,0.0,0.08,2026-01-01,2026-04-12,2026-04,12,9,AWS,3225.2,0.08,0.0,,,,,,,,,,,,Healthy,Low,0.0
U670,ACCT1056,VM100085,2026-04-14 15:00:00,Storage,SKU2,28555,sec,2284.4,INR,0.0,0.08,2026-01-01,2026-04-14,2026-04,14,15,GCP,2284.4,0.08,0.0,,,,,,,,,,,,Healthy,Low,0.0
U671,ACCT1013,VM100170,2026-02-05 01:00:00,Network,SKU18,12550,sec,1004.0,INR,0.0,0.08,2026-01-01,2026-02-05,2026-02,5,1,Azure,1004.0,0.08,0.0,,,,,,,,,,,,Healthy,Low,0.0
U672,ACCT1093,VM100277,2026-02-15 06:00:00,Database,SKU10,43392,sec,3471.36,INR,100.0,0.08,2026-01-01,2026-02-15,2026-02,15,6,GCP,3571.36,0.08230457227138643,2.88,,,,,,,,,,,,Healthy,Low,0.0
U673,ACCT1031,VM100050,2026-01-09 11:00:00,Network,SKU5,25849,sec,2067.92,INR,0.0,0.08,2026-01-01,2026-01-09,2026-01,9,11,Azure,2067.92,0.08,0.0,,,,,,,,,,,,Healthy,Low,0.0
U674,ACCT1007,VM100185,2026-01-01 15:00:00,Compute,SKU10,28123,sec,2249.84,INR,0.0,0.08,2026-01-01,2026-01-01,2026-01,1,15,GCP,2249.84,0.08,0.0,,,,,,,,,,,,Healthy,Low,0.0
U675,ACCT1085,VM100246,2026-02-04 01:00:00,Compute,SKU7,6456,sec,516.48,INR,0.0,0.08,2026-01-01,2026-02-04,2026-02,4,1,Azure,516.48,0.08,0.0,,,,,,,,,,,,Healthy,Low,0.0
U676,ACCT1022,VM100150,2026-01-14 23:00:00,Compute,SKU10,31135,sec,2490.8,INR,0.0,0.08,2026-01-01,2026-01-14,2026-01,14,23,GCP,2490.8,0.08,0.0,,,,,,,,,,,,Healthy,Low,0.0
U677,ACCT1051,VM100242,2026-03-25 11:00:00,Database,SKU3,43421,sec,3473.68,INR,0.0,0.08,2026-01-01,2026-03-25,2026-03,25,11,GCP,3473.68,0.08,0.0,,,,,,,,,,,,Healthy,Low,0.0
U678,ACCT1083,VM100279,2026-03-08 03:00:00,Database,SKU13,12216,sec,977.28,INR,0.0,0.08,2026-01-01,2026-03-08,2026-03,8,3,GCP,977.28,0.08,0.0,,,,,,,,,,,,Healthy,Low,0.0
U679,ACCT1048,VM100096,2026-03-18 01:00:00,Database,SKU15,3024,sec,241.92,INR,0.0,0.08,2026-01-01,2026-03-18,2026-03,18,1,AWS,241.92,0.08,0.0,,,,,,,,,,,,Healthy,Low,0.0
U680,ACCT1060,VM100135,2026-02-08 14:00:00,Compute,SKU5,17700,sec,1416.0,INR,100.0,0.08,2026-01-01,2026-02-08,2026-02,8,14,GCP,1516.0,0.0856497175141243,7.06,,,,,,,,,,,,Healthy,Low,0.0
U681,ACCT1097,VM100050,2026-01-15 15:00:00,Database,SKU18,43887,sec,3510.96,INR,0.0,0.08,2026-01-01,2026-01-15,2026-01,15,15,AWS,3510.96,0.08,0.0,,,,,,,,,,,,Healthy,Low,0.0
U682,ACCT1053,VM100117,2026-04-05 11:00:00,Network,SKU17,4096,sec,327.68,INR,0.0,0.08,2026-01-01,2026-04-05,2026-04,5,11,Azure,327.68,0.08,0.0,,,,,,,,,,,,Healthy,Low,0.0
U683,ACCT1054,VM100275,2026-04-28 06:00:00,Storage,SKU16,31218,sec,2497.44,INR,0.0,0.08,2026-01-01,2026-04-28,2026-04,28,6,GCP,2497.44,0.08,0.0,,,,,,,,,,,,Healthy,Low,0.0
U684,ACCT1039,VM100041,2026-03-09 09:00:00,Compute,SKU17,46912,sec,3752.96,INR,0.0,0.08,2026-01-01,2026-03-09,2026-03,9,9,Azure,3752.96,0.08,0.0,,,,,,,,,,,,Healthy,Low,0.0
U685,ACCT1074,VM100265,2026-05-17 14:00:00,Storage,SKU4,37552,sec,3004.16,INR,0.0,0.08,2026-01-01,2026-05-17,2026-05,17,14,Azure,3004.16,0.08,0.0,,,,,,,,,,,,Healthy,Low,0.0
U686,ACCT1097,VM100230,2026-01-30 12:00:00,Storage,SKU7,11055,sec,884.4,INR,0.0,0.08,2026-01-01,2026-01-30,2026-01,30,12,GCP,884.4,0.08,0.0,,,,,,,,,,,,Healthy,Low,0.0
U687,ACCT1017,VM100022,2026-03-14 06:00:00,Network,SKU7,5235,sec,418.8,INR,0.0,0.08,2026-01-01,2026-03-14,2026-03,14,6,AWS,418.8,0.08,0.0,,,,,,,,,,,,Healthy,Low,0.0
U688,ACCT1081,VM100076,2026-05-23 08:00:00,Database,SKU11,39097,sec,3127.76,INR,100.0,0.08,2026-01-01,2026-05-23,2026-05,23,8,GCP,3227.76,0.08255774100314603,3.2,,,,,,,,,,,,Healthy,Low,0.0
U689,ACCT1094,VM100035,2026-01-15 20:00:00,Network,SKU18,25534,sec,2042.72,INR,0.0,0.08,2026-01-01,2026-01-15,2026-01,15,20,Azure,2042.72,0.08,0.0,,,,,,,,,,,,Healthy,Low,0.0
U690,ACCT1042,VM100142,2026-03-30 16:00:00,Compute,SKU20,30125,sec,2410.0,INR,0.0,0.08,2026-01-01,2026-03-30,2026-03,30,16,Azure,2410.0,0.08,0.0,,,,,,,,,,,,Healthy,Low,0.0
U691,ACCT1076,VM100268,2026-05-14 09:00:00,Compute,SKU14,27598,sec,2207.84,INR,0.0,0.08,2026-01-01,2026-05-14,2026-05,14,9,GCP,2207.84,0.08,0.0,,,,,,,,,,,,Healthy,Low,0.0
U692,ACCT1020,VM100076,2026-04-07 16:00:00,Compute,SKU4,38630,sec,3090.4,INR,0.0,0.08,2026-01-01,2026-04-07,2026-04,7,16,AWS,3090.4,0.08,0.0,,,,,,,,,,,,Healthy,Low,0.0
U693,ACCT1073,VM100052,2026-05-15 02:00:00,Database,SKU14,18849,sec,1507.92,INR,0.0,0.08,2026-01-01,2026-05-15,2026-05,15,2,AWS,1507.92,0.08,0.0,,,,,,,,,,,,Healthy,Low,0.0
U694,ACCT1034,VM100197,2026-04-22 18:00:00,Network,SKU2,31923,sec,2553.84,INR,0.0,0.08,2026-01-01,2026-04-22,2026-04,22,18,Azure,2553.84,0.08,0.0,,,,,,,,,,,,Healthy,Low,0.0
U695,ACCT1023,VM100142,2026-03-10 18:00:00,Network,SKU2,9527,sec,762.16,INR,0.0,0.08,2026-01-01,2026-03-10,2026-03,10,18,Azure,762.16,0.08,0.0,,,,,,,,,,,,Healthy,Low,0.0
U696,ACCT1051,VM100170,2026-04-28 20:00:00,Compute,SKU16,15669,sec,1253.52,INR,100.0,0.08,2026-01-01,2026-04-28,2026-04,28,20,AWS,1353.52,0.08638202820856468,7.98,,,,,,,,,,,,Healthy,Low,0.0
U697,ACCT1035,VM100191,2026-01-04 10:00:00,Database,SKU10,22242,sec,1779.36,INR,0.0,0.08,2026-01-01,2026-01-04,2026-01,4,10,GCP,1779.36,0.08,0.0,,,,,,,,,,,,Healthy,Low,0.0
U698,ACCT1036,VM100252,2026-05-27 11:00:00,Compute,SKU8,45725,sec,3658.0,INR,0.0,0.08,2026-01-01,2026-05-27,2026-05,27,11,Azure,3658.0,0.08,0.0,,,,,,,,,,,,Healthy,Low,0.0
U699,ACCT1018,VM100154,2026-06-16 06:00:00,Network,SKU11,48840,sec,3907.2,INR,0.0,0.08,2026-01-01,2026-06-16,2026-06,16,6,AWS,3907.2,0.08,0.0,,,,,,,,,,,,Healthy,Low,0.0
U700,ACCT1035,VM100214,2026-04-14 05:00:00,Compute,SKU7,42407,sec,3392.56,INR,0.0,0.08,2026-01-01,2026-04-14,2026-04,14,5,Azure,3392.56,0.08,0.0,,,,,,,,,,,,Healthy,Low,0.0
U701,ACCT1057,VM100109,2026-06-05 21:00:00,Network,SKU17,26784,sec,2142.72,INR,0.0,0.08,2026-01-01,2026-06-05,2026-06,5,21,GCP,2142.72,0.07999999999999999,0.0,,,,,,,,,,,,Healthy,Low,0.0
U702,ACCT1048,VM100029,2026-03-29 22:00:00,Compute,SKU10,10518,sec,841.44,INR,0.0,0.08,2026-01-01,2026-03-29,2026-03,29,22,AWS,841.44,0.08,0.0,,,,,,,,,,,,Healthy,Low,0.0
U703,ACCT1091,VM100260,2026-03-10 20:00:00,Compute,SKU6,8989,sec,719.12,INR,0.0,0.08,2026-01-01,2026-03-10,2026-03,10,20,Azure,719.12,0.08,0.0,,,,,,,,,,,,Healthy,Low,0.0
U704,ACCT1025,VM100103,2026-05-23 20:00:00,Storage,SKU2,3876,sec,310.08,INR,100.0,0.08,2026-01-01,2026-05-23,2026-05,23,20,GCP,410.08,0.10579979360165118,32.25,,,,,,,,,,,,Healthy,Low,0.0
U705,ACCT1059,VM100026,2026-06-06 16:00:00,Storage,SKU9,23717,sec,1897.36,INR,0.0,0.08,2026-01-01,2026-06-06,2026-06,6,16,Azure,1897.36,0.08,0.0,,,,,,,,,,,,Healthy,Low,0.0
U706,ACCT1048,VM100238,2026-03-28 04:00:00,Compute,SKU1,26114,sec,2089.12,INR,0.0,0.08,2026-01-01,2026-03-28,2026-03,28,4,GCP,2089.12,0.08,0.0,,,,,,,,,,,,Healthy,Low,0.0
U707,ACCT1031,VM100191,2026-03-25 10:00:00,Network,SKU6,39031,sec,3122.48,INR,0.0,0.08,2026-01-01,2026-03-25,2026-03,25,10,GCP,3122.48,0.08,0.0,,,,,,,,,,,,Healthy,Low,0.0
U708,ACCT1061,VM100283,2026-03-01 16:00:00,Storage,SKU9,22660,sec,1812.8,INR,0.0,0.08,2026-01-01,2026-03-01,2026-03,1,16,AWS,1812.8,0.08,0.0,,,,,,,,,,,,Healthy,Low,0.0
U709,ACCT1096,VM100047,2026-02-18 15:00:00,Network,SKU2,1898,sec,151.84,INR,0.0,0.08,2026-01-01,2026-02-18,2026-02,18,15,GCP,151.84,0.08,0.0,,,,,,,,,,,,Healthy,Low,0.0
U710,ACCT1021,VM100293,2026-05-14 02:00:00,Storage,SKU8,14145,sec,1131.6,INR,0.0,0.08,2026-01-01,2026-05-14,2026-05,14,2,Azure,1131.6,0.07999999999999999,0.0,,,,,,,,,,,,Healthy,Low,0.0
U711,ACCT1087,VM100106,2026-02-15 22:00:00,Network,SKU17,42802,sec,3424.16,INR,0.0,0.08,2026-01-01,2026-02-15,2026-02,15,22,GCP,3424.16,0.08,0.0,,,,,,,,,,,,Healthy,Low,0.0
U712,ACCT1003,VM100005,2026-03-22 21:00:00,Storage,SKU20,8771,sec,701.68,INR,100.0,0.08,2026-01-01,2026-03-22,2026-03,22,21,GCP,801.68,0.09140120852810397,14.25,,,,,,,,,,,,Healthy,Low,0.0
U713,ACCT1002,VM100115,2026-02-13 01:00:00,Database,SKU9,39968,sec,3197.44,INR,0.0,0.08,2026-01-01,2026-02-13,2026-02,13,1,AWS,3197.44,0.08,0.0,,,,,,,,,,,,Healthy,Low,0.0
U714,ACCT1055,VM100193,2026-05-26 08:00:00,Network,SKU9,22953,sec,1836.24,INR,0.0,0.08,2026-01-01,2026-05-26,2026-05,26,8,GCP,1836.24,0.08,0.0,,,,,,,,,,,,Healthy,Low,0.0
U715,ACCT1028,VM100239,2026-02-21 13:00:00,Network,SKU19,44480,sec,3558.4,INR,0.0,0.08,2026-01-01,2026-02-21,2026-02,21,13,GCP,3558.4,0.08,0.0,,,,,,,,,,,,Healthy,Low,0.0
U716,ACCT1014,VM100004,2026-03-29 07:00:00,Database,SKU18,43508,sec,3480.64,INR,0.0,0.08,2026-01-01,2026-03-29,2026-03,29,7,Azure,3480.64,0.08,0.0,,,,,,,,,,,,Healthy,Low,0.0
U717,ACCT1083,VM100145,2026-02-20 22:00:00,Compute,SKU16,44953,sec,3596.24,INR,0.0,0.08,2026-01-01,2026-02-20,2026-02,20,22,AWS,3596.24,0.08,0.0,,,,,,,,,,,,Healthy,Low,0.0
U718,ACCT1009,VM100173,2026-02-17 04:00:00,Database,SKU9,42082,sec,3366.56,INR,0.0,0.08,2026-01-01,2026-02-17,2026-02,17,4,AWS,3366.56,0.08,0.0,,,,,,,,,,,,Healthy,Low,0.0
U719,ACCT1034,VM100153,2026-02-02 03:00:00,Storage,SKU2,9925,sec,794.0,INR,0.0,0.08,2026-01-01,2026-02-02,2026-02,2,3,AWS,794.0,0.08,0.0,,,,,,,,,,,,Healthy,Low,0.0
U720,ACCT1077,VM100207,2026-04-23 17:00:00,Storage,SKU1,21044,sec,1683.52,INR,100.0,0.08,2026-01-01,2026-04-23,2026-04,23,17,GCP,1783.52,0.0847519482988025,5.94,,,,,,,,,,,,Healthy,Low,0.0
U721,ACCT1084,VM100255,2026-02-20 10:00:00,Network,SKU13,17101,sec,1368.08,INR,0.0,0.08,2026-01-01,2026-02-20,2026-02,20,10,AWS,1368.08,0.08,0.0,,,,,,,,,,,,Healthy,Low,0.0
U722,ACCT1050,VM100019,2026-04-10 12:00:00,Storage,SKU11,46504,sec,3720.32,INR,0.0,0.08,2026-01-01,2026-04-10,2026-04,10,12,GCP,3720.32,0.08,0.0,,,,,,,,,,,,Healthy,Low,0.0
U723,ACCT1093,VM100114,2026-04-28 03:00:00,Network,SKU12,35137,sec,2810.96,INR,0.0,0.08,2026-01-01,2026-04-28,2026-04,28,3,GCP,2810.96,0.08,0.0,,,,,,,,,,,,Healthy,Low,0.0
U724,ACCT1065,VM100154,2026-05-25 06:00:00,Storage,SKU10,11240,sec,899.2,INR,0.0,0.08,2026-01-01,2026-05-25,2026-05,25,6,Azure,899.2,0.08,0.0,,,,,,,,,,,,Healthy,Low,0.0
U725,ACCT1013,VM100242,2026-01-22 20:00:00,Database,SKU18,48656,sec,3892.48,INR,0.0,0.08,2026-01-01,2026-01-22,2026-01,22,20,Azure,3892.48,0.08,0.0,,,,,,,,,,,,Healthy,Low,0.0
U726,ACCT1098,VM100094,2026-06-11 14:00:00,Database,SKU3,44645,sec,3571.6,INR,0.0,0.08,2026-01-01,2026-06-11,2026-06,11,14,Azure,3571.6,0.08,0.0,,,,,,,,,,,,Healthy,Low,0.0
U727,ACCT1029,VM100182,2026-02-08 02:00:00,Database,SKU14,48872,sec,3909.76,INR,0.0,0.08,2026-01-01,2026-02-08,2026-02,8,2,Azure,3909.76,0.08,0.0,,,,,,,,,,,,Healthy,Low,0.0
U728,ACCT1043,VM100191,2026-02-14 11:00:00,Database,SKU15,38475,sec,3078.0,INR,100.0,0.08,2026-01-01,2026-02-14,2026-02,14,11,Azure,3178.0,0.08259909031838857,3.25,,,,,,,,,,,,Healthy,Low,0.0
U729,ACCT1016,VM100241,2026-01-10 03:00:00,Compute,SKU16,41675,sec,3334.0,INR,0.0,0.08,2026-01-01,2026-01-10,2026-01,10,3,GCP,3334.0,0.08,0.0,,,,,,,,,,,,Healthy,Low,0.0
U730,ACCT1025,VM100257,2026-01-21 10:00:00,Network,SKU17,44710,sec,3576.8,INR,0.0,0.08,2026-01-01,2026-01-21,2026-01,21,10,GCP,3576.8,0.08,0.0,,,,,,,,,,,,Healthy,Low,0.0
U731,ACCT1039,VM100212,2026-01-10 05:00:00,Storage,SKU7,9981,sec,798.48,INR,0.0,0.08,2026-01-01,2026-01-10,2026-01,10,5,AWS,798.48,0.08,0.0,,,,,,,,,,,,Healthy,Low,0.0
U732,ACCT1044,VM100210,2026-04-08 04:00:00,Storage,SKU11,30087,sec,2406.96,INR,0.0,0.08,2026-01-01,2026-04-08,2026-04,8,4,GCP,2406.96,0.08,0.0,,,,,,,,,,,,Healthy,Low,0.0
U733,ACCT1092,VM100093,2026-05-13 22:00:00,Network,SKU11,5396,sec,431.68,INR,0.0,0.08,2026-01-01,2026-05-13,2026-05,13,22,GCP,431.68,0.08,0.0,,,,,,,,,,,,Healthy,Low,0.0
U734,ACCT1081,VM100091,2026-02-23 11:00:00,Compute,SKU1,41682,sec,3334.56,INR,0.0,0.08,2026-01-01,2026-02-23,2026-02,23,11,Azure,3334.56,0.08,0.0,,,,,,,,,,,,Healthy,Low,0.0
U735,ACCT1058,VM100141,2026-02-05 17:00:00,Storage,SKU19,49985,sec,3998.8,INR,0.0,0.08,2026-01-01,2026-02-05,2026-02,5,17,GCP,3998.8,0.08,0.0,,,,,,,,,,,,Healthy,Low,0.0
U736,ACCT1098,VM100082,2026-03-25 13:00:00,Storage,SKU20,5869,sec,469.52,INR,100.0,0.08,2026-01-01,2026-03-25,2026-03,25,13,Azure,569.52,0.09703867779860283,21.3,,,,,,,,,,,,Healthy,Low,0.0
U737,ACCT1056,VM100220,2026-03-10 20:00:00,Network,SKU13,28216,sec,2257.28,INR,0.0,0.08,2026-01-01,2026-03-10,2026-03,10,20,AWS,2257.28,0.08,0.0,,,,,,,,,,,,Healthy,Low,0.0
U738,ACCT1001,VM100020,2026-04-02 02:00:00,Database,SKU1,13168,sec,1053.44,INR,0.0,0.08,2026-01-01,2026-04-02,2026-04,2,2,AWS,1053.44,0.08,0.0,,,,,,,,,,,,Healthy,Low,0.0
U739,ACCT1042,VM100272,2026-02-02 12:00:00,Compute,SKU8,1274,sec,101.92,INR,0.0,0.08,2026-01-01,2026-02-02,2026-02,2,12,GCP,101.92,0.08,0.0,,,,,,,,,,,,Healthy,Low,0.0
U740,ACCT1029,VM100177,2026-02-23 06:00:00,Compute,SKU13,8549,sec,683.92,INR,0.0,0.08,2026-01-01,2026-02-23,2026-02,23,6,AWS,683.92,0.08,0.0,,,,,,,,,,,,Healthy,Low,0.0
U741,ACCT1065,VM100157,2026-01-29 12:00:00,Compute,SKU10,4378,sec,350.24,INR,0.0,0.08,2026-01-01,2026-01-29,2026-01,29,12,GCP,350.24,0.08,0.0,,,,,,,,,,,,Healthy,Low,0.0
U742,ACCT1038,VM100234,2026-05-05 05:00:00,Database,SKU14,34197,sec,2735.76,INR,0.0,0.08,2026-01-01,2026-05-05,2026-05,5,5,AWS,2735.76,0.08,0.0,,,,,,,,,,,,Healthy,Low,0.0
U743,ACCT1088,VM100069,2026-02-28 11:00:00,Database,SKU7,32224,sec,2577.92,INR,0.0,0.08,2026-01-01,2026-02-28,2026-02,28,11,Azure,2577.92,0.08,0.0,,,,,,,,,,,,Healthy,Low,0.0
U744,ACCT1022,VM100207,2026-01-04 06:00:00,Storage,SKU5,15069,sec,1205.52,INR,100.0,0.08,2026-01-01,2026-01-04,2026-01,4,6,Azure,1305.52,0.0866361404207313,8.3,,,,,,,,,,,,Healthy,Low,0.0
U745,ACCT1028,VM100012,2026-04-11 15:00:00,Storage,SKU4,33171,sec,2653.68,INR,0.0,0.08,2026-01-01,2026-04-11,2026-04,11,15,Azure,2653.68,0.08,0.0,,,,,,,,,,,,Healthy,Low,0.0
U746,ACCT1047,VM100020,2026-03-06 00:00:00,Database,SKU18,42064,sec,3365.12,INR,0.0,0.08,2026-01-01,2026-03-06,2026-03,6,0,Azure,3365.12,0.08,0.0,,,,,,,,,,,,Healthy,Low,0.0
U747,ACCT1080,VM100025,2026-04-12 08:00:00,Compute,SKU1,3243,sec,259.44,INR,0.0,0.08,2026-01-01,2026-04-12,2026-04,12,8,GCP,259.44,0.08,0.0,,,,,,,,,,,,Healthy,Low,0.0
U748,ACCT1007,VM100060,2026-03-13 03:00:00,Network,SKU4,29218,sec,2337.44,INR,0.0,0.08,2026-01-01,2026-03-13,2026-03,13,3,AWS,2337.44,0.08,0.0,,,,,,,,,,,,Healthy,Low,0.0
U749,ACCT1071,VM100130,2026-03-22 23:00:00,Storage,SKU7,46097,sec,3687.76,INR,0.0,0.08,2026-01-01,2026-03-22,2026-03,22,23,GCP,3687.76,0.08,0.0,,,,,,,,,,,,Healthy,Low,0.0
U750,ACCT1089,VM100005,2026-02-21 09:00:00,Compute,SKU17,27682,sec,2214.56,INR,0.0,0.08,2026-01-01,2026-02-21,2026-02,21,9,Azure,2214.56,0.08,0.0,,,,,,,,,,,,Healthy,Low,0.0
U751,ACCT1035,VM100071,2026-03-13 11:00:00,Compute,SKU10,6975,sec,558.0,INR,0.0,0.08,2026-01-01,2026-03-13,2026-03,13,11,GCP,558.0,0.08,0.0,,,,,,,,,,,,Healthy,Low,0.0
U752,ACCT1015,VM100055,2026-03-26 22:00:00,Storage,SKU9,13118,sec,1049.44,INR,100.0,0.08,2026-01-01,2026-03-26,2026-03,26,22,AWS,1149.44,0.08762311327946334,9.53,,,,,,,,,,,,Healthy,Low,0.0
U753,ACCT1067,VM100104,2026-03-03 02:00:00,Network,SKU10,46200,sec,3696.0,INR,0.0,0.08,2026-01-01,2026-03-03,2026-03,3,2,GCP,3696.0,0.08,0.0,,,,,,,,,,,,Healthy,Low,0.0
U754,ACCT1021,VM100021,2026-04-04 13:00:00,Storage,SKU16,32629,sec,2610.32,INR,0.0,0.08,2026-01-01,2026-04-04,2026-04,4,13,AWS,2610.32,0.08,0.0,,,,,,,,,,,,Healthy,Low,0.0
U755,ACCT1043,VM100121,2026-01-01 11:00:00,Compute,SKU4,935,sec,74.8,INR,0.0,0.08,2026-01-01,2026-01-01,2026-01,1,11,GCP,74.8,0.08,0.0,,,,,,,,,,,,Healthy,Low,0.0
U756,ACCT1074,VM100253,2026-01-26 10:00:00,Compute,SKU4,6003,sec,480.24,INR,0.0,0.08,2026-01-01,2026-01-26,2026-01,26,10,AWS,480.24,0.08,0.0,,,,,,,,,,,,Healthy,Low,0.0
U757,ACCT1033,VM100119,2026-03-19 22:00:00,Database,SKU15,19500,sec,1560.0,INR,0.0,0.08,2026-01-01,2026-03-19,2026-03,19,22,AWS,1560.0,0.08,0.0,,,,,,,,,,,,Healthy,Low,0.0
U758,ACCT1007,VM100052,2026-05-19 18:00:00,Compute,SKU10,11549,sec,923.92,INR,0.0,0.08,2026-01-01,2026-05-19,2026-05,19,18,Azure,923.92,0.08,0.0,,,,,,,,,,,,Healthy,Low,0.0
U759,ACCT1047,VM100161,2026-03-14 16:00:00,Compute,SKU4,48500,sec,3880.0,INR,0.0,0.08,2026-01-01,2026-03-14,2026-03,14,16,AWS,3880.0,0.08,0.0,,,,,,,,,,,,Healthy,Low,0.0
U760,ACCT1098,VM100024,2026-01-02 15:00:00,Storage,SKU11,9169,sec,733.52,INR,100.0,0.08,2026-01-01,2026-01-02,2026-01,2,15,Azure,833.52,0.09090631475624386,13.63,,,,,,,,,,,,Healthy,Low,0.0
U761,ACCT1046,VM100225,2026-06-13 00:00:00,Database,SKU3,40850,sec,3268.0,INR,0.0,0.08,2026-01-01,2026-06-13,2026-06,13,0,Azure,3268.0,0.08,0.0,,,,,,,,,,,,Healthy,Low,0.0
U762,ACCT1048,VM100176,2026-02-01 05:00:00,Network,SKU13,7560,sec,604.8,INR,0.0,0.08,2026-01-01,2026-02-01,2026-02,1,5,Azure,604.8,0.07999999999999999,0.0,,,,,,,,,,,,Healthy,Low,0.0
U763,ACCT1059,VM100140,2026-05-23 15:00:00,Network,SKU14,25378,sec,2030.24,INR,0.0,0.08,2026-01-01,2026-05-23,2026-05,23,15,GCP,2030.24,0.08,0.0,,,,,,,,,,,,Healthy,Low,0.0
U764,ACCT1084,VM100086,2026-01-20 07:00:00,Compute,SKU6,8784,sec,702.72,INR,0.0,0.08,2026-01-01,2026-01-20,2026-01,20,7,GCP,702.72,0.08,0.0,,,,,,,,,,,,Healthy,Low,0.0
U765,ACCT1014,VM100214,2026-06-05 12:00:00,Network,SKU19,38815,sec,3105.2,INR,0.0,0.08,2026-01-01,2026-06-05,2026-06,5,12,GCP,3105.2,0.08,0.0,,,,,,,,,,,,Healthy,Low,0.0
U766,ACCT1087,VM100225,2026-01-31 22:00:00,Network,SKU12,40163,sec,3213.04,INR,0.0,0.08,2026-01-01,2026-01-31,2026-01,31,22,GCP,3213.04,0.08,0.0,,,,,,,,,,,,Healthy,Low,0.0
U767,ACCT1079,VM100015,2026-05-28 05:00:00,Storage,SKU16,44957,sec,3596.56,INR,0.0,0.08,2026-01-01,2026-05-28,2026-05,28,5,AWS,3596.56,0.08,0.0,,,,,,,,,,,,Healthy,Low,0.0
U768,ACCT1063,VM100058,2026-06-01 11:00:00,Network,SKU2,27053,sec,2164.24,INR,100.0,0.08,2026-01-01,2026-06-01,2026-06,1,11,AWS,2264.24,0.08369644771374708,4.62,,,,,,,,,,,,Healthy,Low,0.0
U769,ACCT1009,VM100134,2026-04-22 18:00:00,Compute,SKU17,20693,sec,1655.44,INR,0.0,0.08,2026-01-01,2026-04-22,2026-04,22,18,GCP,1655.44,0.08,0.0,,,,,,,,,,,,Healthy,Low,0.0
U770,ACCT1099,VM100296,2026-05-04 12:00:00,Storage,SKU11,37128,sec,2970.24,INR,0.0,0.08,2026-01-01,2026-05-04,2026-05,4,12,AWS,2970.24,0.07999999999999999,0.0,,,,,,,,,,,,Healthy,Low,0.0
U771,ACCT1067,VM100268,2026-04-28 11:00:00,Compute,SKU14,46013,sec,3681.04,INR,0.0,0.08,2026-01-01,2026-04-28,2026-04,28,11,AWS,3681.04,0.08,0.0,,,,,,,,,,,,Healthy,Low,0.0
U772,ACCT1085,VM100128,2026-03-24 05:00:00,Network,SKU5,22759,sec,1820.72,INR,0.0,0.08,2026-01-01,2026-03-24,2026-03,24,5,Azure,1820.72,0.08,0.0,,,,,,,,,,,,Healthy,Low,0.0
U773,ACCT1072,VM100028,2026-01-02 23:00:00,Storage,SKU17,42265,sec,3381.2,INR,0.0,0.08,2026-01-01,2026-01-02,2026-01,2,23,Azure,3381.2,0.08,0.0,,,,,,,,,,,,Healthy,Low,0.0
U774,ACCT1061,VM100254,2026-05-29 09:00:00,Compute,SKU16,10939,sec,875.12,INR,0.0,0.08,2026-01-01,2026-05-29,2026-05,29,9,Azure,875.12,0.08,0.0,,,,,,,,,,,,Healthy,Low,0.0
U775,ACCT1042,VM100124,2026-02-26 11:00:00,Compute,SKU17,18329,sec,1466.32,INR,0.0,0.08,2026-01-01,2026-02-26,2026-02,26,11,Azure,1466.32,0.08,0.0,,,,,,,,,,,,Healthy,Low,0.0
U776,ACCT1029,VM100282,2026-04-20 19:00:00,Network,SKU8,24914,sec,1993.12,INR,100.0,0.08,2026-01-01,2026-04-20,2026-04,20,19,AWS,2093.12,0.0840138074977924,5.02,,,,,,,,,,,,Healthy,Low,0.0
U777,ACCT1011,VM100236,2026-03-17 19:00:00,Network,SKU3,37654,sec,3012.32,INR,0.0,0.08,2026-01-01,2026-03-17,2026-03,17,19,GCP,3012.32,0.08,0.0,,,,,,,,,,,,Healthy,Low,0.0
U778,ACCT1064,VM100229,2026-02-23 22:00:00,Network,SKU1,7879,sec,630.32,INR,0.0,0.08,2026-01-01,2026-02-23,2026-02,23,22,AWS,630.32,0.08,0.0,,,,,,,,,,,,Healthy,Low,0.0
U779,ACCT1014,VM100207,2026-03-12 08:00:00,Compute,SKU3,2448,sec,195.84,INR,0.0,0.08,2026-01-01,2026-03-12,2026-03,12,8,AWS,195.84,0.08,0.0,,,,,,,,,,,,Healthy,Low,0.0
U780,ACCT1078,VM100156,2026-06-01 21:00:00,Storage,SKU15,33414,sec,2673.12,INR,0.0,0.08,2026-01-01,2026-06-01,2026-06,1,21,AWS,2673.12,0.08,0.0,,,,,,,,,,,,Healthy,Low,0.0
U781,ACCT1044,VM100187,2026-05-21 20:00:00,Storage,SKU15,3656,sec,292.48,INR,0.0,0.08,2026-01-01,2026-05-21,2026-05,21,20,Azure,292.48,0.08,0.0,,,,,,,,,,,,Healthy,Low,0.0
U782,ACCT1043,VM100287,2026-05-11 23:00:00,Network,SKU12,40716,sec,3257.28,INR,0.0,0.08,2026-01-01,2026-05-11,2026-05,11,23,Azure,3257.28,0.08,0.0,,,,,,,,,,,,Healthy,Low,0.0
U783,ACCT1092,VM100232,2026-01-20 11:00:00,Storage,SKU1,6485,sec,518.8,INR,0.0,0.08,2026-01-01,2026-01-20,2026-01,20,11,Azure,518.8,0.07999999999999999,0.0,,,,,,,,,,,,Healthy,Low,0.0
U784,ACCT1044,VM100182,2026-05-22 15:00:00,Database,SKU18,41627,sec,3330.16,INR,100.0,0.08,2026-01-01,2026-05-22,2026-05,22,15,GCP,3430.16,0.0824022869772023,3.0,ap-south-1,Charlie,Prod,6.0,56.0,20.0,ON_DEMAND,Running,6.0,100.0,Excellent,Healthy,Low,0.0
U785,ACCT1067,VM100192,2026-04-30 19:00:00,Compute,SKU6,7067,sec,565.36,INR,0.0,0.08,2026-01-01,2026-04-30,2026-04,30,19,AWS,565.36,0.08,0.0,,,,,,,,,,,,Healthy,Low,0.0
U786,ACCT1064,VM100072,2026-05-21 06:00:00,Network,SKU4,47079,sec,3766.32,INR,0.0,0.08,2026-01-01,2026-05-21,2026-05,21,6,GCP,3766.32,0.08,0.0,,,,,,,,,,,,Healthy,Low,0.0
U787,ACCT1033,VM100101,2026-02-02 00:00:00,Network,SKU7,8013,sec,641.04,INR,0.0,0.08,2026-01-01,2026-02-02,2026-02,2,0,Azure,641.04,0.08,0.0,,,,,,,,,,,,Healthy,Low,0.0
U788,ACCT1059,VM100098,2026-05-03 07:00:00,Compute,SKU14,22246,sec,1779.68,INR,0.0,0.08,2026-01-01,2026-05-03,2026-05,3,7,GCP,1779.68,0.08,0.0,,,,,,,,,,,,Healthy,Low,0.0
U789,ACCT1006,VM100064,2026-05-12 18:00:00,Network,SKU19,29624,sec,2369.92,INR,0.0,0.08,2026-01-01,2026-05-12,2026-05,12,18,AWS,2369.92,0.08,0.0,,,,,,,,,,,,Healthy,Low,0.0
U790,ACCT1065,VM100069,2026-06-14 11:00:00,Compute,SKU17,32791,sec,2623.28,INR,0.0,0.08,2026-01-01,2026-06-14,2026-06,14,11,AWS,2623.28,0.08,0.0,,,,,,,,,,,,Healthy,Low,0.0
U791,ACCT1095,VM100025,2026-04-05 10:00:00,Network,SKU17,28464,sec,2277.12,INR,0.0,0.08,2026-01-01,2026-04-05,2026-04,5,10,Azure,2277.12,0.08,0.0,,,,,,,,,,,,Healthy,Low,0.0
U792,ACCT1100,VM100091,2026-04-29 01:00:00,Storage,SKU5,38016,sec,3041.28,INR,100.0,0.08,2026-01-01,2026-04-29,2026-04,29,1,Azure,3141.28,0.08263047138047139,3.29,,,,,,,,,,,,Healthy,Low,0.0
U793,ACCT1014,VM100199,2026-04-23 05:00:00,Database,SKU17,39457,sec,3156.56,INR,0.0,0.08,2026-01-01,2026-04-23,2026-04,23,5,GCP,3156.56,0.08,0.0,,,,,,,,,,,,Healthy,Low,0.0
U794,ACCT1050,VM100215,2026-04-14 22:00:00,Storage,SKU9,45484,sec,3638.72,INR,0.0,0.08,2026-01-01,2026-04-14,2026-04,14,22,Azure,3638.72,0.08,0.0,,,,,,,,,,,,Healthy,Low,0.0
U795,ACCT1051,VM100176,2026-06-15 15:00:00,Network,SKU5,19378,sec,1550.24,INR,0.0,0.08,2026-01-01,2026-06-15,2026-06,15,15,Azure,1550.24,0.08,0.0,,,,,,,,,,,,Healthy,Low,0.0
U796,ACCT1018,VM100212,2026-04-13 19:00:00,Database,SKU18,45976,sec,3678.08,INR,0.0,0.08,2026-01-01,2026-04-13,2026-04,13,19,AWS,3678.08,0.08,0.0,,,,,,,,,,,,Healthy,Low,0.0
U797,ACCT1041,VM100284,2026-04-18 23:00:00,Storage,SKU7,14343,sec,1147.44,INR,0.0,0.08,2026-01-01,2026-04-18,2026-04,18,23,Azure,1147.44,0.08,0.0,,,,,,,,,,,,Healthy,Low,0.0
U798,ACCT1080,VM100149,2026-04-28 04:00:00,Storage,SKU6,22729,sec,1818.32,INR,0.0,0.08,2026-01-01,2026-04-28,2026-04,28,4,Azure,1818.32,0.08,0.0,,,,,,,,,,,,Healthy,Low,0.0
U799,ACCT1065,VM100278,2026-04-29 11:00:00,Database,SKU4,41838,sec,3347.04,INR,0.0,0.08,2026-01-01,2026-04-29,2026-04,29,11,AWS,3347.04,0.08,0.0,,,,,,,,,,,,Healthy,Low,0.0
U800,ACCT1098,VM100181,2026-04-06 23:00:00,Network,SKU18,31581,sec,2526.48,INR,100.0,0.08,2026-01-01,2026-04-06,2026-04,6,23,AWS,2626.48,0.08316646084671163,3.96,,,,,,,,,,,,Healthy,Low,0.0
U801,ACCT1037,VM100217,2026-05-18 22:00:00,Compute,SKU1,936,sec,74.88,INR,0.0,0.08,2026-01-01,2026-05-18,2026-05,18,22,GCP,74.88,0.08,0.0,,,,,,,,,,,,Healthy,Low,0.0
U802,ACCT1049,VM100075,2026-01-10 01:00:00,Compute,SKU7,44025,sec,3522.0,INR,0.0,0.08,2026-01-01,2026-01-10,2026-01,10,1,Azure,3522.0,0.08,0.0,,,,,,,,,,,,Healthy,Low,0.0
U803,ACCT1035,VM100083,2026-02-18 21:00:00,Database,SKU5,44886,sec,3590.88,INR,0.0,0.08,2026-01-01,2026-02-18,2026-02,18,21,AWS,3590.88,0.08,0.0,,,,,,,,,,,,Healthy,Low,0.0
U804,ACCT1008,VM100152,2026-02-04 19:00:00,Compute,SKU12,49487,sec,3958.96,INR,0.0,0.08,2026-01-01,2026-02-04,2026-02,4,19,GCP,3958.96,0.08,0.0,,,,,,,,,,,,Healthy,Low,0.0
U805,ACCT1058,VM100053,2026-04-16 03:00:00,Storage,SKU18,44371,sec,3549.68,INR,0.0,0.08,2026-01-01,2026-04-16,2026-04,16,3,GCP,3549.68,0.08,0.0,,,,,,,,,,,,Healthy,Low,0.0
U806,ACCT1050,VM100122,2026-03-29 04:00:00,Database,SKU2,45721,sec,3657.68,INR,0.0,0.08,2026-01-01,2026-03-29,2026-03,29,4,Azure,3657.68,0.08,0.0,,,,,,,,,,,,Healthy,Low,0.0
U807,ACCT1049,VM100199,2026-03-13 02:00:00,Database,SKU18,45001,sec,3600.08,INR,0.0,0.08,2026-01-01,2026-03-13,2026-03,13,2,Azure,3600.08,0.08,0.0,,,,,,,,,,,,Healthy,Low,0.0
U808,ACCT1007,VM100007,2026-05-07 22:00:00,Storage,SKU20,16571,sec,1325.68,INR,100.0,0.08,2026-01-01,2026-05-07,2026-05,7,22,GCP,1425.68,0.08603463882686621,7.54,,,,,,,,,,,,Healthy,Low,0.0
U809,ACCT1100,VM100227,2026-05-22 15:00:00,Database,SKU19,14881,sec,1190.48,INR,0.0,0.08,2026-01-01,2026-05-22,2026-05,22,15,AWS,1190.48,0.08,0.0,,,,,,,,,,,,Healthy,Low,0.0
U810,ACCT1070,VM100101,2026-05-13 11:00:00,Storage,SKU10,47607,sec,3808.56,INR,0.0,0.08,2026-01-01,2026-05-13,2026-05,13,11,GCP,3808.56,0.08,0.0,,,,,,,,,,,,Healthy,Low,0.0
U811,ACCT1058,VM100091,2026-04-27 12:00:00,Storage,SKU6,4980,sec,398.4,INR,0.0,0.08,2026-01-01,2026-04-27,2026-04,27,12,Azure,398.4,0.08,0.0,,,,,,,,,,,,Healthy,Low,0.0
U812,ACCT1095,VM100264,2026-01-21 08:00:00,Compute,SKU14,24820,sec,1985.6,INR,0.0,0.08,2026-01-01,2026-01-21,2026-01,21,8,AWS,1985.6,0.08,0.0,,,,,,,,,,,,Healthy,Low,0.0
U813,ACCT1036,VM100285,2026-02-15 02:00:00,Storage,SKU19,8624,sec,689.92,INR,0.0,0.08,2026-01-01,2026-02-15,2026-02,15,2,AWS,689.92,0.08,0.0,,,,,,,,,,,,Healthy,Low,0.0
U814,ACCT1033,VM100003,2026-02-26 09:00:00,Storage,SKU2,30661,sec,2452.88,INR,0.0,0.08,2026-01-01,2026-02-26,2026-02,26,9,GCP,2452.88,0.08,0.0,,,,,,,,,,,,Healthy,Low,0.0
U815,ACCT1020,VM100166,2026-04-12 20:00:00,Database,SKU16,3432,sec,274.56,INR,0.0,0.08,2026-01-01,2026-04-12,2026-04,12,20,Azure,274.56,0.08,0.0,,,,,,,,,,,,Healthy,Low,0.0
U816,ACCT1074,VM100282,2026-03-03 02:00:00,Database,SKU17,4876,sec,390.08,INR,100.0,0.08,2026-01-01,2026-03-03,2026-03,3,2,GCP,490.08,0.10050861361771944,25.64,,,,,,,,,,,,Healthy,Low,0.0
U817,ACCT1029,VM100095,2026-03-30 20:00:00,Storage,SKU14,4568,sec,365.44,INR,0.0,0.08,2026-01-01,2026-03-30,2026-03,30,20,GCP,365.44,0.08,0.0,,,,,,,,,,,,Healthy,Low,0.0
U818,ACCT1070,VM100275,2026-03-10 20:00:00,Database,SKU8,6125,sec,490.0,INR,0.0,0.08,2026-01-01,2026-03-10,2026-03,10,20,GCP,490.0,0.08,0.0,,,,,,,,,,,,Healthy,Low,0.0
U819,ACCT1028,VM100170,2026-02-26 12:00:00,Database,SKU7,23745,sec,1899.6,INR,0.0,0.08,2026-01-01,2026-02-26,2026-02,26,12,AWS,1899.6,0.08,0.0,,,,,,,,,,,,Healthy,Low,0.0
U820,ACCT1097,VM100272,2026-03-23 01:00:00,Compute,SKU4,36887,sec,2950.96,INR,0.0,0.08,2026-01-01,2026-03-23,2026-03,23,1,AWS,2950.96,0.08,0.0,,,,,,,,,,,,Healthy,Low,0.0
U821,ACCT1086,VM100178,2026-03-18 01:00:00,Storage,SKU2,15851,sec,1268.08,INR,0.0,0.08,2026-01-01,2026-03-18,2026-03,18,1,Azure,1268.08,0.08,0.0,,,,,,,,,,,,Healthy,Low,0.0
U822,ACCT1088,VM100165,2026-03-07 02:00:00,Network,SKU9,7530,sec,602.4,INR,0.0,0.08,2026-01-01,2026-03-07,2026-03,7,2,Azure,602.4,0.08,0.0,,,,,,,,,,,,Healthy,Low,0.0
U823,ACCT1070,VM100145,2026-01-05 05:00:00,Database,SKU17,33973,sec,2717.84,INR,0.0,0.08,2026-01-01,2026-01-05,2026-01,5,5,GCP,2717.84,0.08,0.0,,,,,,,,,,,,Healthy,Low,0.0
U824,ACCT1066,VM100229,2026-03-25 01:00:00,Database,SKU7,2973,sec,237.84,INR,100.0,0.08,2026-01-01,2026-03-25,2026-03,25,1,GCP,337.84000000000003,0.11363605785401952,42.05,,,,,,,,,,,,Healthy,Low,0.0
U825,ACCT1042,VM100264,2026-01-15 01:00:00,Storage,SKU18,6388,sec,511.04,INR,0.0,0.08,2026-01-01,2026-01-15,2026-01,15,1,GCP,511.04,0.08,0.0,,,,,,,,,,,,Healthy,Low,0.0
U826,ACCT1069,VM100004,2026-04-17 23:00:00,Storage,SKU7,4390,sec,351.2,INR,0.0,0.08,2026-01-01,2026-04-17,2026-04,17,23,Azure,351.2,0.08,0.0,,,,,,,,,,,,Healthy,Low,0.0
U827,ACCT1088,VM100218,2026-05-23 14:00:00,Storage,SKU18,6910,sec,552.8,INR,0.0,0.08,2026-01-01,2026-05-23,2026-05,23,14,AWS,552.8,0.07999999999999999,0.0,,,,,,,,,,,,Healthy,Low,0.0
U828,ACCT1090,VM100223,2026-04-21 08:00:00,Storage,SKU1,4826,sec,386.08,INR,0.0,0.08,2026-01-01,2026-04-21,2026-04,21,8,AWS,386.08,0.08,0.0,,,,,,,,,,,,Healthy,Low,0.0
U829,ACCT1059,VM100170,2026-01-07 11:00:00,Compute,SKU2,5835,sec,466.8,INR,0.0,0.08,2026-01-01,2026-01-07,2026-01,7,11,GCP,466.8,0.08,0.0,,,,,,,,,,,,Healthy,Low,0.0
U830,ACCT1023,VM100129,2026-04-06 05:00:00,Storage,SKU9,4716,sec,377.28,INR,0.0,0.08,2026-01-01,2026-04-06,2026-04,6,5,GCP,377.28,0.07999999999999999,0.0,,,,,,,,,,,,Healthy,Low,0.0
U831,ACCT1053,VM100199,2026-03-18 23:00:00,Network,SKU14,41401,sec,3312.08,INR,0.0,0.08,2026-01-01,2026-03-18,2026-03,18,23,GCP,3312.08,0.08,0.0,,,,,,,,,,,,Healthy,Low,0.0
U832,ACCT1041,VM100009,2026-03-08 11:00:00,Compute,SKU18,44225,sec,3538.0,INR,100.0,0.08,2026-01-01,2026-03-08,2026-03,8,11,GCP,3638.0,0.08226116449971735,2.83,,,,,,,,,,,,Healthy,Low,0.0
U833,ACCT1001,VM100033,2026-05-10 00:00:00,Compute,SKU3,48986,sec,3918.88,INR,0.0,0.08,2026-01-01,2026-05-10,2026-05,10,0,Azure,3918.88,0.08,0.0,,,,,,,,,,,,Healthy,Low,0.0
U834,ACCT1046,VM100258,2026-01-19 02:00:00,Database,SKU20,19094,sec,1527.52,INR,0.0,0.08,2026-01-01,2026-01-19,2026-01,19,2,AWS,1527.52,0.08,0.0,,,,,,,,,,,,Healthy,Low,0.0
U835,ACCT1012,VM100145,2026-05-11 14:00:00,Network,SKU13,28783,sec,2302.64,INR,0.0,0.08,2026-01-01,2026-05-11,2026-05,11,14,GCP,2302.64,0.08,0.0,,,,,,,,,,,,Healthy,Low,0.0
U836,ACCT1085,VM100016,2026-03-22 21:00:00,Storage,SKU5,10344,sec,827.52,INR,0.0,0.08,2026-01-01,2026-03-22,2026-03,22,21,Azure,827.52,0.08,0.0,,,,,,,,,,,,Healthy,Low,0.0
U837,ACCT1096,VM100201,2026-05-16 23:00:00,Database,SKU5,35864,sec,2869.12,INR,0.0,0.08,2026-01-01,2026-05-16,2026-05,16,23,GCP,2869.12,0.08,0.0,,,,,,,,,,,,Healthy,Low,0.0
U838,ACCT1039,VM100192,2026-06-13 09:00:00,Storage,SKU4,830,sec,66.4,INR,0.0,0.08,2026-01-01,2026-06-13,2026-06,13,9,GCP,66.4,0.08,0.0,,,,,,,,,,,,Healthy,Low,0.0
U839,ACCT1006,VM100003,2026-04-08 17:00:00,Network,SKU18,39202,sec,3136.16,INR,0.0,0.08,2026-01-01,2026-04-08,2026-04,8,17,AWS,3136.16,0.08,0.0,,,,,,,,,,,,Healthy,Low,0.0
U840,ACCT1071,VM100044,2026-02-22 00:00:00,Database,SKU7,13866,sec,1109.28,INR,100.0,0.08,2026-01-01,2026-02-22,2026-02,22,0,GCP,1209.28,0.08721188518678782,9.01,,,,,,,,,,,,Healthy,Low,0.0
U841,ACCT1053,VM100263,2026-01-25 07:00:00,Storage,SKU8,10648,sec,851.84,INR,0.0,0.08,2026-01-01,2026-01-25,2026-01,25,7,AWS,851.84,0.08,0.0,,,,,,,,,,,,Healthy,Low,0.0
U842,ACCT1079,VM100130,2026-02-03 03:00:00,Storage,SKU19,7611,sec,608.88,INR,0.0,0.08,2026-01-01,2026-02-03,2026-02,3,3,AWS,608.88,0.08,0.0,,,,,,,,,,,,Healthy,Low,0.0
U843,ACCT1007,VM100282,2026-03-20 17:00:00,Compute,SKU10,42349,sec,3387.92,INR,0.0,0.08,2026-01-01,2026-03-20,2026-03,20,17,AWS,3387.92,0.08,0.0,,,,,,,,,,,,Healthy,Low,0.0
U844,ACCT1086,VM100035,2026-02-12 18:00:00,Storage,SKU19,6535,sec,522.8,INR,0.0,0.08,2026-01-01,2026-02-12,2026-02,12,18,Azure,522.8,0.07999999999999999,0.0,,,,,,,,,,,,Healthy,Low,0.0
U845,ACCT1063,VM100170,2026-03-02 22:00:00,Storage,SKU4,8502,sec,680.16,INR,0.0,0.08,2026-01-01,2026-03-02,2026-03,2,22,Azure,680.16,0.08,0.0,,,,,,,,,,,,Healthy,Low,0.0
U846,ACCT1037,VM100036,2026-06-03 14:00:00,Database,SKU16,12781,sec,1022.48,INR,0.0,0.08,2026-01-01,2026-06-03,2026-06,3,14,AWS,1022.48,0.08,0.0,,,,,,,,,,,,Healthy,Low,0.0
U847,ACCT1058,VM100169,2026-04-16 04:00:00,Database,SKU19,43315,sec,3465.2,INR,0.0,0.08,2026-01-01,2026-04-16,2026-04,16,4,GCP,3465.2,0.08,0.0,,,,,,,,,,,,Healthy,Low,0.0
U848,ACCT1020,VM100290,2026-04-07 17:00:00,Database,SKU14,23987,sec,1918.96,INR,100.0,0.08,2026-01-01,2026-04-07,2026-04,7,17,AWS,2018.96,0.08416892483428524,5.21,,,,,,,,,,,,Healthy,Low,0.0
U849,ACCT1022,VM100003,2026-02-23 10:00:00,Storage,SKU14,16233,sec,1298.64,INR,0.0,0.08,2026-01-01,2026-02-23,2026-02,23,10,GCP,1298.64,0.08,0.0,,,,,,,,,,,,Healthy,Low,0.0
U850,ACCT1036,VM100185,2026-01-23 22:00:00,Database,SKU16,44636,sec,3570.88,INR,0.0,0.08,2026-01-01,2026-01-23,2026-01,23,22,AWS,3570.88,0.08,0.0,,,,,,,,,,,,Healthy,Low,0.0
U851,ACCT1060,VM100229,2026-03-03 05:00:00,Network,SKU18,20119,sec,1609.52,INR,0.0,0.08,2026-01-01,2026-03-03,2026-03,3,5,GCP,1609.52,0.08,0.0,,,,,,,,,,,,Healthy,Low,0.0
U852,ACCT1014,VM100090,2026-04-21 04:00:00,Compute,SKU9,39855,sec,3188.4,INR,0.0,0.08,2026-01-01,2026-04-21,2026-04,21,4,Azure,3188.4,0.08,0.0,,,,,,,,,,,,Healthy,Low,0.0
U853,ACCT1018,VM100276,2026-02-03 12:00:00,Compute,SKU3,17351,sec,1388.08,INR,0.0,0.08,2026-01-01,2026-02-03,2026-02,3,12,GCP,1388.08,0.08,0.0,,,,,,,,,,,,Healthy,Low,0.0
U854,ACCT1003,VM100260,2026-04-18 19:00:00,Network,SKU19,2144,sec,171.52,INR,0.0,0.08,2026-01-01,2026-04-18,2026-04,18,19,AWS,171.52,0.08,0.0,,,,,,,,,,,,Healthy,Low,0.0
U855,ACCT1028,VM100019,2026-04-05 03:00:00,Network,SKU5,17179,sec,1374.32,INR,0.0,0.08,2026-01-01,2026-04-05,2026-04,5,3,Azure,1374.32,0.08,0.0,,,,,,,,,,,,Healthy,Low,0.0
U856,ACCT1047,VM100201,2026-02-08 02:00:00,Database,SKU5,38740,sec,3099.2,INR,100.0,0.08,2026-01-01,2026-02-08,2026-02,8,2,GCP,3199.2,0.08258131130614352,3.23,,,,,,,,,,,,Healthy,Low,0.0
U857,ACCT1060,VM100257,2026-03-29 02:00:00,Network,SKU12,6034,sec,482.72,INR,0.0,0.08,2026-01-01,2026-03-29,2026-03,29,2,GCP,482.72,0.08,0.0,,,,,,,,,,,,Healthy,Low,0.0
U858,ACCT1065,VM100006,2026-04-24 02:00:00,Storage,SKU17,15755,sec,1260.4,INR,0.0,0.08,2026-01-01,2026-04-24,2026-04,24,2,GCP,1260.4,0.08,0.0,,,,,,,,,,,,Healthy,Low,0.0
U859,ACCT1018,VM100229,2026-01-28 04:00:00,Storage,SKU16,11840,sec,947.2,INR,0.0,0.08,2026-01-01,2026-01-28,2026-01,28,4,GCP,947.2,0.08,0.0,,,,,,,,,,,,Healthy,Low,0.0
U860,ACCT1046,VM100021,2026-02-07 08:00:00,Storage,SKU3,32058,sec,2564.64,INR,0.0,0.08,2026-01-01,2026-02-07,2026-02,7,8,GCP,2564.64,0.08,0.0,,,,,,,,,,,,Healthy,Low,0.0
U861,ACCT1034,VM100190,2026-02-09 22:00:00,Storage,SKU17,2905,sec,232.4,INR,0.0,0.08,2026-01-01,2026-02-09,2026-02,9,22,Azure,232.4,0.08,0.0,,,,,,,,,,,,Healthy,Low,0.0
U862,ACCT1047,VM100199,2026-03-22 03:00:00,Compute,SKU2,29895,sec,2391.6,INR,0.0,0.08,2026-01-01,2026-03-22,2026-03,22,3,Azure,2391.6,0.08,0.0,,,,,,,,,,,,Healthy,Low,0.0
U863,ACCT1084,VM100166,2026-01-18 14:00:00,Database,SKU9,46220,sec,3697.6,INR,0.0,0.08,2026-01-01,2026-01-18,2026-01,18,14,Azure,3697.6,0.08,0.0,,,,,,,,,,,,Healthy,Low,0.0
U864,ACCT1075,VM100279,2026-04-08 07:00:00,Network,SKU13,11493,sec,919.44,INR,100.0,0.08,2026-01-01,2026-04-08,2026-04,8,7,Azure,1019.44,0.08870094840337597,10.88,,,,,,,,,,,,Healthy,Low,0.0
U865,ACCT1047,VM100040,2026-03-30 04:00:00,Network,SKU8,16587,sec,1326.96,INR,0.0,0.08,2026-01-01,2026-03-30,2026-03,30,4,AWS,1326.96,0.08,0.0,,,,,,,,,,,,Healthy,Low,0.0
U866,ACCT1067,VM100208,2026-03-02 05:00:00,Network,SKU16,22712,sec,1816.96,INR,0.0,0.08,2026-01-01,2026-03-02,2026-03,2,5,Azure,1816.96,0.08,0.0,,,,,,,,,,,,Healthy,Low,0.0
U867,ACCT1078,VM100004,2026-03-27 15:00:00,Network,SKU6,9207,sec,736.56,INR,0.0,0.08,2026-01-01,2026-03-27,2026-03,27,15,GCP,736.56,0.07999999999999999,0.0,,,,,,,,,,,,Healthy,Low,0.0
U868,ACCT1030,VM100040,2026-03-29 19:00:00,Database,SKU7,42270,sec,3381.6,INR,0.0,0.08,2026-01-01,2026-03-29,2026-03,29,19,GCP,3381.6,0.08,0.0,,,,,,,,,,,,Healthy,Low,0.0
U869,ACCT1020,VM100096,2026-01-27 20:00:00,Compute,SKU8,23838,sec,1907.04,INR,0.0,0.08,2026-01-01,2026-01-27,2026-01,27,20,Azure,1907.04,0.08,0.0,,,,,,,,,,,,Healthy,Low,0.0
U870,ACCT1054,VM100170,2026-05-03 22:00:00,Network,SKU16,7527,sec,602.16,INR,0.0,0.08,2026-01-01,2026-05-03,2026-05,3,22,GCP,602.16,0.08,0.0,,,,,,,,,,,,Healthy,Low,0.0
U871,ACCT1062,VM100108,2026-04-11 19:00:00,Network,SKU1,10667,sec,853.36,INR,0.0,0.08,2026-01-01,2026-04-11,2026-04,11,19,Azure,853.36,0.08,0.0,,,,,,,,,,,,Healthy,Low,0.0
U872,ACCT1032,VM100023,2026-01-22 19:00:00,Storage,SKU5,37684,sec,3014.72,INR,100.0,0.08,2026-01-01,2026-01-22,2026-01,22,19,GCP,3114.72,0.0826536461097548,3.32,,,,,,,,,,,,Healthy,Low,0.0
U873,ACCT1081,VM100263,2026-01-07 16:00:00,Storage,SKU2,37604,sec,3008.32,INR,0.0,0.08,2026-01-01,2026-01-07,2026-01,7,16,AWS,3008.32,0.08,0.0,,,,,,,,,,,,Healthy,Low,0.0
U874,ACCT1022,VM100133,2026-06-07 10:00:00,Network,SKU20,11898,sec,951.84,INR,0.0,0.08,2026-01-01,2026-06-07,2026-06,7,10,AWS,951.84,0.08,0.0,,,,,,,,,,,,Healthy,Low,0.0
U875,ACCT1073,VM100010,2026-05-30 22:00:00,Database,SKU3,47256,sec,3780.48,INR,0.0,0.08,2026-01-01,2026-05-30,2026-05,30,22,Azure,3780.48,0.08,0.0,,,,,,,,,,,,Healthy,Low,0.0
U876,ACCT1028,VM100230,2026-04-14 12:00:00,Network,SKU6,30994,sec,2479.52,INR,0.0,0.08,2026-01-01,2026-04-14,2026-04,14,12,Azure,2479.52,0.08,0.0,,,,,,,,,,,,Healthy,Low,0.0
U877,ACCT1029,VM100211,2026-04-13 13:00:00,Storage,SKU20,9452,sec,756.16,INR,0.0,0.08,2026-01-01,2026-04-13,2026-04,13,13,Azure,756.16,0.08,0.0,,,,,,,,,,,,Healthy,Low,0.0
U878,ACCT1085,VM100262,2026-02-15 03:00:00,Database,SKU15,11091,sec,887.28,INR,0.0,0.08,2026-01-01,2026-02-15,2026-02,15,3,GCP,887.28,0.08,0.0,,,,,,,,,,,,Healthy,Low,0.0
U879,ACCT1077,VM100036,2026-02-09 05:00:00,Network,SKU5,24886,sec,1990.88,INR,0.0,0.08,2026-01-01,2026-02-09,2026-02,9,5,Azure,1990.88,0.08,0.0,,,,,,,,,,,,Healthy,Low,0.0
U880,ACCT1014,VM100009,2026-02-04 12:00:00,Network,SKU5,34356,sec,2748.48,INR,100.0,0.08,2026-01-01,2026-02-04,2026-02,4,12,AWS,2848.48,0.08291069973221563,3.64,,,,,,,,,,,,Healthy,Low,0.0
U881,ACCT1078,VM100050,2026-01-31 06:00:00,Compute,SKU18,31286,sec,2502.88,INR,0.0,0.08,2026-01-01,2026-01-31,2026-01,31,6,GCP,2502.88,0.08,0.0,,,,,,,,,,,,Healthy,Low,0.0
U882,ACCT1065,VM100061,2026-01-16 21:00:00,Storage,SKU20,31704,sec,2536.32,INR,0.0,0.08,2026-01-01,2026-01-16,2026-01,16,21,Azure,2536.32,0.08,0.0,,,,,,,,,,,,Healthy,Low,0.0
U883,ACCT1070,VM100001,2026-06-03 01:00:00,Network,SKU17,44570,sec,3565.6,INR,0.0,0.08,2026-01-01,2026-06-03,2026-06,3,1,GCP,3565.6,0.08,0.0,,,,,,,,,,,,Healthy,Low,0.0
U884,ACCT1054,VM100190,2026-05-30 07:00:00,Network,SKU8,2946,sec,235.68,INR,0.0,0.08,2026-01-01,2026-05-30,2026-05,30,7,GCP,235.68,0.08,0.0,,,,,,,,,,,,Healthy,Low,0.0
U885,ACCT1062,VM100196,2026-03-01 19:00:00,Compute,SKU14,38703,sec,3096.24,INR,0.0,0.08,2026-01-01,2026-03-01,2026-03,1,19,Azure,3096.24,0.07999999999999999,0.0,,,,,,,,,,,,Healthy,Low,0.0
U886,ACCT1018,VM100131,2026-03-23 10:00:00,Compute,SKU10,15337,sec,1226.96,INR,0.0,0.08,2026-01-01,2026-03-23,2026-03,23,10,GCP,1226.96,0.08,0.0,,,,,,,,,,,,Healthy,Low,0.0
U887,ACCT1077,VM100279,2026-03-11 17:00:00,Storage,SKU1,16995,sec,1359.6,INR,0.0,0.08,2026-01-01,2026-03-11,2026-03,11,17,AWS,1359.6,0.07999999999999999,0.0,,,,,,,,,,,,Healthy,Low,0.0
U888,ACCT1091,VM100004,2026-04-09 15:00:00,Compute,SKU17,34345,sec,2747.6,INR,100.0,0.08,2026-01-01,2026-04-09,2026-04,9,15,AWS,2847.6,0.08291163196971903,3.64,,,,,,,,,,,,Healthy,Low,0.0
U889,ACCT1001,VM100193,2026-04-22 17:00:00,Database,SKU14,13562,sec,1084.96,INR,0.0,0.08,2026-01-01,2026-04-22,2026-04,22,17,GCP,1084.96,0.08,0.0,,,,,,,,,,,,Healthy,Low,0.0
U890,ACCT1047,VM100055,2026-01-27 09:00:00,Database,SKU9,28023,sec,2241.84,INR,0.0,0.08,2026-01-01,2026-01-27,2026-01,27,9,Azure,2241.84,0.08,0.0,,,,,,,,,,,,Healthy,Low,0.0
U891,ACCT1069,VM100217,2026-04-07 08:00:00,Database,SKU13,24062,sec,1924.96,INR,0.0,0.08,2026-01-01,2026-04-07,2026-04,7,8,GCP,1924.96,0.08,0.0,,,,,,,,,,,,Healthy,Low,0.0
U892,ACCT1097,VM100105,2026-03-12 12:00:00,Network,SKU6,36282,sec,2902.56,INR,0.0,0.08,2026-01-01,2026-03-12,2026-03,12,12,AWS,2902.56,0.08,0.0,,,,,,,,,,,,Healthy,Low,0.0
U893,ACCT1048,VM100287,2026-04-05 16:00:00,Database,SKU10,31803,sec,2544.24,INR,0.0,0.08,2026-01-01,2026-04-05,2026-04,5,16,GCP,2544.24,0.07999999999999999,0.0,,,,,,,,,,,,Healthy,Low,0.0
U894,ACCT1074,VM100177,2026-05-13 03:00:00,Network,SKU5,46335,sec,3706.8,INR,0.0,0.08,2026-01-01,2026-05-13,2026-05,13,3,GCP,3706.8,0.08,0.0,,,,,,,,,,,,Healthy,Low,0.0
U895,ACCT1085,VM100061,2026-05-08 15:00:00,Network,SKU6,15158,sec,1212.64,INR,0.0,0.08,2026-01-01,2026-05-08,2026-05,8,15,AWS,1212.64,0.08,0.0,,,,,,,,,,,,Healthy,Low,0.0
U896,ACCT1013,VM100110,2026-03-28 18:00:00,Database,SKU18,26351,sec,2108.08,INR,100.0,0.08,2026-01-01,2026-03-28,2026-03,28,18,GCP,2208.08,0.08379492239383704,4.74,,,,,,,,,,,,Healthy,Low,0.0
U897,ACCT1079,VM100027,2026-01-28 10:00:00,Compute,SKU3,25600,sec,2048.0,INR,0.0,0.08,2026-01-01,2026-01-28,2026-01,28,10,GCP,2048.0,0.08,0.0,,,,,,,,,,,,Healthy,Low,0.0
U898,ACCT1019,VM100242,2026-06-08 00:00:00,Network,SKU3,39437,sec,3154.96,INR,0.0,0.08,2026-01-01,2026-06-08,2026-06,8,0,Azure,3154.96,0.08,0.0,,,,,,,,,,,,Healthy,Low,0.0
U899,ACCT1009,VM100135,2026-02-07 20:00:00,Compute,SKU20,24403,sec,1952.24,INR,0.0,0.08,2026-01-01,2026-02-07,2026-02,7,20,Azure,1952.24,0.08,0.0,,,,,,,,,,,,Healthy,Low,0.0
U900,ACCT1005,VM100197,2026-06-08 20:00:00,Database,SKU20,26356,sec,2108.48,INR,0.0,0.08,2026-01-01,2026-06-08,2026-06,8,20,AWS,2108.48,0.08,0.0,,,,,,,,,,,,Healthy,Low,0.0
U901,ACCT1008,VM100090,2026-04-20 06:00:00,Network,SKU1,32498,sec,2599.84,INR,0.0,0.08,2026-01-01,2026-04-20,2026-04,20,6,AWS,2599.84,0.08,0.0,,,,,,,,,,,,Healthy,Low,0.0
U902,ACCT1026,VM100266,2026-02-18 19:00:00,Compute,SKU20,12862,sec,1028.96,INR,0.0,0.08,2026-01-01,2026-02-18,2026-02,18,19,AWS,1028.96,0.08,0.0,,,,,,,,,,,,Healthy,Low,0.0
U903,ACCT1066,VM100265,2026-04-30 04:00:00,Storage,SKU2,15282,sec,1222.56,INR,0.0,0.08,2026-01-01,2026-04-30,2026-04,30,4,Azure,1222.56,0.08,0.0,,,,,,,,,,,,Healthy,Low,0.0
U904,ACCT1047,VM100123,2026-04-22 18:00:00,Storage,SKU3,118,sec,9.44,INR,100.0,0.08,2026-01-01,2026-04-22,2026-04,22,18,AWS,109.44,0.9274576271186441,1059.32,,,,,,,,,,,,Healthy,Low,0.0
U905,ACCT1036,VM100205,2026-03-02 06:00:00,Network,SKU13,43986,sec,3518.88,INR,0.0,0.08,2026-01-01,2026-03-02,2026-03,2,6,AWS,3518.88,0.08,0.0,,,,,,,,,,,,Healthy,Low,0.0
U906,ACCT1076,VM100103,2026-03-30 08:00:00,Compute,SKU3,1107,sec,88.56,INR,0.0,0.08,2026-01-01,2026-03-30,2026-03,30,8,AWS,88.56,0.08,0.0,,,,,,,,,,,,Healthy,Low,0.0
U907,ACCT1071,VM100146,2026-05-04 22:00:00,Database,SKU12,36742,sec,2939.36,INR,0.0,0.08,2026-01-01,2026-05-04,2026-05,4,22,Azure,2939.36,0.08,0.0,,,,,,,,,,,,Healthy,Low,0.0
U908,ACCT1036,VM100116,2026-04-14 11:00:00,Network,SKU13,12848,sec,1027.84,INR,0.0,0.08,2026-01-01,2026-04-14,2026-04,14,11,GCP,1027.84,0.07999999999999999,0.0,,,,,,,,,,,,Healthy,Low,0.0
U909,ACCT1074,VM100003,2026-02-14 13:00:00,Network,SKU17,11571,sec,925.68,INR,0.0,0.08,2026-01-01,2026-02-14,2026-02,14,13,AWS,925.68,0.08,0.0,,,,,,,,,,,,Healthy,Low,0.0
U910,ACCT1014,VM100287,2026-01-13 08:00:00,Database,SKU11,33075,sec,2646.0,INR,0.0,0.08,2026-01-01,2026-01-13,2026-01,13,8,GCP,2646.0,0.08,0.0,,,,,,,,,,,,Healthy,Low,0.0
U911,ACCT1015,VM100263,2026-06-13 06:00:00,Database,SKU15,16988,sec,1359.04,INR,0.0,0.08,2026-01-01,2026-06-13,2026-06,13,6,AWS,1359.04,0.08,0.0,,,,,,,,,,,,Healthy,Low,0.0
U912,ACCT1049,VM100289,2026-03-24 12:00:00,Database,SKU15,16043,sec,1283.44,INR,100.0,0.08,2026-01-01,2026-03-24,2026-03,24,12,GCP,1383.44,0.08623324814560868,7.79,,,,,,,,,,,,Healthy,Low,0.0
U913,ACCT1088,VM100236,2026-06-03 00:00:00,Compute,SKU16,38558,sec,3084.64,INR,0.0,0.08,2026-01-01,2026-06-03,2026-06,3,0,Azure,3084.64,0.08,0.0,,,,,,,,,,,,Healthy,Low,0.0
U914,ACCT1015,VM100133,2026-01-12 12:00:00,Storage,SKU8,25178,sec,2014.24,INR,0.0,0.08,2026-01-01,2026-01-12,2026-01,12,12,Azure,2014.24,0.08,0.0,,,,,,,,,,,,Healthy,Low,0.0
U915,ACCT1041,VM100212,2026-06-13 01:00:00,Compute,SKU9,23240,sec,1859.2,INR,0.0,0.08,2026-01-01,2026-06-13,2026-06,13,1,AWS,1859.2,0.08,0.0,,,,,,,,,,,,Healthy,Low,0.0
U916,ACCT1032,VM100148,2026-01-16 20:00:00,Database,SKU3,26244,sec,2099.52,INR,0.0,0.08,2026-01-01,2026-01-16,2026-01,16,20,GCP,2099.52,0.08,0.0,,,,,,,,,,,,Healthy,Low,0.0
U917,ACCT1071,VM100092,2026-03-23 07:00:00,Database,SKU7,20669,sec,1653.52,INR,0.0,0.08,2026-01-01,2026-03-23,2026-03,23,7,Azure,1653.52,0.08,0.0,,,,,,,,,,,,Healthy,Low,0.0
U918,ACCT1074,VM100138,2026-02-01 04:00:00,Storage,SKU16,49000,sec,3920.0,INR,0.0,0.08,2026-01-01,2026-02-01,2026-02,1,4,AWS,3920.0,0.08,0.0,,,,,,,,,,,,Healthy,Low,0.0
U919,ACCT1095,VM100103,2026-02-10 01:00:00,Storage,SKU9,48297,sec,3863.76,INR,0.0,0.08,2026-01-01,2026-02-10,2026-02,10,1,AWS,3863.76,0.08,0.0,,,,,,,,,,,,Healthy,Low,0.0
U920,ACCT1027,VM100118,2026-02-04 14:00:00,Database,SKU5,16464,sec,1317.12,INR,100.0,0.08,2026-01-01,2026-02-04,2026-02,4,14,Azure,1417.12,0.08607385811467444,7.59,,,,,,,,,,,,Healthy,Low,0.0
U921,ACCT1100,VM100055,2026-01-21 11:00:00,Network,SKU20,5243,sec,419.44,INR,0.0,0.08,2026-01-01,2026-01-21,2026-01,21,11,Azure,419.44,0.08,0.0,,,,,,,,,,,,Healthy,Low,0.0
U922,ACCT1001,VM100278,2026-06-13 11:00:00,Network,SKU12,2869,sec,229.52,INR,0.0,0.08,2026-01-01,2026-06-13,2026-06,13,11,AWS,229.52,0.08,0.0,,,,,,,,,,,,Healthy,Low,0.0
U923,ACCT1080,VM100162,2026-03-26 00:00:00,Database,SKU16,37751,sec,3020.08,INR,0.0,0.08,2026-01-01,2026-03-26,2026-03,26,0,GCP,3020.08,0.08,0.0,,,,,,,,,,,,Healthy,Low,0.0
U924,ACCT1024,VM100262,2026-02-17 19:00:00,Storage,SKU19,26175,sec,2094.0,INR,0.0,0.08,2026-01-01,2026-02-17,2026-02,17,19,GCP,2094.0,0.08,0.0,,,,,,,,,,,,Healthy,Low,0.0
U925,ACCT1017,VM100028,2026-03-31 17:00:00,Network,SKU18,27833,sec,2226.64,INR,0.0,0.08,2026-01-01,2026-03-31,2026-03,31,17,GCP,2226.64,0.08,0.0,,,,,,,,,,,,Healthy,Low,0.0
U926,ACCT1005,VM100258,2026-03-01 06:00:00,Storage,SKU15,25902,sec,2072.16,INR,0.0,0.08,2026-01-01,2026-03-01,2026-03,1,6,AWS,2072.16,0.07999999999999999,0.0,,,,,,,,,,,,Healthy,Low,0.0
U927,ACCT1016,VM100266,2026-03-20 12:00:00,Compute,SKU1,20786,sec,1662.88,INR,0.0,0.08,2026-01-01,2026-03-20,2026-03,20,12,Azure,1662.88,0.08,0.0,,,,,,,,,,,,Healthy,Low,0.0
U928,ACCT1087,VM100108,2026-03-06 18:00:00,Compute,SKU11,38176,sec,3054.08,INR,100.0,0.08,2026-01-01,2026-03-06,2026-03,6,18,AWS,3154.08,0.08261944677284157,3.27,,,,,,,,,,,,Healthy,Low,0.0
U929,ACCT1047,VM100133,2026-02-01 22:00:00,Database,SKU8,36050,sec,2884.0,INR,0.0,0.08,2026-01-01,2026-02-01,2026-02,1,22,Azure,2884.0,0.08,0.0,,,,,,,,,,,,Healthy,Low,0.0
U930,ACCT1035,VM100242,2026-06-13 14:00:00,Database,SKU12,40279,sec,3222.32,INR,0.0,0.08,2026-01-01,2026-06-13,2026-06,13,14,GCP,3222.32,0.08,0.0,,,,,,,,,,,,Healthy,Low,0.0
U931,ACCT1024,VM100256,2026-03-14 08:00:00,Network,SKU12,13897,sec,1111.76,INR,0.0,0.08,2026-01-01,2026-03-14,2026-03,14,8,GCP,1111.76,0.08,0.0,,,,,,,,,,,,Healthy,Low,0.0
U932,ACCT1047,VM100206,2026-02-17 17:00:00,Storage,SKU19,29638,sec,2371.04,INR,0.0,0.08,2026-01-01,2026-02-17,2026-02,17,17,Azure,2371.04,0.08,0.0,,,,,,,,,,,,Healthy,Low,0.0
U933,ACCT1017,VM100295,2026-04-28 01:00:00,Compute,SKU9,15079,sec,1206.32,INR,0.0,0.08,2026-01-01,2026-04-28,2026-04,28,1,Azure,1206.32,0.08,0.0,,,,,,,,,,,,Healthy,Low,0.0
U934,ACCT1031,VM100285,2026-03-15 18:00:00,Storage,SKU5,25061,sec,2004.88,INR,0.0,0.08,2026-01-01,2026-03-15,2026-03,15,18,AWS,2004.88,0.08,0.0,,,,,,,,,,,,Healthy,Low,0.0
U935,ACCT1095,VM100077,2026-03-22 17:00:00,Storage,SKU14,738,sec,59.04,INR,0.0,0.08,2026-01-01,2026-03-22,2026-03,22,17,GCP,59.04,0.08,0.0,,,,,,,,,,,,Healthy,Low,0.0
U936,ACCT1064,VM100069,2026-06-02 10:00:00,Database,SKU16,41430,sec,3314.4,INR,100.0,0.08,2026-01-01,2026-06-02,2026-06,2,10,AWS,3414.4,0.08241370987207337,3.02,,,,,,,,,,,,Healthy,Low,0.0
U937,ACCT1039,VM100129,2026-04-06 22:00:00,Compute,SKU13,37313,sec,2985.04,INR,0.0,0.08,2026-01-01,2026-04-06,2026-04,6,22,AWS,2985.04,0.08,0.0,,,,,,,,,,,,Healthy,Low,0.0
U938,ACCT1013,VM100084,2026-01-11 05:00:00,Database,SKU16,14220,sec,1137.6,INR,0.0,0.08,2026-01-01,2026-01-11,2026-01,11,5,AWS,1137.6,0.07999999999999999,0.0,,,,,,,,,,,,Healthy,Low,0.0
U939,ACCT1081,VM100050,2026-03-18 18:00:00,Database,SKU9,48897,sec,3911.76,INR,0.0,0.08,2026-01-01,2026-03-18,2026-03,18,18,GCP,3911.76,0.08,0.0,,,,,,,,,,,,Healthy,Low,0.0
U940,ACCT1047,VM100185,2026-04-06 15:00:00,Database,SKU12,36635,sec,2930.8,INR,0.0,0.08,2026-01-01,2026-04-06,2026-04,6,15,AWS,2930.8,0.08,0.0,,,,,,,,,,,,Healthy,Low,0.0
U941,ACCT1003,VM100211,2026-01-21 16:00:00,Storage,SKU19,23109,sec,1848.72,INR,0.0,0.08,2026-01-01,2026-01-21,2026-01,21,16,AWS,1848.72,0.08,0.0,,,,,,,,,,,,Healthy,Low,0.0
U942,ACCT1074,VM100276,2026-01-30 18:00:00,Database,SKU11,18752,sec,1500.16,INR,0.0,0.08,2026-01-01,2026-01-30,2026-01,30,18,AWS,1500.16,0.08,0.0,,,,,,,,,,,,Healthy,Low,0.0
U943,ACCT1087,VM100262,2026-03-25 04:00:00,Network,SKU3,48368,sec,3869.44,INR,0.0,0.08,2026-01-01,2026-03-25,2026-03,25,4,AWS,3869.44,0.08,0.0,,,,,,,,,,,,Healthy,Low,0.0
U944,ACCT1049,VM100147,2026-03-21 03:00:00,Storage,SKU6,41499,sec,3319.92,INR,100.0,0.08,2026-01-01,2026-03-21,2026-03,21,3,AWS,3419.92,0.08240969661919564,3.01,,,,,,,,,,,,Healthy,Low,0.0
U945,ACCT1082,VM100173,2026-03-13 23:00:00,Network,SKU3,41471,sec,3317.68,INR,0.0,0.08,2026-01-01,2026-03-13,2026-03,13,23,AWS,3317.68,0.08,0.0,,,,,,,,,,,,Healthy,Low,0.0
U946,ACCT1011,VM100083,2026-02-28 15:00:00,Database,SKU11,15056,sec,1204.48,INR,0.0,0.08,2026-01-01,2026-02-28,2026-02,28,15,GCP,1204.48,0.08,0.0,,,,,,,,,,,,Healthy,Low,0.0
U947,ACCT1084,VM100150,2026-05-02 05:00:00,Network,SKU9,17629,sec,1410.32,INR,0.0,0.08,2026-01-01,2026-05-02,2026-05,2,5,AWS,1410.32,0.08,0.0,,,,,,,,,,,,Healthy,Low,0.0
U948,ACCT1057,VM100186,2026-05-08 15:00:00,Network,SKU14,38564,sec,3085.12,INR,0.0,0.08,2026-01-01,2026-05-08,2026-05,8,15,Azure,3085.12,0.08,0.0,,,,,,,,,,,,Healthy,Low,0.0
U949,ACCT1022,VM100095,2026-05-26 18:00:00,Storage,SKU8,1613,sec,129.04,INR,0.0,0.08,2026-01-01,2026-05-26,2026-05,26,18,AWS,129.04,0.08,0.0,,,,,,,,,,,,Healthy,Low,0.0
U950,ACCT1085,VM100129,2026-06-10 12:00:00,Compute,SKU7,48850,sec,3908.0,INR,0.0,0.08,2026-01-01,2026-06-10,2026-06,10,12,AWS,3908.0,0.08,0.0,,,,,,,,,,,,Healthy,Low,0.0
U951,ACCT1022,VM100204,2026-01-18 13:00:00,Compute,SKU16,6362,sec,508.96,INR,0.0,0.08,2026-01-01,2026-01-18,2026-01,18,13,GCP,508.96,0.08,0.0,,,,,,,,,,,,Healthy,Low,0.0
U952,ACCT1071,VM100028,2026-01-05 11:00:00,Compute,SKU4,26118,sec,2089.44,INR,100.0,0.08,2026-01-01,2026-01-05,2026-01,5,11,GCP,2189.44,0.0838287770885979,4.79,,,,,,,,,,,,Healthy,Low,0.0
U953,ACCT1034,VM100080,2026-01-15 09:00:00,Network,SKU10,43015,sec,3441.2,INR,0.0,0.08,2026-01-01,2026-01-15,2026-01,15,9,Azure,3441.2,0.08,0.0,,,,,,,,,,,,Healthy,Low,0.0
U954,ACCT1030,VM100127,2026-05-06 21:00:00,Network,SKU5,18723,sec,1497.84,INR,0.0,0.08,2026-01-01,2026-05-06,2026-05,6,21,Azure,1497.84,0.08,0.0,,,,,,,,,,,,Healthy,Low,0.0
U955,ACCT1017,VM100270,2026-05-24 02:00:00,Compute,SKU2,11280,sec,902.4,INR,0.0,0.08,2026-01-01,2026-05-24,2026-05,24,2,GCP,902.4,0.08,0.0,,,,,,,,,,,,Healthy,Low,0.0
U956,ACCT1085,VM100183,2026-05-27 20:00:00,Network,SKU15,21412,sec,1712.96,INR,0.0,0.08,2026-01-01,2026-05-27,2026-05,27,20,GCP,1712.96,0.08,0.0,,,,,,,,,,,,Healthy,Low,0.0
U957,ACCT1070,VM100140,2026-04-04 14:00:00,Storage,SKU18,29253,sec,2340.24,INR,0.0,0.08,2026-01-01,2026-04-04,2026-04,4,14,AWS,2340.24,0.07999999999999999,0.0,,,,,,,,,,,,Healthy,Low,0.0
U958,ACCT1023,VM100234,2026-04-18 16:00:00,Network,SKU17,49180,sec,3934.4,INR,0.0,0.08,2026-01-01,2026-04-18,2026-04,18,16,GCP,3934.4,0.08,0.0,,,,,,,,,,,,Healthy,Low,0.0
U959,ACCT1082,VM100274,2026-02-22 20:00:00,Network,SKU18,22852,sec,1828.16,INR,0.0,0.08,2026-01-01,2026-02-22,2026-02,22,20,Azure,1828.16,0.08,0.0,,,,,,,,,,,,Healthy,Low,0.0
U960,ACCT1030,VM100046,2026-03-17 09:00:00,Database,SKU14,20276,sec,1622.08,INR,100.0,0.08,2026-01-01,2026-03-17,2026-03,17,9,AWS,1722.08,0.08493193923850857,6.16,,,,,,,,,,,,Healthy,Low,0.0
U961,ACCT1034,VM100080,2026-02-21 19:00:00,Compute,SKU17,791,sec,63.28,INR,0.0,0.08,2026-01-01,2026-02-21,2026-02,21,19,Azure,63.28,0.08,0.0,,,,,,,,,,,,Healthy,Low,0.0
U962,ACCT1098,VM100070,2026-02-28 16:00:00,Network,SKU18,18893,sec,1511.44,INR,0.0,0.08,2026-01-01,2026-02-28,2026-02,28,16,AWS,1511.44,0.08,0.0,,,,,,,,,,,,Healthy,Low,0.0
U963,ACCT1002,VM100252,2026-06-11 14:00:00,Network,SKU10,49610,sec,3968.8,INR,0.0,0.08,2026-01-01,2026-06-11,2026-06,11,14,GCP,3968.8,0.08,0.0,,,,,,,,,,,,Healthy,Low,0.0
U964,ACCT1002,VM100221,2026-05-17 04:00:00,Storage,SKU1,19296,sec,1543.68,INR,0.0,0.08,2026-01-01,2026-05-17,2026-05,17,4,Azure,1543.68,0.08,0.0,,,,,,,,,,,,Healthy,Low,0.0
U965,ACCT1071,VM100192,2026-02-02 04:00:00,Network,SKU13,27083,sec,2166.64,INR,0.0,0.08,2026-01-01,2026-02-02,2026-02,2,4,AWS,2166.64,0.08,0.0,,,,,,,,,,,,Healthy,Low,0.0
U966,ACCT1032,VM100084,2026-05-03 00:00:00,Network,SKU13,48407,sec,3872.56,INR,0.0,0.08,2026-01-01,2026-05-03,2026-05,3,0,AWS,3872.56,0.08,0.0,,,,,,,,,,,,Healthy,Low,0.0
U967,ACCT1029,VM100135,2026-01-14 12:00:00,Storage,SKU17,27771,sec,2221.68,INR,0.0,0.08,2026-01-01,2026-01-14,2026-01,14,12,GCP,2221.68,0.07999999999999999,0.0,,,,,,,,,,,,Healthy,Low,0.0
U968,ACCT1098,VM100140,2026-02-18 14:00:00,Database,SKU14,42597,sec,3407.76,INR,100.0,0.08,2026-01-01,2026-02-18,2026-02,18,14,GCP,3507.76,0.08234758316313356,2.93,,,,,,,,,,,,Healthy,Low,0.0
U969,ACCT1025,VM100036,2026-02-01 03:00:00,Database,SKU4,9053,sec,724.24,INR,0.0,0.08,2026-01-01,2026-02-01,2026-02,1,3,GCP,724.24,0.08,0.0,,,,,,,,,,,,Healthy,Low,0.0
U970,ACCT1082,VM100234,2026-04-16 10:00:00,Database,SKU20,29772,sec,2381.76,INR,0.0,0.08,2026-01-01,2026-04-16,2026-04,16,10,Azure,2381.76,0.08,0.0,,,,,,,,,,,,Healthy,Low,0.0
U971,ACCT1063,VM100097,2026-02-24 17:00:00,Storage,SKU2,1371,sec,109.68,INR,0.0,0.08,2026-01-01,2026-02-24,2026-02,24,17,AWS,109.68,0.08,0.0,,,,,,,,,,,,Healthy,Low,0.0
U972,ACCT1069,VM100012,2026-02-01 17:00:00,Database,SKU9,6802,sec,544.16,INR,0.0,0.08,2026-01-01,2026-02-01,2026-02,1,17,GCP,544.16,0.08,0.0,,,,,,,,,,,,Healthy,Low,0.0
U973,ACCT1017,VM100225,2026-05-05 02:00:00,Storage,SKU3,637,sec,50.96,INR,0.0,0.08,2026-01-01,2026-05-05,2026-05,5,2,Azure,50.96,0.08,0.0,,,,,,,,,,,,Healthy,Low,0.0
U974,ACCT1020,VM100008,2026-03-26 05:00:00,Database,SKU14,14333,sec,1146.64,INR,0.0,0.08,2026-01-01,2026-03-26,2026-03,26,5,Azure,1146.64,0.08,0.0,,,,,,,,,,,,Healthy,Low,0.0
U975,ACCT1040,VM100256,2026-03-05 09:00:00,Compute,SKU11,30488,sec,2439.04,INR,0.0,0.08,2026-01-01,2026-03-05,2026-03,5,9,Azure,2439.04,0.08,0.0,,,,,,,,,,,,Healthy,Low,0.0
U976,ACCT1011,VM100075,2026-01-10 13:00:00,Network,SKU3,17565,sec,1405.2,INR,100.0,0.08,2026-01-01,2026-01-10,2026-01,10,13,GCP,1505.2,0.08569313976658127,7.12,,,,,,,,,,,,Healthy,Low,0.0
U977,ACCT1070,VM100241,2026-01-31 23:00:00,Database,SKU13,12695,sec,1015.6,INR,0.0,0.08,2026-01-01,2026-01-31,2026-01,31,23,GCP,1015.6,0.08,0.0,,,,,,,,,,,,Healthy,Low,0.0
U978,ACCT1002,VM100063,2026-06-16 07:00:00,Storage,SKU13,46937,sec,3754.96,INR,0.0,0.08,2026-01-01,2026-06-16,2026-06,16,7,AWS,3754.96,0.08,0.0,,,,,,,,,,,,Healthy,Low,0.0
U979,ACCT1099,VM100227,2026-02-12 04:00:00,Compute,SKU7,48440,sec,3875.2,INR,0.0,0.08,2026-01-01,2026-02-12,2026-02,12,4,AWS,3875.2,0.08,0.0,,,,,,,,,,,,Healthy,Low,0.0
U980,ACCT1059,VM100049,2026-03-30 22:00:00,Storage,SKU16,43747,sec,3499.76,INR,0.0,0.08,2026-01-01,2026-03-30,2026-03,30,22,GCP,3499.76,0.08,0.0,,,,,,,,,,,,Healthy,Low,0.0
U981,ACCT1050,VM100160,2026-06-09 18:00:00,Storage,SKU2,21272,sec,1701.76,INR,0.0,0.08,2026-01-01,2026-06-09,2026-06,9,18,Azure,1701.76,0.08,0.0,,,,,,,,,,,,Healthy,Low,0.0
U982,ACCT1096,VM100282,2026-03-30 21:00:00,Database,SKU16,8104,sec,648.32,INR,0.0,0.08,2026-01-01,2026-03-30,2026-03,30,21,Azure,648.32,0.08,0.0,,,,,,,,,,,,Healthy,Low,0.0
U983,ACCT1082,VM100153,2026-02-03 21:00:00,Compute,SKU7,23720,sec,1897.6,INR,0.0,0.08,2026-01-01,2026-02-03,2026-02,3,21,Azure,1897.6,0.08,0.0,,,,,,,,,,,,Healthy,Low,0.0
U984,ACCT1015,VM100121,2026-04-19 00:00:00,Database,SKU1,28553,sec,2284.24,INR,100.0,0.08,2026-01-01,2026-04-19,2026-04,19,0,AWS,2384.24,0.08350225895702727,4.38,,,,,,,,,,,,Healthy,Low,0.0
U985,ACCT1022,VM100142,2026-04-10 18:00:00,Network,SKU8,7941,sec,635.28,INR,0.0,0.08,2026-01-01,2026-04-10,2026-04,10,18,Azure,635.28,0.08,0.0,,,,,,,,,,,,Healthy,Low,0.0
U986,ACCT1002,VM100022,2026-04-10 04:00:00,Network,SKU20,45369,sec,3629.52,INR,0.0,0.08,2026-01-01,2026-04-10,2026-04,10,4,AWS,3629.52,0.08,0.0,,,,,,,,,,,,Healthy,Low,0.0
U987,ACCT1020,VM100191,2026-05-12 13:00:00,Storage,SKU6,5964,sec,477.12,INR,0.0,0.08,2026-01-01,2026-05-12,2026-05,12,13,AWS,477.12,0.08,0.0,,,,,,,,,,,,Healthy,Low,0.0
U988,ACCT1064,VM100047,2026-04-28 01:00:00,Database,SKU2,40643,sec,3251.44,INR,0.0,0.08,2026-01-01,2026-04-28,2026-04,28,1,Azure,3251.44,0.08,0.0,,,,,,,,,,,,Healthy,Low,0.0
U989,ACCT1008,VM100183,2026-04-21 00:00:00,Compute,SKU5,10187,sec,814.96,INR,0.0,0.08,2026-01-01,2026-04-21,2026-04,21,0,Azure,814.96,0.08,0.0,,,,,,,,,,,,Healthy,Low,0.0
U990,ACCT1063,VM100120,2026-02-24 01:00:00,Database,SKU15,36692,sec,2935.36,INR,0.0,0.08,2026-01-01,2026-02-24,2026-02,24,1,GCP,2935.36,0.08,0.0,,,,,,,,,,,,Healthy,Low,0.0
U991,ACCT1094,VM100099,2026-01-04 15:00:00,Network,SKU12,45270,sec,3621.6,INR,0.0,0.08,2026-01-01,2026-01-04,2026-01,4,15,GCP,3621.6,0.08,0.0,,,,,,,,,,,,Healthy,Low,0.0
U992,ACCT1093,VM100069,2026-02-12 18:00:00,Network,SKU15,2687,sec,214.96,INR,100.0,0.08,2026-01-01,2026-02-12,2026-02,12,18,Azure,314.96000000000004,0.11721622627465576,46.52,,,,,,,,,,,,Healthy,Low,0.0
U993,ACCT1072,VM100151,2026-04-03 15:00:00,Network,SKU7,45781,sec,3662.48,INR,0.0,0.08,2026-01-01,2026-04-03,2026-04,3,15,AWS,3662.48,0.08,0.0,,,,,,,,,,,,Healthy,Low,0.0
U994,ACCT1073,VM100096,2026-04-03 18:00:00,Database,SKU15,22884,sec,1830.72,INR,0.0,0.08,2026-01-01,2026-04-03,2026-04,3,18,AWS,1830.72,0.08,0.0,,,,,,,,,,,,Healthy,Low,0.0
U995,ACCT1036,VM100284,2026-01-28 08:00:00,Storage,SKU15,4613,sec,369.04,INR,0.0,0.08,2026-01-01,2026-01-28,2026-01,28,8,AWS,369.04,0.08,0.0,,,,,,,,,,,,Healthy,Low,0.0
U996,ACCT1038,VM100135,2026-04-03 10:00:00,Network,SKU1,24159,sec,1932.72,INR,0.0,0.08,2026-01-01,2026-04-03,2026-04,3,10,AWS,1932.72,0.08,0.0,,,,,,,,,,,,Healthy,Low,0.0
U997,ACCT1100,VM100260,2026-03-06 16:00:00,Storage,SKU1,48180,sec,3854.4,INR,0.0,0.08,2026-01-01,2026-03-06,2026-03,6,16,AWS,3854.4,0.08,0.0,,,,,,,,,,,,Healthy,Low,0.0
U998,ACCT1080,VM100187,2026-05-13 10:00:00,Storage,SKU11,40745,sec,3259.6,INR,0.0,0.08,2026-01-01,2026-05-13,2026-05,13,10,GCP,3259.6,0.08,0.0,,,,,,,,,,,,Healthy,Low,0.0
U999,ACCT1093,VM100033,2026-04-23 08:00:00,Network,SKU7,35421,sec,2833.68,INR,0.0,0.08,2026-01-01,2026-04-23,2026-04,23,8,Azure,2833.68,0.08,0.0,,,,,,,,,,,,Healthy,Low,0.0
U1000,ACCT1068,VM100255,2026-05-11 16:00:00,Storage,SKU20,36240,sec,2899.2,INR,100.0,0.08,2026-01-01,2026-05-11,2026-05,11,16,GCP,2999.2,0.08275938189845475,3.45,,,,,,,,,,,,Healthy,Low,0.0
U2, ACCT1029 ,VM100072,2026-05-06 16:00:00, Compute , SKU19 ,6817,hrs ,545.36, INR ,0.0,0.08,2026-01-01,2026-05-06,2026-05,6,16,AWS,545.36,0.08,0.0,,,,,,,,,,,,Healthy,Low,0.0
