Usage_ID,Account,Resource_ID,TS,Service,SKU,Usage,Unit,Cost,Currency,Credit_Amount,Price_Per_Second,Effective_Date_x,Canonical_Service,Usage_Seconds,Credit_Tag,Usage_Type,Z_Score,Usage_Anomaly,Valid_Format,Inventory_Status,Effective_Date_y,Unit_Price,FX_Rate,Cost_USD,Purchase_Type
U82,ACCT1006,VM100224,2026-01-01 06:00:00,Storage,SKU12,34173,sec,2733.84,INR,0.0,0.08,2026-01-01,Storage,34173.0,No Credit,Paid Usage,0.6138802310539409,Normal,False,Mapped,,,0.012,32.81,RESERVED
U601,ACCT1095,VM100261,2026-01-01 10:00:00,Compute,SKU8,2986,sec,238.88,INR,0.0,0.08,2026-01-01,Storage,2986.0,No Credit,Paid Usage,-1.5305908284993985,Normal,False,Mapped,,,0.012,2.87,RESERVED
U153,ACCT1010,VM100081,2026-01-01 10:00:00,Network,SKU20,26872,sec,2149.76,INR,0.0,0.08,2026-01-01,COMPUTE,26872.0,No Credit,Paid Usage,0.11185107769520386,Normal,False,Mapped,,,0.012,25.8,Spot
U560,ACCT1042,VM100298,2026-01-01 10:00:00,Compute,SKU15,48119,sec,3849.52,INR,100.0,0.08,2026-01-01,Storage,48119.0,No Credit,Paid Usage,1.5728308642193904,Normal,False,Mapped,,,0.012,46.19,RESERVED
U755,ACCT1043,VM100121,2026-01-01 11:00:00,Compute,SKU4,935,sec,74.8,INR,0.0,0.08,2026-01-01,Database,935.0,No Credit,Paid Usage,-1.6716210700469631,Normal,False,Mapped,,,0.012,0.9,Spot
U66,ACCT1036,VM100023,2026-01-01 14:00:00,Storage,SKU9,21959,sec,1756.72,INR,0.0,0.08,2026-01-01,Network,21959.0,No Credit,Paid Usage,-0.2259751420625656,Normal,False,Mapped,,,0.012,21.08,Spot
U674,ACCT1007,VM100185,2026-01-01 15:00:00,Compute,SKU10,28123,sec,2249.84,INR,0.0,0.08,2026-01-01,STORAGE,28123.0,No Credit,Paid Usage,0.19787196125249465,Normal,False,Mapped,,,0.012,27.0,RESERVED
U402,ACCT1088,VM100071,2026-01-01 21:00:00,Storage,SKU14,36167,sec,2893.36,INR,0.0,0.08,2026-01-01,Network,36167.0,No Credit,Paid Usage,0.7509910558446985,Normal,False,Mapped,,,0.012,34.72,On-Demand
U469,ACCT1091,VM100078,2026-01-02 13:00:00,Network,SKU12,14434,sec,1154.72,INR,0.0,0.08,2026-01-01,Storage,14434.0,No Credit,Paid Usage,-0.7434069156585793,Normal,False,Mapped,,,0.012,13.86,RESERVED
U58,ACCT1041,VM100038,2026-01-02 14:00:00,Compute,SKU3,30134,sec,2410.72,INR,0.0,0.08,2026-01-01,Compute,30134.0,No Credit,Paid Usage,0.3361517349005456,Normal,False,Mapped,2025-05-01,0.35,0.012,28.93,RESERVED
U571,ACCT1088,VM100228,2026-01-02 14:00:00,Database,SKU4,628,sec,50.24,INR,0.0,0.08,2026-01-01,Database,628.0,No Credit,Paid Usage,-1.692730911175731,Normal,False,Mapped,,,0.012,0.6,On-Demand
U760,ACCT1098,VM100024,2026-01-02 15:00:00,Storage,SKU11,9169,sec,733.52,INR,100.0,0.08,2026-01-01,Database,9169.0,No Credit,Paid Usage,-1.1054372529320693,Normal,False,Mapped,,,0.012,8.8,Spot
U518,ACCT1056,VM100055,2026-01-02 19:00:00,Database,SKU8,6562,sec,524.96,INR,0.0,0.08,2026-01-01,Storage,6562.0,No Credit,Paid Usage,-1.2846989982828743,Normal,False,Mapped,,,0.012,6.3,Spot
U417,ACCT1093,VM100294,2026-01-02 22:00:00,Database,SKU8,17241,sec,1379.28,INR,0.0,0.08,2026-01-01,Storage,17241.0,No Credit,Paid Usage,-0.5503928308102058,Normal,False,Mapped,,,0.012,16.55,On-Demand
U773,ACCT1072,VM100028,2026-01-02 23:00:00,Storage,SKU17,42265,sec,3381.2,INR,0.0,0.08,2026-01-01,Compute,42265.0,No Credit,Paid Usage,1.1702998871255612,Normal,False,Mapped,,,0.012,40.57,On-Demand
U125,ACCT1065,VM100175,2026-01-03 03:00:00,Network,SKU4,27628,sec,2210.24,INR,0.0,0.08,2026-01-01,Database,27628.0,No Credit,Paid Usage,0.16383492099601268,Normal,False,Mapped,,,0.012,26.52,Spot
U173,ACCT1040,VM100283,2026-01-03 08:00:00,Network,SKU3,36292,sec,2903.36,INR,0.0,0.08,2026-01-01,Compute,36292.0,No Credit,Paid Usage,0.7595862680306789,Normal,False,Mapped,2025-05-01,0.35,0.012,34.84,RESERVED
U186,ACCT1068,VM100234,2026-01-03 14:00:00,Storage,SKU14,47446,sec,3795.68,INR,0.0,0.08,2026-01-01,Network,47446.0,No Credit,Paid Usage,1.5265542418100724,Normal,False,Mapped,,,0.012,45.55,On-Demand
U230,ACCT1076,VM100166,2026-01-03 16:00:00,Database,SKU2,11519,sec,921.52,INR,0.0,0.08,2026-01-01,Compute,11519.0,No Credit,Paid Usage,-0.9438472638356398,Normal,False,Mapped,2025-06-01,0.25,0.012,11.06,RESERVED
U586,ACCT1099,VM100038,2026-01-03 20:00:00,Compute,SKU1,38593,sec,3087.44,INR,0.0,0.08,2026-01-01,Network,38593.0,No Credit,Paid Usage,0.9178069339502041,Normal,False,Mapped,2025-07-01,0.15,0.012,37.05,RESERVED
U744,ACCT1022,VM100207,2026-01-04 06:00:00,Storage,SKU5,15069,sec,1205.52,INR,100.0,0.08,2026-01-01,Compute,15069.0,No Credit,Paid Usage,-0.6997432377537994,Normal,False,Mapped,,,0.012,14.47,On-Demand
U115,ACCT1011,VM100241,2026-01-04 07:00:00,Compute,SKU12,49188,sec,3935.04,INR,0.0,0.08,2026-01-01,Storage,49188.0,No Credit,Paid Usage,1.6463371188338938,Normal,False,Mapped,,,0.012,47.22,On-Demand
U649,ACCT1030,VM100113,2026-01-04 09:00:00,Network,SKU1,34601,sec,2768.08,INR,0.0,0.08,2026-01-01,Network,34601.0,No Credit,Paid Usage,0.6433102375787374,Normal,False,Mapped,2025-07-01,0.15,0.012,33.22,Spot
U697,ACCT1035,VM100191,2026-01-04 10:00:00,Database,SKU10,22242,sec,1779.36,INR,0.0,0.08,2026-01-01,STORAGE,22242.0,No Credit,Paid Usage,-0.20651558167350623,Normal,False,Mapped,,,0.012,21.35,RESERVED
U991,ACCT1094,VM100099,2026-01-04 15:00:00,Network,SKU12,45270,sec,3621.6,INR,0.0,0.08,2026-01-01,Storage,45270.0,No Credit,Paid Usage,1.3769287880765275,Normal,False,Mapped,,,0.012,43.46,RESERVED
U201,ACCT1038,VM100152,2026-01-04 17:00:00,Network,SKU9,43237,sec,3458.96,INR,0.0,0.08,2026-01-01,Network,43237.0,No Credit,Paid Usage,1.2371362570837439,Normal,False,Mapped,,,0.012,41.51,On-Demand
U651,ACCT1042,VM100031,2026-01-04 17:00:00,Storage,SKU4,9780,sec,782.4,INR,0.0,0.08,2026-01-01,Database,9780.0,No Credit,Paid Usage,-1.0634238557669977,Normal,False,Mapped,,,0.012,9.39,RESERVED
U525,ACCT1091,VM100059,2026-01-04 20:00:00,Compute,SKU6,22583,sec,1806.64,INR,0.0,0.08,2026-01-01,Storage,22583.0,No Credit,Paid Usage,-0.18306784283015198,Normal,False,Mapped,,,0.012,21.68,On-Demand
U823,ACCT1070,VM100145,2026-01-05 05:00:00,Database,SKU17,33973,sec,2717.84,INR,0.0,0.08,2026-01-01,Compute,33973.0,No Credit,Paid Usage,0.6001278915563724,Normal,False,Mapped,,,0.012,32.61,Spot
U1,ACCT1082,VM100058,2026-01-05 06:00:00,DATABASE,SKU8,48698,hrs ,3895.84,INR,0.0,0.08,2026-01-01,Storage,,No Credit,Paid Usage,1.612643887064851,Normal,False,Mapped,,,0.012,46.75,Spot
U641,ACCT1035,VM100093,2026-01-05 10:00:00,Storage,SKU1,20997,sec,1679.76,INR,0.0,0.08,2026-01-01,Network,20997.0,No Credit,Paid Usage,-0.29212389504586994,Normal,False,Mapped,2025-07-01,0.15,0.012,20.16,Spot
U952,ACCT1071,VM100028,2026-01-05 11:00:00,Compute,SKU4,26118,sec,2089.44,INR,100.0,0.08,2026-01-01,Database,26118.0,No Credit,Paid Usage,0.06000475778937073,Normal,False,Mapped,,,0.012,25.07,On-Demand
U249,ACCT1072,VM100286,2026-01-05 11:00:00,Database,SKU1,40011,sec,3200.88,INR,0.0,0.08,2026-01-01,Network,40011.0,No Credit,Paid Usage,1.0153110209879646,Normal,False,Mapped,2025-07-01,0.15,0.012,38.41,On-Demand
U347,ACCT1031,VM100253,2026-01-05 11:00:00,Database,SKU15,23751,sec,1900.08,INR,0.0,0.08,2026-01-01,Storage,23751.0,No Credit,Paid Usage,-0.10275418016435213,Normal,False,Mapped,,,0.012,22.8,On-Demand
U111,ACCT1080,VM100274,2026-01-05 14:00:00,Compute,SKU3,25922,sec,2073.76,INR,0.0,0.08,2026-01-01,Compute,25922.0,No Credit,Paid Usage,0.04652746508175362,Normal,False,Mapped,2025-05-01,0.35,0.012,24.89,On-Demand
U3,ACCT1055,VM100017,2026-01-06 02:00:00,storage,sku8,6240,Sec,499.2,inr,,0.08,2026-01-01,storage,,No Credit,Paid Usage,-1.3068402648739597,Normal,False,Mapped,,,,,On-Demand
U387,ACCT1088,VM100125,2026-01-06 09:00:00,Compute,SKU7,37623,sec,3009.84,INR,0.0,0.08,2026-01-01,Network,37623.0,No Credit,Paid Usage,0.851108087386997,Normal,False,Mapped,,,0.012,36.12,Spot
U154,ACCT1061,VM100150,2026-01-06 13:00:00,Database,SKU10,15270,sec,1221.6,INR,0.0,0.08,2026-01-01,STORAGE,15270.0,No Credit,Paid Usage,-0.6859221365587431,Normal,False,Mapped,,,0.012,14.66,Spot
U335,ACCT1087,VM100225,2026-01-06 22:00:00,Compute,SKU8,8372,sec,669.76,INR,0.0,0.08,2026-01-01,Storage,8372.0,No Credit,Paid Usage,-1.1602403258298797,Normal,False,Mapped,,,0.012,8.04,RESERVED
U324,ACCT1061,VM100130,2026-01-07 05:00:00,Storage,SKU10,49467,sec,3957.36,INR,0.0,0.08,2026-01-01,STORAGE,49467.0,No Credit,Paid Usage,1.6655216324330018,Normal,False,Mapped,,,0.012,47.49,RESERVED
U322,ACCT1092,VM100235,2026-01-07 07:00:00,Storage,SKU2,19331,sec,1546.48,INR,0.0,0.08,2026-01-01,Compute,19331.0,No Credit,Paid Usage,-0.40668088306061534,Normal,False,Mapped,2025-06-01,0.25,0.012,18.56,RESERVED
U278,ACCT1060,VM100232,2026-01-07 10:00:00,Database,SKU10,3828,sec,306.24,INR,0.0,0.08,2026-01-01,STORAGE,3828.0,No Credit,Paid Usage,-1.4726934792146353,Normal,False,Mapped,,,0.012,3.67,Spot
U829,ACCT1059,VM100170,2026-01-07 11:00:00,Compute,SKU2,5835,sec,466.8,INR,0.0,0.08,2026-01-01,Compute,5835.0,No Credit,Paid Usage,-1.3346887523565356,Normal,False,Mapped,2025-06-01,0.25,0.012,5.6,On-Demand
U873,ACCT1081,VM100263,2026-01-07 16:00:00,Storage,SKU2,37604,sec,3008.32,INR,0.0,0.08,2026-01-01,Compute,37604.0,No Credit,Paid Usage,0.849801615134728,Normal,False,Mapped,2025-06-01,0.25,0.012,36.1,On-Demand
U283,ACCT1065,VM100089,2026-01-07 16:00:00,Network,SKU15,16336,sec,1306.88,INR,0.0,0.08,2026-01-01,Storage,16336.0,No Credit,Paid Usage,-0.6126221670367031,Normal,False,Mapped,,,0.012,15.68,Spot
U587,ACCT1034,VM100111,2026-01-07 19:00:00,Network,SKU17,4062,sec,324.96,INR,0.0,0.08,2026-01-01,Compute,4062.0,No Credit,Paid Usage,-1.4566032420024801,Normal,False,Mapped,,,0.012,3.9,On-Demand
U216,ACCT1015,VM100072,2026-01-08 17:00:00,Database,SKU16,2538,sec,203.04,INR,100.0,0.08,2026-01-01,Network,2538.0,No Credit,Paid Usage,-1.561396068973952,Normal,False,Mapped,,,0.012,2.44,RESERVED
U259,ACCT1086,VM100158,2026-01-08 18:00:00,Network,SKU20,14551,sec,1164.08,INR,0.0,0.08,2026-01-01,COMPUTE,14551.0,No Credit,Paid Usage,-0.7353617970525018,Normal,False,Mapped,,,0.012,13.97,RESERVED
U461,ACCT1041,VM100212,2026-01-08 19:00:00,Storage,SKU5,36965,sec,2957.2,INR,0.0,0.08,2026-01-01,Compute,36965.0,No Credit,Paid Usage,0.8058628904399967,Normal,False,Mapped,,,0.012,35.49,RESERVED
U10,ACCT1025,VM100036,2026-01-08 19:00:00,STORAGE,SKU10,43436,sec,3474.88,INR,0.0,0.08,2026-01-01,STORAGE,43436.0,No Credit,Paid Usage,1.2508198348838246,Normal,False,Mapped,,,0.012,41.7,Spot
U606,ACCT1029,VM100265,2026-01-08 20:00:00,Compute,SKU15,26375,sec,2110.0,INR,0.0,0.08,2026-01-01,Storage,26375.0,No Credit,Paid Usage,0.07767651404374622,Normal,False,Mapped,,,0.012,25.32,On-Demand
U564,ACCT1088,VM100025,2026-01-08 20:00:00,Network,SKU1,6625,sec,530.0,INR,0.0,0.08,2026-01-01,Network,6625.0,No Credit,Paid Usage,-1.2803670113411403,Normal,False,Mapped,2025-07-01,0.15,0.012,6.36,On-Demand
U92,ACCT1019,VM100013,2026-01-08 21:00:00,Network,SKU20,16146,sec,1291.68,INR,0.0,0.08,2026-01-01,COMPUTE,16146.0,No Credit,Paid Usage,-0.6256868895593932,Normal,False,Mapped,,,0.012,15.5,Spot
U371,ACCT1075,VM100181,2026-01-09 07:00:00,Database,SKU16,3412,sec,272.96,INR,0.0,0.08,2026-01-01,Network,3412.0,No Credit,Paid Usage,-1.5012983453695778,Normal,False,Mapped,,,0.012,3.28,On-Demand
U673,ACCT1031,VM100050,2026-01-09 11:00:00,Network,SKU5,25849,sec,2067.92,INR,0.0,0.08,2026-01-01,Compute,25849.0,No Credit,Paid Usage,0.04150786116514113,Normal,False,Mapped,,,0.012,24.82,On-Demand
U46,ACCT1071,VM100051,2026-01-09 15:00:00,Compute,SKU3,42838,sec,3427.04,INR,0.0,0.08,2026-01-01,Compute,42838.0,No Credit,Paid Usage,1.2097003397860948,Normal,False,Mapped,2025-05-01,0.35,0.012,41.12,RESERVED
U366,ACCT1019,VM100050,2026-01-09 15:00:00,Network,SKU20,19119,sec,1529.52,INR,0.0,0.08,2026-01-01,COMPUTE,19119.0,No Credit,Paid Usage,-0.4212583629280379,Normal,False,Mapped,,,0.012,18.35,On-Demand
U568,ACCT1048,VM100085,2026-01-09 20:00:00,Database,SKU8,26074,sec,2085.92,INR,100.0,0.08,2026-01-01,Storage,26074.0,No Credit,Paid Usage,0.05697924309990566,Normal,False,Mapped,,,0.012,25.03,RESERVED
U300,ACCT1018,VM100129,2026-01-09 21:00:00,Network,SKU12,42120,sec,3369.6,INR,0.0,0.08,2026-01-01,Storage,42120.0,No Credit,Paid Usage,1.1603294409898242,Normal,False,Mapped,,,0.012,40.44,Spot
U802,ACCT1049,VM100075,2026-01-10 01:00:00,Compute,SKU7,44025,sec,3522.0,INR,0.0,0.08,2026-01-01,Network,44025.0,No Credit,Paid Usage,1.2913204747041638,Normal,False,Mapped,,,0.012,42.26,RESERVED
U486,ACCT1065,VM100178,2026-01-10 03:00:00,Network,SKU8,6501,sec,520.08,INR,0.0,0.08,2026-01-01,Storage,6501.0,No Credit,Paid Usage,-1.2888934618296328,Normal,False,Mapped,,,0.012,6.24,Spot
U729,ACCT1016,VM100241,2026-01-10 03:00:00,Compute,SKU16,41675,sec,3334.0,INR,0.0,0.08,2026-01-01,Network,41675.0,No Credit,Paid Usage,1.1297304856077341,Normal,False,Mapped,,,0.012,40.01,On-Demand
U731,ACCT1039,VM100212,2026-01-10 05:00:00,Storage,SKU7,9981,sec,798.48,INR,0.0,0.08,2026-01-01,Network,9981.0,No Credit,Paid Usage,-1.0496027545719413,Normal,False,Mapped,,,0.012,9.58,RESERVED
U599,ACCT1066,VM100185,2026-01-10 11:00:00,Storage,SKU12,32842,sec,2627.36,INR,0.0,0.08,2026-01-01,Storage,32842.0,No Credit,Paid Usage,0.5223584116976228,Normal,False,Mapped,,,0.012,31.53,RESERVED
U976,ACCT1011,VM100075,2026-01-10 13:00:00,Network,SKU3,17565,sec,1405.2,INR,100.0,0.08,2026-01-01,Compute,17565.0,No Credit,Paid Usage,-0.5281140408241449,Normal,False,Mapped,2025-05-01,0.35,0.012,16.86,RESERVED
U478,ACCT1071,VM100244,2026-01-10 13:00:00,Compute,SKU6,41829,sec,3346.32,INR,0.0,0.08,2026-01-01,Storage,41829.0,No Credit,Paid Usage,1.140319787020862,Normal,False,Mapped,,,0.012,40.16,On-Demand
U642,ACCT1100,VM100144,2026-01-10 23:00:00,Database,SKU19,31012,sec,2480.96,INR,0.0,0.08,2026-01-01,Compute,31012.0,No Credit,Paid Usage,0.3965245052948712,Normal,False,Mapped,,,0.012,29.77,On-Demand
U938,ACCT1013,VM100084,2026-01-11 05:00:00,Database,SKU16,14220,sec,1137.6,INR,0.0,0.08,2026-01-01,Network,14220.0,No Credit,Paid Usage,-0.7581219189209776,Normal,False,Mapped,,,0.012,13.65,Spot
U637,ACCT1071,VM100246,2026-01-11 09:00:00,Database,SKU13,5848,sec,467.84,INR,0.0,0.08,2026-01-01,Storage,5848.0,No Credit,Paid Usage,-1.3337948502891939,Normal,False,Mapped,,,0.012,5.61,RESERVED
U424,ACCT1073,VM100058,2026-01-11 12:00:00,Storage,SKU19,35990,sec,2879.2,INR,100.0,0.08,2026-01-01,Compute,35990.0,No Credit,Paid Usage,0.7388202353893505,Normal,False,Mapped,,,0.012,34.55,Spot
U617,ACCT1010,VM100291,2026-01-11 15:00:00,Storage,SKU8,28607,sec,2288.56,INR,0.0,0.08,2026-01-01,Storage,28607.0,No Credit,Paid Usage,0.23115262283661034,Normal,False,Mapped,,,0.012,27.46,On-Demand
U36,ACCT1032,VM100116,2026-01-11 22:00:00,Compute,SKU19,22256,sec,1780.48,INR,0.0,0.08,2026-01-01,Compute,22256.0,No Credit,Paid Usage,-0.20555291790867644,Normal,False,Mapped,,,0.012,21.37,On-Demand
U914,ACCT1015,VM100133,2026-01-12 12:00:00,Storage,SKU8,25178,sec,2014.24,INR,0.0,0.08,2026-01-01,Storage,25178.0,No Credit,Paid Usage,-0.004631237849201086,Normal,False,Mapped,,,0.012,24.17,On-Demand
U155,ACCT1090,VM100233,2026-01-13 03:00:00,Storage,SKU9,45148,sec,3611.84,INR,0.0,0.08,2026-01-01,Network,45148.0,No Credit,Paid Usage,1.3685398609830106,Normal,False,Mapped,,,0.012,43.34,RESERVED
U157,ACCT1035,VM100073,2026-01-13 04:00:00,Storage,SKU10,4008,sec,320.64,INR,0.0,0.08,2026-01-01,STORAGE,4008.0,No Credit,Paid Usage,-1.4603163736668237,Normal,False,Mapped,,,0.012,3.85,On-Demand
U910,ACCT1014,VM100287,2026-01-13 08:00:00,Database,SKU11,33075,sec,2646.0,INR,0.0,0.08,2026-01-01,Database,33075.0,No Credit,Paid Usage,0.53837988721229,Normal,False,Mapped,,,0.012,31.75,Spot
U375,ACCT1071,VM100148,2026-01-13 13:00:00,Network,SKU18,25419,sec,2033.52,INR,0.0,0.08,2026-01-01,Network,25419.0,No Credit,Paid Usage,0.011940331245368922,Normal,False,Mapped,,,0.012,24.4,On-Demand
U187,ACCT1084,VM100080,2026-01-13 18:00:00,Database,SKU11,30868,sec,2469.44,INR,0.0,0.08,2026-01-01,Database,30868.0,No Credit,Paid Usage,0.3866228208566219,Normal,False,Mapped,,,0.012,29.63,On-Demand
U333,ACCT1082,VM100030,2026-01-13 19:00:00,Network,SKU12,44086,sec,3526.88,INR,0.0,0.08,2026-01-01,Storage,44086.0,No Credit,Paid Usage,1.2955149382509221,Normal,False,Mapped,,,0.012,42.32,RESERVED
U68,ACCT1002,VM100058,2026-01-13 20:00:00,Storage,SKU18,45386,sec,3630.88,INR,0.0,0.08,2026-01-01,Network,45386.0,No Credit,Paid Usage,1.384905144985117,Normal,False,Mapped,,,0.012,43.57,Spot
U558,ACCT1049,VM100232,2026-01-13 21:00:00,Compute,SKU13,41625,sec,3330.0,INR,0.0,0.08,2026-01-01,Storage,41625.0,No Credit,Paid Usage,1.1262924007333421,Normal,False,Mapped,,,0.012,39.96,Spot
U122,ACCT1092,VM100102,2026-01-13 23:00:00,Storage,SKU4,38903,sec,3112.24,INR,0.0,0.08,2026-01-01,Database,38903.0,No Credit,Paid Usage,0.9391230601714352,Normal,False,Mapped,,,0.012,37.35,On-Demand
U270,ACCT1043,VM100087,2026-01-14 00:00:00,Compute,SKU17,33555,sec,2684.4,INR,0.0,0.08,2026-01-01,Compute,33555.0,No Credit,Paid Usage,0.5713855020064543,Normal,False,Mapped,,,0.012,32.21,On-Demand
U475,ACCT1035,VM100204,2026-01-14 11:00:00,Network,SKU15,24548,sec,1963.84,INR,0.0,0.08,2026-01-01,Storage,24548.0,No Credit,Paid Usage,-0.04795110726654177,Normal,False,Mapped,,,0.012,23.57,On-Demand
U590,ACCT1011,VM100159,2026-01-14 11:00:00,Storage,SKU5,33608,sec,2688.64,INR,0.0,0.08,2026-01-01,Compute,33608.0,No Credit,Paid Usage,0.5750298719733099,Normal,False,Mapped,,,0.012,32.26,Spot
U967,ACCT1029,VM100135,2026-01-14 12:00:00,Storage,SKU17,27771,sec,2221.68,INR,0.0,0.08,2026-01-01,Compute,27771.0,No Credit,Paid Usage,0.17366784373677413,Normal,False,Mapped,,,0.012,26.66,Spot
U358,ACCT1006,VM100015,2026-01-14 20:00:00,Database,SKU7,3079,sec,246.32,INR,0.0,0.08,2026-01-01,Network,3079.0,No Credit,Paid Usage,-1.5241959906330294,Normal,False,Mapped,,,0.012,2.96,on_demand
U676,ACCT1022,VM100150,2026-01-14 23:00:00,Compute,SKU10,31135,sec,2490.8,INR,0.0,0.08,2026-01-01,STORAGE,31135.0,No Credit,Paid Usage,0.4049821940858758,Normal,False,Mapped,,,0.012,29.89,Spot
U825,ACCT1042,VM100264,2026-01-15 01:00:00,Storage,SKU18,6388,sec,511.04,INR,0.0,0.08,2026-01-01,Network,6388.0,No Credit,Paid Usage,-1.2966635336457588,Normal,False,Mapped,,,0.012,6.13,Spot
U953,ACCT1034,VM100080,2026-01-15 09:00:00,Network,SKU10,43015,sec,3441.2,INR,0.0,0.08,2026-01-01,STORAGE,43015.0,No Credit,Paid Usage,1.221871160241443,Normal,False,Mapped,,,0.012,41.29,On-Demand
U681,ACCT1097,VM100050,2026-01-15 15:00:00,Database,SKU18,43887,sec,3510.96,INR,0.0,0.08,2026-01-01,Network,43887.0,No Credit,Paid Usage,1.2818313604508416,Normal,False,Mapped,,,0.012,42.13,On-Demand
U689,ACCT1094,VM100035,2026-01-15 20:00:00,Network,SKU18,25534,sec,2042.72,INR,0.0,0.08,2026-01-01,Network,25534.0,No Credit,Paid Usage,0.01984792645647079,Normal,False,Mapped,,,0.012,24.51,On-Demand
U211,ACCT1072,VM100188,2026-01-16 09:00:00,Compute,SKU9,25958,sec,2076.64,INR,0.0,0.08,2026-01-01,Network,25958.0,No Credit,Paid Usage,0.04900288619131595,Normal,False,Mapped,,,0.012,24.92,On-Demand
U21,ACCT1066,VM100253,2026-01-16 12:00:00,Compute,SKU4,49630,sec,3970.4,INR,0.0,0.08,2026-01-01,Database,49630.0,No Credit,Paid Usage,1.6767297891235202,Normal,False,Mapped,,,0.012,47.64,On-Demand
U252,ACCT1019,VM100016,2026-01-16 15:00:00,Storage,SKU13,48997,sec,3919.76,INR,0.0,0.08,2026-01-01,Storage,48997.0,No Credit,Paid Usage,1.633203634613716,Normal,False,Mapped,,,0.012,47.04,Spot
U916,ACCT1032,VM100148,2026-01-16 20:00:00,Database,SKU3,26244,sec,2099.52,INR,0.0,0.08,2026-01-01,Compute,26244.0,No Credit,Paid Usage,0.06866873167283886,Normal,False,Mapped,2025-05-01,0.35,0.012,25.19,On-Demand
U882,ACCT1065,VM100061,2026-01-16 21:00:00,Storage,SKU20,31704,sec,2536.32,INR,0.0,0.08,2026-01-01,COMPUTE,31704.0,No Credit,Paid Usage,0.4441075999564581,Normal,False,Mapped,,,0.012,30.44,On-Demand
U477,ACCT1084,VM100017,2026-01-16 22:00:00,Network,SKU13,26660,sec,2132.8,INR,0.0,0.08,2026-01-01,Storage,26660.0,No Credit,Paid Usage,0.09727359782778128,Normal,False,Mapped,,,0.012,25.59,On-Demand
U286,ACCT1009,VM100169,2026-01-17 03:00:00,Network,SKU10,36666,sec,2933.28,INR,0.0,0.08,2026-01-01,STORAGE,36666.0,No Credit,Paid Usage,0.7853031428911319,Normal,False,Mapped,,,0.012,35.2,On-Demand
U7,ACCT1012,VM100195,2026-01-17 12:00:00,DATABASE,SKU20,23626,sec,1890.08,INR,,0.08,2026-01-01,COMPUTE,23626.0,No Credit,Paid Usage,-0.11134939235033242,Normal,False,Mapped,,,0.012,22.68,On-Demand
U643,ACCT1030,VM100082,2026-01-18 02:00:00,Storage,SKU9,16343,sec,1307.44,INR,0.0,0.08,2026-01-01,Network,16343.0,No Credit,Paid Usage,-0.6121408351542883,Normal,False,Mapped,,,0.012,15.69,RESERVED
U951,ACCT1022,VM100204,2026-01-18 13:00:00,Compute,SKU16,6362,sec,508.96,INR,0.0,0.08,2026-01-01,Network,6362.0,No Credit,Paid Usage,-1.2984513377804427,Normal,False,Mapped,,,0.012,6.11,On-Demand
U863,ACCT1084,VM100166,2026-01-18 14:00:00,Database,SKU9,46220,sec,3697.6,INR,0.0,0.08,2026-01-01,Network,46220.0,No Credit,Paid Usage,1.4422524006899777,Normal,False,Mapped,,,0.012,44.37,RESERVED
U573,ACCT1012,VM100053,2026-01-18 14:00:00,Database,SKU10,20635,sec,1650.8,INR,0.0,0.08,2026-01-01,STORAGE,20635.0,No Credit,Paid Usage,-0.3170156295364689,Normal,False,Mapped,,,0.012,19.81,Spot
U521,ACCT1004,VM100248,2026-01-18 20:00:00,Network,SKU3,19461,sec,1556.88,INR,0.0,0.08,2026-01-01,Compute,19461.0,No Credit,Paid Usage,-0.39774186238719583,Normal,False,Mapped,2025-05-01,0.35,0.012,18.68,RESERVED
U834,ACCT1046,VM100258,2026-01-19 02:00:00,Database,SKU20,19094,sec,1527.52,INR,0.0,0.08,2026-01-01,COMPUTE,19094.0,No Credit,Paid Usage,-0.422977405365234,Normal,False,Mapped,,,0.012,18.33,RESERVED
U493,ACCT1041,VM100185,2026-01-19 04:00:00,Compute,SKU10,6097,sec,487.76,INR,0.0,0.08,2026-01-01,STORAGE,6097.0,No Credit,Paid Usage,-1.316673187614721,Normal,False,Mapped,,,0.012,5.85,RESERVED
U213,ACCT1049,VM100191,2026-01-19 11:00:00,Storage,SKU16,44326,sec,3546.08,INR,0.0,0.08,2026-01-01,Network,44326.0,No Credit,Paid Usage,1.3120177456480042,Normal,False,Mapped,,,0.012,42.55,RESERVED
U620,ACCT1018,VM100300,2026-01-19 14:00:00,Compute,SKU6,10284,sec,822.72,INR,0.0,0.08,2026-01-01,Storage,10284.0,No Credit,Paid Usage,-1.028767960233125,Normal,False,Mapped,,,0.012,9.87,Spot
U764,ACCT1084,VM100086,2026-01-20 07:00:00,Compute,SKU6,8784,sec,702.72,INR,0.0,0.08,2026-01-01,Storage,8784.0,No Credit,Paid Usage,-1.1319105064648887,Normal,False,Mapped,,,0.012,8.43,RESERVED
U783,ACCT1092,VM100232,2026-01-20 11:00:00,Storage,SKU1,6485,sec,518.8,INR,0.0,0.08,2026-01-01,Network,6485.0,No Credit,Paid Usage,-1.2899936489894381,Normal,False,Mapped,2025-07-01,0.15,0.012,6.23,Spot
U81,ACCT1078,VM100262,2026-01-20 17:00:00,Storage,SKU9,25344,sec,2027.52,INR,0.0,0.08,2026-01-01,Network,25344.0,No Credit,Paid Usage,0.006783203933780744,Normal,False,Mapped,,,0.012,24.33,Spot
U593,ACCT1012,VM100223,2026-01-20 19:00:00,Compute,SKU10,29812,sec,2384.96,INR,0.0,0.08,2026-01-01,STORAGE,29812.0,No Credit,Paid Usage,0.3140104683094604,Normal,False,Mapped,,,0.012,28.62,On-Demand
U536,ACCT1031,VM100157,2026-01-20 23:00:00,Database,SKU5,12096,sec,967.68,INR,100.0,0.08,2026-01-01,Compute,12096.0,No Credit,Paid Usage,-0.9041717643851548,Normal,False,Mapped,,,0.012,11.61,RESERVED
U812,ACCT1095,VM100264,2026-01-21 08:00:00,Compute,SKU14,24820,sec,1985.6,INR,0.0,0.08,2026-01-01,Network,24820.0,No Credit,Paid Usage,-0.02924792554984865,Normal,False,Mapped,,,0.012,23.83,Spot
U594,ACCT1086,VM100090,2026-01-21 09:00:00,Storage,SKU1,930,sec,74.4,INR,0.0,0.08,2026-01-01,Network,930.0,No Credit,Paid Usage,-1.6719648785344026,Normal,False,Mapped,2025-07-01,0.15,0.012,0.89,Spot
U730,ACCT1025,VM100257,2026-01-21 10:00:00,Network,SKU17,44710,sec,3576.8,INR,0.0,0.08,2026-01-01,Compute,44710.0,No Credit,Paid Usage,1.3384222374833357,Normal,False,Mapped,,,0.012,42.92,On-Demand
U921,ACCT1100,VM100055,2026-01-21 11:00:00,Network,SKU20,5243,sec,419.44,INR,0.0,0.08,2026-01-01,COMPUTE,5243.0,No Credit,Paid Usage,-1.3753956772693383,Normal,False,Mapped,,,0.012,5.03,Spot
U941,ACCT1003,VM100211,2026-01-21 16:00:00,Storage,SKU19,23109,sec,1848.72,INR,0.0,0.08,2026-01-01,Compute,23109.0,No Credit,Paid Usage,-0.1468991899515469,Normal,False,Mapped,,,0.012,22.18,On-Demand
U172,ACCT1057,VM100249,2026-01-21 17:00:00,Storage,SKU6,1991,sec,159.28,INR,0.0,0.08,2026-01-01,Storage,1991.0,No Credit,Paid Usage,-1.5990087174998018,Normal,False,Mapped,,,0.012,1.91,RESERVED
U632,ACCT1012,VM100170,2026-01-21 21:00:00,Network,SKU2,2898,sec,231.84,INR,100.0,0.08,2026-01-01,Compute,2898.0,No Credit,Paid Usage,-1.5366418578783287,Normal,False,Mapped,2025-06-01,0.25,0.012,2.78,On-Demand
U365,ACCT1031,VM100239,2026-01-21 21:00:00,Network,SKU8,17629,sec,1410.32,INR,0.0,0.08,2026-01-01,Storage,17629.0,No Credit,Paid Usage,-0.523713292184923,Normal,False,Mapped,,,0.012,16.92,On-Demand
U225,ACCT1043,VM100125,2026-01-22 11:00:00,Storage,SKU3,37100,sec,2968.0,INR,0.0,0.08,2026-01-01,Compute,37100.0,No Credit,Paid Usage,0.8151457196008555,Normal,False,Mapped,2025-05-01,0.35,0.012,35.62,Spot
U142,ACCT1002,VM100274,2026-01-22 14:00:00,Compute,SKU2,18077,sec,1446.16,INR,0.0,0.08,2026-01-01,Compute,18077.0,No Credit,Paid Usage,-0.4929080517103696,Normal,False,Mapped,2025-06-01,0.25,0.012,17.35,On-Demand
U872,ACCT1032,VM100023,2026-01-22 19:00:00,Storage,SKU5,37684,sec,3014.72,INR,100.0,0.08,2026-01-01,Compute,37684.0,No Credit,Paid Usage,0.8553025509337554,Normal,False,Mapped,,,0.012,36.18,Spot
U725,ACCT1013,VM100242,2026-01-22 20:00:00,Database,SKU18,48656,sec,3892.48,INR,0.0,0.08,2026-01-01,Network,48656.0,No Credit,Paid Usage,1.6097558957703617,Normal,False,Mapped,,,0.012,46.71,On-Demand
U376,ACCT1036,VM100061,2026-01-22 23:00:00,Network,SKU12,6436,sec,514.88,INR,100.0,0.08,2026-01-01,Storage,6436.0,No Credit,Paid Usage,-1.2933629721663424,Normal,False,Mapped,,,0.012,6.18,On-Demand
U288,ACCT1040,VM100201,2026-01-23 00:00:00,Compute,SKU10,39096,sec,3127.68,INR,100.0,0.08,2026-01-01,STORAGE,39096.0,No Credit,Paid Usage,0.9523940677865887,Normal,False,Mapped,,,0.012,37.53,On-Demand
U629,ACCT1008,VM100114,2026-01-23 07:00:00,Network,SKU12,13084,sec,1046.72,INR,0.0,0.08,2026-01-01,Storage,13084.0,No Credit,Paid Usage,-0.8362352072671665,Normal,False,Mapped,,,0.012,12.56,RESERVED
U229,ACCT1085,VM100014,2026-01-23 11:00:00,Database,SKU8,1073,sec,85.84,INR,0.0,0.08,2026-01-01,Storage,1073.0,No Credit,Paid Usage,-1.662131955793641,Normal,False,Mapped,,,0.012,1.03,RESERVED
U570,ACCT1062,VM100040,2026-01-23 15:00:00,Storage,SKU17,39007,sec,3120.56,INR,0.0,0.08,2026-01-01,Compute,39007.0,No Credit,Paid Usage,0.9462742767101708,Normal,False,Mapped,,,0.012,37.45,On-Demand
U434,ACCT1088,VM100277,2026-01-23 16:00:00,Database,SKU4,42930,sec,3434.4,INR,0.0,0.08,2026-01-01,Database,42930.0,No Credit,Paid Usage,1.2160264159549763,Normal,False,Mapped,,,0.012,41.21,Spot
U850,ACCT1036,VM100185,2026-01-23 22:00:00,Database,SKU16,44636,sec,3570.88,INR,0.0,0.08,2026-01-01,Network,44636.0,No Credit,Paid Usage,1.3333338718692354,Normal,False,Mapped,,,0.012,42.85,RESERVED
U112,ACCT1083,VM100220,2026-01-24 03:00:00,Storage,SKU2,30357,sec,2428.56,INR,100.0,0.08,2026-01-01,Compute,30357.0,No Credit,Paid Usage,0.3514855934403345,Normal,False,Mapped,2025-06-01,0.25,0.012,29.14,Spot
U292,ACCT1025,VM100116,2026-01-24 11:00:00,Compute,SKU10,10254,sec,820.32,INR,0.0,0.08,2026-01-01,STORAGE,10254.0,No Credit,Paid Usage,-1.0308308111577604,Normal,False,Mapped,,,0.012,9.84,On-Demand
U659,ACCT1014,VM100255,2026-01-25 00:00:00,Compute,SKU8,21803,sec,1744.24,INR,0.0,0.08,2026-01-01,Storage,21803.0,No Credit,Paid Usage,-0.23670196687066902,Normal,False,Mapped,,,0.012,20.93,RESERVED
U210,ACCT1060,VM100039,2026-01-25 00:00:00,Storage,SKU13,49524,sec,3961.92,INR,0.0,0.08,2026-01-01,Storage,49524.0,No Credit,Paid Usage,1.6694410491898088,Normal,False,Mapped,,,0.012,47.54,Spot
U841,ACCT1053,VM100263,2026-01-25 07:00:00,Storage,SKU8,10648,sec,851.84,INR,0.0,0.08,2026-01-01,Storage,10648.0,No Credit,Paid Usage,-1.0037387023475506,Normal,False,Mapped,,,0.012,10.22,On-Demand
U272,ACCT1031,VM100053,2026-01-25 23:00:00,Storage,SKU6,16875,sec,1350.0,INR,100.0,0.08,2026-01-01,Storage,16875.0,No Credit,Paid Usage,-0.5755596120907561,Normal,False,Mapped,,,0.012,16.2,Spot
U756,ACCT1074,VM100253,2026-01-26 10:00:00,Compute,SKU4,6003,sec,480.24,INR,0.0,0.08,2026-01-01,Database,6003.0,No Credit,Paid Usage,-1.3231367871785782,Normal,False,Mapped,,,0.012,5.76,On-Demand
U147,ACCT1081,VM100028,2026-01-26 21:00:00,Database,SKU3,9877,sec,790.16,INR,0.0,0.08,2026-01-01,Compute,9877.0,No Credit,Paid Usage,-1.056753971110677,Normal,False,Mapped,2025-05-01,0.35,0.012,9.48,On-Demand
U28,ACCT1078,VM100102,2026-01-27 02:00:00,Storage,SKU18,24604,sec,1968.32,INR,0.0,0.08,2026-01-01,Network,24604.0,No Credit,Paid Usage,-0.0441004522072226,Normal,False,Mapped,,,0.012,23.62,On-Demand
U421,ACCT1018,VM100245,2026-01-27 03:00:00,Database,SKU14,29917,sec,2393.36,INR,0.0,0.08,2026-01-01,Network,29917.0,No Credit,Paid Usage,0.32123044654568383,Normal,False,Mapped,,,0.012,28.72,Spot
U890,ACCT1047,VM100055,2026-01-27 09:00:00,Database,SKU9,28023,sec,2241.84,INR,0.0,0.08,2026-01-01,Network,28023.0,No Credit,Paid Usage,0.1909957915037104,Normal,False,Mapped,,,0.012,26.9,Spot
U63,ACCT1014,VM100284,2026-01-27 12:00:00,Database,SKU20,17948,sec,1435.84,INR,0.0,0.08,2026-01-01,COMPUTE,17948.0,No Credit,Paid Usage,-0.5017783106863013,Normal,False,Mapped,,,0.012,17.23,Spot
U6,ACCT1044,VM100143,2026-01-27 12:00:00,database,sku4,14210,sec,1136.8,inr,0.0,0.08,2026-01-01,database,14210.0,No Credit,Paid Usage,-0.758809535895856,Normal,False,Mapped,,,,,Spot
U152,ACCT1085,VM100042,2026-01-27 19:00:00,Storage,SKU18,15819,sec,1265.52,INR,100.0,0.08,2026-01-01,Network,15819.0,No Credit,Paid Usage,-0.6481719646379177,Normal,False,Mapped,,,0.012,15.19,On-Demand
U869,ACCT1020,VM100096,2026-01-27 20:00:00,Compute,SKU8,23838,sec,1907.04,INR,0.0,0.08,2026-01-01,Storage,23838.0,No Credit,Paid Usage,-0.09677191248290984,Normal,False,Mapped,,,0.012,22.88,RESERVED
U623,ACCT1016,VM100047,2026-01-27 21:00:00,Database,SKU20,45061,sec,3604.88,INR,0.0,0.08,2026-01-01,COMPUTE,45061.0,No Credit,Paid Usage,1.3625575933015683,Normal,False,Mapped,,,0.012,43.26,RESERVED
U26,ACCT1038,VM100223,2026-01-27 23:00:00,Compute,SKU9,29835,sec,2386.8,INR,0.0,0.08,2026-01-01,Network,29835.0,No Credit,Paid Usage,0.31559198735168076,Normal,False,Mapped,,,0.012,28.64,On-Demand
U859,ACCT1018,VM100229,2026-01-28 04:00:00,Storage,SKU16,11840,sec,947.2,INR,0.0,0.08,2026-01-01,Network,11840.0,No Credit,Paid Usage,-0.9217747589420424,Normal,False,Mapped,,,0.012,11.37,Spot
U995,ACCT1036,VM100284,2026-01-28 08:00:00,Storage,SKU15,4613,sec,369.04,INR,0.0,0.08,2026-01-01,Storage,4613.0,No Credit,Paid Usage,-1.418715546686679,Normal,False,Mapped,,,0.012,4.43,Spot
U897,ACCT1079,VM100027,2026-01-28 10:00:00,Compute,SKU3,25600,sec,2048.0,INR,0.0,0.08,2026-01-01,Compute,25600.0,No Credit,Paid Usage,0.024386198490668386,Normal,False,Mapped,2025-05-01,0.35,0.012,24.58,On-Demand
U668,ACCT1022,VM100193,2026-01-28 11:00:00,Compute,SKU18,48071,sec,3845.68,INR,0.0,0.08,2026-01-01,Network,48071.0,No Credit,Paid Usage,1.5695303027399738,Normal,False,Mapped,,,0.012,46.15,On-Demand
U484,ACCT1010,VM100154,2026-01-28 17:00:00,Storage,SKU19,37059,sec,2964.72,INR,0.0,0.08,2026-01-01,Compute,37059.0,No Credit,Paid Usage,0.8123264900038539,Normal,False,Mapped,,,0.012,35.58,On-Demand
U381,ACCT1079,VM100164,2026-01-28 17:00:00,Database,SKU19,25852,sec,2068.16,INR,0.0,0.08,2026-01-01,Compute,25852.0,No Credit,Paid Usage,0.04171414625760466,Normal,False,Mapped,,,0.012,24.82,On-Demand
U12,ACCT1059,VM100187,2026-01-28 18:00:00,database,sku7,24360,sec,1948.8,inr,0.0,0.08,2026-01-01,database,24360.0,No Credit,Paid Usage,-0.06087830639425613,Normal,False,Mapped,,,,,Spot
U425,ACCT1069,VM100077,2026-01-29 01:00:00,Network,SKU4,21603,sec,1728.24,INR,0.0,0.08,2026-01-01,Database,21603.0,No Credit,Paid Usage,-0.2504543063682375,Normal,False,Mapped,,,0.012,20.74,Spot
U353,ACCT1020,VM100156,2026-01-29 02:00:00,Database,SKU8,10714,sec,857.12,INR,0.0,0.08,2026-01-01,Storage,10714.0,No Credit,Paid Usage,-0.9992004303133529,Normal,False,Mapped,,,0.012,10.29,Spot
U551,ACCT1081,VM100220,2026-01-29 07:00:00,Storage,SKU7,40480,sec,3238.4,INR,0.0,0.08,2026-01-01,Network,40480.0,No Credit,Paid Usage,1.0475602571097626,Normal,False,Mapped,,,0.012,38.86,Spot
U47,ACCT1097,VM100122,2026-01-29 09:00:00,Network,SKU16,26734,sec,2138.72,INR,0.0,0.08,2026-01-01,Network,26734.0,No Credit,Paid Usage,0.10236196344188161,Normal,False,Mapped,,,0.012,25.66,On-Demand
U331,ACCT1078,VM100219,2026-01-29 10:00:00,Network,SKU12,45304,sec,3624.32,INR,0.0,0.08,2026-01-01,Storage,45304.0,No Credit,Paid Usage,1.3792666857911142,Normal,False,Mapped,,,0.012,43.49,RESERVED
U741,ACCT1065,VM100157,2026-01-29 12:00:00,Compute,SKU10,4378,sec,350.24,INR,0.0,0.08,2026-01-01,STORAGE,4378.0,No Credit,Paid Usage,-1.434874545596322,Normal,False,Mapped,,,0.012,4.2,RESERVED
U660,ACCT1045,VM100164,2026-01-29 15:00:00,Compute,SKU11,41793,sec,3343.44,INR,0.0,0.08,2026-01-01,Database,41793.0,No Credit,Paid Usage,1.1378443659112996,Normal,False,Mapped,,,0.012,40.12,On-Demand
U466,ACCT1022,VM100181,2026-01-29 21:00:00,Network,SKU6,9272,sec,741.76,INR,0.0,0.08,2026-01-01,Storage,9272.0,No Credit,Paid Usage,-1.0983547980908215,Normal,False,Mapped,,,0.012,8.9,On-Demand
U386,ACCT1075,VM100246,2026-01-30 02:00:00,Network,SKU5,34456,sec,2756.48,INR,0.0,0.08,2026-01-01,Compute,34456.0,No Credit,Paid Usage,0.6333397914430002,Normal,False,Mapped,,,0.012,33.08,RESERVED
U357,ACCT1075,VM100079,2026-01-30 05:00:00,Database,SKU19,43270,sec,3461.6,INR,0.0,0.08,2026-01-01,Compute,43270.0,No Credit,Paid Usage,1.2394053931008429,Normal,False,Mapped,,,0.012,41.54,Spot
U686,ACCT1097,VM100230,2026-01-30 12:00:00,Storage,SKU7,11055,sec,884.4,INR,0.0,0.08,2026-01-01,Network,11055.0,No Credit,Paid Usage,-0.9757526914699987,Normal,False,Mapped,,,0.012,10.61,RESERVED
U942,ACCT1074,VM100276,2026-01-30 18:00:00,Database,SKU11,18752,sec,1500.16,INR,0.0,0.08,2026-01-01,Database,18752.0,No Credit,Paid Usage,-0.44649390590607607,Normal,False,Mapped,,,0.012,18.0,Spot
U262,ACCT1064,VM100221,2026-01-30 23:00:00,Network,SKU18,8566,sec,685.28,INR,0.0,0.08,2026-01-01,Network,8566.0,No Credit,Paid Usage,-1.1469005565172383,Normal,False,Mapped,,,0.012,8.22,RESERVED
U881,ACCT1078,VM100050,2026-01-31 06:00:00,Compute,SKU18,31286,sec,2502.88,INR,0.0,0.08,2026-01-01,Network,31286.0,No Credit,Paid Usage,0.41536521040654,Normal,False,Mapped,,,0.012,30.03,On-Demand
U79,ACCT1015,VM100134,2026-01-31 11:00:00,Database,SKU2,38149,sec,3051.92,INR,0.0,0.08,2026-01-01,Compute,38149.0,No Credit,Paid Usage,0.8872767402656021,Normal,False,Mapped,2025-06-01,0.25,0.012,36.62,Spot
U73,ACCT1053,VM100013,2026-01-31 14:00:00,Database,SKU14,48371,sec,3869.68,INR,0.0,0.08,2026-01-01,Network,48371.0,No Credit,Paid Usage,1.5901588119863266,Normal,False,Mapped,,,0.012,46.44,Spot
U766,ACCT1087,VM100225,2026-01-31 22:00:00,Network,SKU12,40163,sec,3213.04,INR,0.0,0.08,2026-01-01,Storage,40163.0,No Credit,Paid Usage,1.0257627990061167,Normal,False,Mapped,,,0.012,38.56,RESERVED
U977,ACCT1070,VM100241,2026-01-31 23:00:00,Database,SKU13,12695,sec,1015.6,INR,0.0,0.08,2026-01-01,Storage,12695.0,No Credit,Paid Usage,-0.8629835075899371,Normal,False,Mapped,,,0.012,12.19,On-Demand
U969,ACCT1025,VM100036,2026-02-01 03:00:00,Database,SKU4,9053,sec,724.24,INR,0.0,0.08,2026-01-01,Database,9053.0,No Credit,Paid Usage,-1.113413609840659,Normal,False,Mapped,,,0.012,8.69,Spot
U918,ACCT1074,VM100138,2026-02-01 04:00:00,Storage,SKU16,49000,sec,3920.0,INR,0.0,0.08,2026-01-01,Network,49000.0,No Credit,Paid Usage,1.6334099197061795,Normal,False,Mapped,,,0.012,47.04,Spot
U762,ACCT1048,VM100176,2026-02-01 05:00:00,Network,SKU13,7560,sec,604.8,INR,0.0,0.08,2026-01-01,Storage,7560.0,No Credit,Paid Usage,-1.2160748241900077,Normal,False,Mapped,,,0.012,7.26,Spot
U414,ACCT1052,VM100049,2026-02-01 12:00:00,Network,SKU11,9315,sec,745.2,INR,0.0,0.08,2026-01-01,Database,9315.0,No Credit,Paid Usage,-1.0953980450988443,Normal,False,Mapped,,,0.012,8.94,Spot
U538,ACCT1050,VM100217,2026-02-01 16:00:00,Storage,SKU18,31994,sec,2559.52,INR,0.0,0.08,2026-01-01,Network,31994.0,No Credit,Paid Usage,0.4640484922279324,Normal,False,Mapped,,,0.012,30.71,RESERVED
U972,ACCT1069,VM100012,2026-02-01 17:00:00,Database,SKU9,6802,sec,544.16,INR,0.0,0.08,2026-01-01,Network,6802.0,No Credit,Paid Usage,-1.2681961908857922,Normal,False,Mapped,,,0.012,6.53,Reserved
U528,ACCT1081,VM100095,2026-02-01 19:00:00,Network,SKU13,42074,sec,3365.92,INR,100.0,0.08,2026-01-01,Storage,42074.0,No Credit,Paid Usage,1.1571664029053834,Normal,False,Mapped,,,0.012,40.39,Spot
U531,ACCT1014,VM100275,2026-02-01 21:00:00,Database,SKU7,24072,sec,1925.76,INR,0.0,0.08,2026-01-01,Network,24072.0,No Credit,Paid Usage,-0.08068167527075473,Normal,False,Mapped,,,0.012,23.11,Spot
U929,ACCT1047,VM100133,2026-02-01 22:00:00,Database,SKU8,36050,sec,2884.0,INR,0.0,0.08,2026-01-01,Storage,36050.0,No Credit,Paid Usage,0.742945937238621,Normal,False,Mapped,,,0.012,34.61,On-Demand
U787,ACCT1033,VM100101,2026-02-02 00:00:00,Network,SKU7,8013,sec,641.04,INR,0.0,0.08,2026-01-01,Network,8013.0,No Credit,Paid Usage,-1.1849257752280151,Normal,False,Mapped,,,0.012,7.69,RESERVED
U719,ACCT1034,VM100153,2026-02-02 03:00:00,Storage,SKU2,9925,sec,794.0,INR,0.0,0.08,2026-01-01,Compute,9925.0,No Credit,Paid Usage,-1.0534534096312604,Normal,False,Mapped,2025-06-01,0.25,0.012,9.53,On-Demand
U965,ACCT1071,VM100192,2026-02-02 04:00:00,Network,SKU13,27083,sec,2166.64,INR,0.0,0.08,2026-01-01,Storage,27083.0,No Credit,Paid Usage,0.1263597958651386,Normal,False,Mapped,,,0.012,26.0,On-Demand
U223,ACCT1051,VM100142,2026-02-02 09:00:00,Network,SKU3,8105,sec,648.4,INR,0.0,0.08,2026-01-01,Compute,8105.0,No Credit,Paid Usage,-1.1785996990591336,Normal,False,Mapped,2025-05-01,0.35,0.012,7.78,RESERVED
U368,ACCT1093,VM100161,2026-02-02 09:00:00,Network,SKU17,10542,sec,843.36,INR,100.0,0.08,2026-01-01,Compute,10542.0,No Credit,Paid Usage,-1.0110274422812617,Normal,False,Mapped,,,0.012,10.12,RESERVED
U41,ACCT1061,VM100209,2026-02-02 11:00:00,Compute,SKU14,6281,sec,502.48,INR,0.0,0.08,2026-01-01,Network,6281.0,No Credit,Paid Usage,-1.3040210352769581,Normal,False,Mapped,,,0.012,6.03,Spot
U739,ACCT1042,VM100272,2026-02-02 12:00:00,Compute,SKU8,1274,sec,101.92,INR,0.0,0.08,2026-01-01,Storage,1274.0,No Credit,Paid Usage,-1.6483108545985847,Normal,False,Mapped,,,0.012,1.22,On-Demand
U410,ACCT1060,VM100140,2026-02-02 21:00:00,Database,SKU6,7482,sec,598.56,INR,0.0,0.08,2026-01-01,Storage,7482.0,No Credit,Paid Usage,-1.2214382365940593,Normal,False,Mapped,,,0.012,7.18,RESERVED
U842,ACCT1079,VM100130,2026-02-03 03:00:00,Storage,SKU19,7611,sec,608.88,INR,0.0,0.08,2026-01-01,Compute,7611.0,No Credit,Paid Usage,-1.2125679776181277,Normal,False,Mapped,,,0.012,7.31,RESERVED
U853,ACCT1018,VM100276,2026-02-03 12:00:00,Compute,SKU3,17351,sec,1388.08,INR,0.0,0.08,2026-01-01,Compute,17351.0,No Credit,Paid Usage,-0.5428290440865432,Normal,False,Mapped,2025-05-01,0.35,0.012,16.66,Spot
U631,ACCT1003,VM100034,2026-02-03 17:00:00,Network,SKU5,42435,sec,3394.8,INR,0.0,0.08,2026-01-01,Compute,42435.0,No Credit,Paid Usage,1.1819893756984945,Normal,False,Mapped,,,0.012,40.74,On-Demand
U983,ACCT1082,VM100153,2026-02-03 21:00:00,Compute,SKU7,23720,sec,1897.6,INR,0.0,0.08,2026-01-01,Network,23720.0,No Credit,Paid Usage,-0.10488579278647524,Normal,False,Mapped,,,0.012,22.77,On-Demand
U638,ACCT1018,VM100215,2026-02-04 00:00:00,Storage,SKU18,42216,sec,3377.28,INR,0.0,0.08,2026-01-01,Network,42216.0,No Credit,Paid Usage,1.166930563948657,Normal,False,Mapped,,,0.012,40.53,On-Demand
U675,ACCT1085,VM100246,2026-02-04 01:00:00,Compute,SKU7,6456,sec,516.48,INR,0.0,0.08,2026-01-01,Network,6456.0,No Credit,Paid Usage,-1.2919877382165856,Normal,False,Mapped,,,0.012,6.2,RESERVED
U509,ACCT1015,VM100289,2026-02-04 02:00:00,Storage,SKU18,38912,sec,3112.96,INR,0.0,0.08,2026-01-01,Network,38912.0,No Credit,Paid Usage,0.9397419154488258,Normal,False,Mapped,,,0.012,37.36,Spot
U342,ACCT1037,VM100252,2026-02-04 03:00:00,Storage,SKU3,8137,sec,650.96,INR,0.0,0.08,2026-01-01,Compute,8137.0,No Credit,Paid Usage,-1.1763993247395226,Normal,False,Mapped,2025-05-01,0.35,0.012,7.81,RESERVED
U880,ACCT1014,VM100009,2026-02-04 12:00:00,Network,SKU5,34356,sec,2748.48,INR,100.0,0.08,2026-01-01,Compute,34356.0,No Credit,Paid Usage,0.626463621694216,Normal,False,Mapped,,,0.012,32.98,Spot
U920,ACCT1027,VM100118,2026-02-04 14:00:00,Database,SKU5,16464,sec,1317.12,INR,100.0,0.08,2026-01-01,Compute,16464.0,No Credit,Paid Usage,-0.6038206697582593,Normal,False,Mapped,,,0.012,15.81,RESERVED
U452,ACCT1032,VM100131,2026-02-04 16:00:00,Compute,SKU15,21744,sec,1739.52,INR,0.0,0.08,2026-01-01,Storage,21744.0,No Credit,Paid Usage,-0.24075890702245173,Normal,False,Mapped,,,0.012,20.87,RESERVED
U64,ACCT1027,VM100176,2026-02-04 17:00:00,Database,SKU17,45155,sec,3612.4,INR,100.0,0.08,2026-01-01,Compute,45155.0,No Credit,Paid Usage,1.3690211928654257,Normal,False,Mapped,,,0.012,43.35,Spot
U171,ACCT1098,VM100027,2026-02-04 17:00:00,Storage,SKU10,17601,sec,1408.08,INR,0.0,0.08,2026-01-01,STORAGE,17601.0,No Credit,Paid Usage,-0.5256386197145826,Normal,False,Mapped,,,0.012,16.9,On-Demand
U804,ACCT1008,VM100152,2026-02-04 19:00:00,Compute,SKU12,49487,sec,3958.96,INR,0.0,0.08,2026-01-01,Storage,49487.0,No Credit,Paid Usage,1.6668968663827586,Normal,False,Mapped,,,0.012,47.51,On-Demand
U260,ACCT1008,VM100004,2026-02-04 21:00:00,Storage,SKU5,19853,sec,1588.24,INR,0.0,0.08,2026-01-01,Compute,19853.0,No Credit,Paid Usage,-0.3707872769719616,Normal,False,Mapped,,,0.012,19.06,Spot
U671,ACCT1013,VM100170,2026-02-05 01:00:00,Network,SKU18,12550,sec,1004.0,INR,0.0,0.08,2026-01-01,Network,12550.0,No Credit,Paid Usage,-0.8729539537256743,Normal,False,Mapped,,,0.012,12.05,On-Demand
U581,ACCT1085,VM100155,2026-02-05 01:00:00,Storage,SKU13,34031,sec,2722.48,INR,0.0,0.08,2026-01-01,Storage,34031.0,No Credit,Paid Usage,0.6041160700106672,Normal,False,Mapped,,,0.012,32.67,RESERVED
U530,ACCT1001,VM100110,2026-02-05 02:00:00,Compute,SKU19,18341,sec,1467.28,INR,0.0,0.08,2026-01-01,Compute,18341.0,No Credit,Paid Usage,-0.47475496357357927,Normal,False,Mapped,,,0.012,17.61,Spot
U226,ACCT1098,VM100284,2026-02-05 08:00:00,Storage,SKU8,38529,sec,3082.32,INR,0.0,0.08,2026-01-01,Storage,38529.0,No Credit,Paid Usage,0.9134061853109822,Normal,False,Mapped,,,0.012,36.99,Spot
U735,ACCT1058,VM100141,2026-02-05 17:00:00,Storage,SKU19,49985,sec,3998.8,INR,0.0,0.08,2026-01-01,Compute,49985.0,No Credit,Paid Usage,1.7011401917317042,Normal,False,Mapped,,,0.012,47.99,RESERVED
U550,ACCT1016,VM100122,2026-02-05 19:00:00,Database,SKU20,48440,sec,3875.2,INR,0.0,0.08,2026-01-01,COMPUTE,48440.0,No Credit,Paid Usage,1.5949033691129877,Normal,False,Mapped,,,0.012,46.5,On-Demand
U17,ACCT1035,VM100034,2026-02-06 00:00:00,Database,SKU7,37270,sec,2981.6,INR,0.0,0.08,2026-01-01,Network,37270.0,No Credit,Paid Usage,0.8268352081737886,Normal,False,Mapped,,,0.012,35.78,On-Demand
U456,ACCT1039,VM100008,2026-02-06 03:00:00,Compute,SKU16,12553,sec,1004.24,INR,100.0,0.08,2026-01-01,Network,12553.0,No Credit,Paid Usage,-0.8727476686332108,Normal,False,Mapped,,,0.012,12.05,Spot
U131,ACCT1024,VM100250,2026-02-06 04:00:00,Database,SKU11,23353,sec,1868.24,INR,0.0,0.08,2026-01-01,Database,23353.0,No Credit,Paid Usage,-0.13012133576451337,Normal,False,Mapped,,,0.012,22.42,Spot
U455,ACCT1025,VM100287,2026-02-07 00:00:00,Storage,SKU11,31517,sec,2521.36,INR,0.0,0.08,2026-01-01,Database,31517.0,No Credit,Paid Usage,0.4312491625262316,Normal,False,Mapped,,,0.012,30.26,Spot
U51,ACCT1025,VM100152,2026-02-07 03:00:00,Compute,SKU11,3932,sec,314.56,INR,0.0,0.08,2026-01-01,Database,3932.0,No Credit,Paid Usage,-1.4655422626758998,Normal,False,Mapped,,,0.012,3.77,On-Demand
U95,ACCT1100,VM100218,2026-02-07 08:00:00,Network,SKU2,11626,sec,930.08,INR,0.0,0.08,2026-01-01,Compute,11626.0,No Credit,Paid Usage,-0.9364897622044407,Normal,False,Mapped,2025-06-01,0.25,0.012,11.16,On-Demand
U860,ACCT1046,VM100021,2026-02-07 08:00:00,Storage,SKU3,32058,sec,2564.64,INR,0.0,0.08,2026-01-01,Compute,32058.0,No Credit,Paid Usage,0.4684492408671543,Normal,False,Mapped,2025-05-01,0.35,0.012,30.78,RESERVED
U899,ACCT1009,VM100135,2026-02-07 20:00:00,Compute,SKU20,24403,sec,1952.24,INR,0.0,0.08,2026-01-01,COMPUTE,24403.0,No Credit,Paid Usage,-0.05792155340227891,Normal,False,Mapped,,,0.012,23.43,Spot
U75,ACCT1005,VM100241,2026-02-07 23:00:00,Network,SKU12,13179,sec,1054.32,INR,0.0,0.08,2026-01-01,Storage,13179.0,No Credit,Paid Usage,-0.8297028460058214,Normal,False,Mapped,,,0.012,12.65,On-Demand
U76,ACCT1040,VM100117,2026-02-08 01:00:00,Storage,SKU13,1650,sec,132.0,INR,0.0,0.08,2026-01-01,Storage,1650.0,No Credit,Paid Usage,-1.622456456343156,Normal,False,Mapped,,,0.012,1.58,RESERVED
U856,ACCT1047,VM100201,2026-02-08 02:00:00,Database,SKU5,38740,sec,3099.2,INR,100.0,0.08,2026-01-01,Compute,38740.0,No Credit,Paid Usage,0.9279149034809169,Normal,False,Mapped,,,0.012,37.19,On-Demand
U727,ACCT1029,VM100182,2026-02-08 02:00:00,Database,SKU14,48872,sec,3909.76,INR,0.0,0.08,2026-01-01,Network,48872.0,No Credit,Paid Usage,1.6246084224277357,Normal,False,Mapped,,,0.012,46.92,On-Demand
U346,ACCT1047,VM100261,2026-02-08 06:00:00,Storage,SKU5,8053,sec,644.24,INR,0.0,0.08,2026-01-01,Compute,8053.0,No Credit,Paid Usage,-1.1821753073285013,Normal,False,Mapped,,,0.012,7.73,RESERVED
U247,ACCT1085,VM100247,2026-02-08 06:00:00,Database,SKU18,7192,sec,575.36,INR,0.0,0.08,2026-01-01,Network,7192.0,No Credit,Paid Usage,-1.2413791288655336,Normal,False,Mapped,,,0.012,6.9,Spot
U544,ACCT1005,VM100141,2026-02-08 08:00:00,Database,SKU6,35332,sec,2826.56,INR,100.0,0.08,2026-01-01,Storage,35332.0,No Credit,Paid Usage,0.6935750384423501,Normal,False,Mapped,,,0.012,33.92,RESERVED
U680,ACCT1060,VM100135,2026-02-08 14:00:00,Compute,SKU5,17700,sec,1416.0,INR,100.0,0.08,2026-01-01,Compute,17700.0,No Credit,Paid Usage,-0.5188312116632862,Normal,False,Mapped,,,0.012,16.99,Spot
U141,ACCT1025,VM100152,2026-02-08 19:00:00,Storage,SKU10,23750,sec,1900.0,INR,0.0,0.08,2026-01-01,STORAGE,23750.0,No Credit,Paid Usage,-0.10282294186183996,Normal,False,Mapped,,,0.012,22.8,On-Demand
U38,ACCT1091,VM100031,2026-02-09 01:00:00,Compute,SKU11,4517,sec,361.36,INR,0.0,0.08,2026-01-01,Database,4517.0,No Credit,Paid Usage,-1.425316669645512,Normal,False,Mapped,,,0.012,4.34,RESERVED
U16,ACCT1099,VM100029,2026-02-09 02:00:00,DATABASE,SKU13,2203,sec,176.24,INR,100.0,0.08,2026-01-01,Storage,2203.0,No Credit,Paid Usage,-1.5844312376323793,Normal,False,Mapped,,,0.012,2.11,RESERVED
U879,ACCT1077,VM100036,2026-02-09 05:00:00,Network,SKU5,24886,sec,1990.88,INR,0.0,0.08,2026-01-01,Compute,24886.0,No Credit,Paid Usage,-0.024709653515651055,Normal,False,Mapped,,,0.012,23.89,Spot
U138,ACCT1040,VM100129,2026-02-09 08:00:00,Storage,SKU11,8007,sec,640.56,INR,0.0,0.08,2026-01-01,Database,8007.0,No Credit,Paid Usage,-1.185338345412942,Normal,False,Mapped,,,0.012,7.69,Spot
U196,ACCT1075,VM100074,2026-02-09 15:00:00,Database,SKU15,30321,sec,2425.68,INR,0.0,0.08,2026-01-01,Storage,30321.0,No Credit,Paid Usage,0.34901017233077214,Normal,False,Mapped,,,0.012,29.11,Spot
U611,ACCT1053,VM100013,2026-02-09 18:00:00,Database,SKU1,35590,sec,2847.2,INR,0.0,0.08,2026-01-01,Network,35590.0,No Credit,Paid Usage,0.7113155563942135,Normal,False,Mapped,2025-07-01,0.15,0.012,34.17,Spot
U861,ACCT1034,VM100190,2026-02-09 22:00:00,Storage,SKU17,2905,sec,232.4,INR,0.0,0.08,2026-01-01,Compute,2905.0,No Credit,Paid Usage,-1.536160525995914,Normal,False,Mapped,,,0.012,2.79,On-Demand
U443,ACCT1065,VM100149,2026-02-09 23:00:00,Database,SKU19,48040,sec,3843.2,INR,0.0,0.08,2026-01-01,Compute,48040.0,No Credit,Paid Usage,1.5673986901178507,Normal,False,Mapped,,,0.012,46.12,RESERVED
U919,ACCT1095,VM100103,2026-02-10 01:00:00,Storage,SKU9,48297,sec,3863.76,INR,0.0,0.08,2026-01-01,Network,48297.0,No Credit,Paid Usage,1.5850704463722263,Normal,False,Mapped,,,0.012,46.37,On-Demand
U190,ACCT1005,VM100036,2026-02-10 01:00:00,Database,SKU8,41463,sec,3317.04,INR,0.0,0.08,2026-01-01,Storage,41463.0,No Credit,Paid Usage,1.1151530057403116,Normal,False,Mapped,,,0.012,39.8,Spot
U217,ACCT1015,VM100050,2026-02-10 01:00:00,Storage,SKU13,35328,sec,2826.24,INR,0.0,0.08,2026-01-01,Storage,35328.0,No Credit,Paid Usage,0.6932999916523988,Normal,False,Mapped,,,0.012,33.91,On-Demand
U645,ACCT1023,VM100091,2026-02-10 08:00:00,Database,SKU12,38931,sec,3114.48,INR,0.0,0.08,2026-01-01,Storage,38931.0,No Credit,Paid Usage,0.9410483877010948,Normal,False,Mapped,,,0.012,37.37,RESERVED
U444,ACCT1077,VM100165,2026-02-10 10:00:00,Storage,SKU17,19876,sec,1590.08,INR,0.0,0.08,2026-01-01,Compute,19876.0,No Credit,Paid Usage,-0.36920575792974125,Normal,False,Mapped,,,0.012,19.08,On-Demand
U200,ACCT1062,VM100055,2026-02-10 11:00:00,Database,SKU19,25093,sec,2007.44,INR,100.0,0.08,2026-01-01,Compute,25093.0,No Credit,Paid Usage,-0.010475982135667685,Normal,False,Mapped,,,0.012,24.09,Spot
U310,ACCT1100,VM100148,2026-02-10 13:00:00,Compute,SKU2,19836,sec,1586.88,INR,0.0,0.08,2026-01-01,Compute,19836.0,No Credit,Paid Usage,-0.3719562258292549,Normal,False,Mapped,2025-06-01,0.25,0.012,19.04,On-Demand
U39,ACCT1010,VM100264,2026-02-10 14:00:00,Network,SKU7,18350,sec,1468.0,INR,0.0,0.08,2026-01-01,Network,18350.0,No Credit,Paid Usage,-0.4741361082961887,Normal,False,Mapped,,,0.012,17.62,Spot
U297,ACCT1030,VM100274,2026-02-10 19:00:00,Network,SKU7,20381,sec,1630.48,INR,0.0,0.08,2026-01-01,Network,20381.0,No Credit,Paid Usage,-0.33448110069838083,Normal,False,Mapped,,,0.012,19.57,On-Demand
U314,ACCT1001,VM100181,2026-02-11 01:00:00,Network,SKU6,37499,sec,2999.92,INR,0.0,0.08,2026-01-01,Storage,37499.0,No Credit,Paid Usage,0.8425816368985045,Normal,False,Mapped,,,0.012,36.0,On-Demand
U474,ACCT1068,VM100077,2026-02-11 03:00:00,Database,SKU12,12678,sec,1014.24,INR,0.0,0.08,2026-01-01,Storage,12678.0,No Credit,Paid Usage,-0.8641524564472305,Normal,False,Mapped,,,0.012,12.17,Spot
U512,ACCT1082,VM100156,2026-02-11 07:00:00,Storage,SKU14,16659,sec,1332.72,INR,100.0,0.08,2026-01-01,Network,16659.0,No Credit,Paid Usage,-0.5904121387481301,Normal,False,Mapped,,,0.012,15.99,Spot
U400,ACCT1014,VM100123,2026-02-11 09:00:00,Storage,SKU8,3426,sec,274.08,INR,100.0,0.08,2026-01-01,Storage,3426.0,No Credit,Paid Usage,-1.500335681604748,Normal,False,Mapped,,,0.012,3.29,On-Demand
U268,ACCT1056,VM100055,2026-02-11 12:00:00,Network,SKU17,28652,sec,2292.16,INR,0.0,0.08,2026-01-01,Compute,28652.0,No Credit,Paid Usage,0.23424689922356326,Normal,False,Mapped,,,0.012,27.51,Spot
U176,ACCT1062,VM100242,2026-02-11 14:00:00,Storage,SKU13,30035,sec,2402.8,INR,100.0,0.08,2026-01-01,Storage,30035.0,No Credit,Paid Usage,0.32934432684924925,Normal,False,Mapped,,,0.012,28.83,On-Demand
U94,ACCT1064,VM100205,2026-02-11 15:00:00,Compute,SKU4,9771,sec,781.68,INR,0.0,0.08,2026-01-01,Database,9771.0,No Credit,Paid Usage,-1.0640427110443882,Normal,False,Mapped,,,0.012,9.38,RESERVED
U441,ACCT1087,VM100025,2026-02-11 18:00:00,Compute,SKU13,48632,sec,3890.56,INR,0.0,0.08,2026-01-01,Storage,48632.0,No Credit,Paid Usage,1.6081056150306534,Normal,False,Mapped,,,0.012,46.69,On-Demand
U19,ACCT1034,VM100072,2026-02-12 02:00:00,Database,SKU19,48923,sec,3913.84,INR,0.0,0.08,2026-01-01,Compute,48923.0,No Credit,Paid Usage,1.6281152689996157,Normal,False,Mapped,,,0.012,46.97,RESERVED
U979,ACCT1099,VM100227,2026-02-12 04:00:00,Compute,SKU7,48440,sec,3875.2,INR,0.0,0.08,2026-01-01,Network,48440.0,No Credit,Paid Usage,1.5949033691129877,Normal,False,Mapped,,,0.012,46.5,RESERVED
U437,ACCT1049,VM100118,2026-02-12 05:00:00,Database,SKU5,30287,sec,2422.96,INR,0.0,0.08,2026-01-01,Compute,30287.0,No Credit,Paid Usage,0.3466722746161855,Normal,False,Mapped,,,0.012,29.08,RESERVED
U580,ACCT1083,VM100044,2026-02-12 08:00:00,Database,SKU1,36367,sec,2909.36,INR,0.0,0.08,2026-01-01,Network,36367.0,No Credit,Paid Usage,0.764743395342267,Normal,False,Mapped,2025-07-01,0.15,0.012,34.91,RESERVED
U556,ACCT1090,VM100068,2026-02-12 14:00:00,Database,SKU8,9684,sec,774.72,INR,0.0,0.08,2026-01-01,Storage,9684.0,No Credit,Paid Usage,-1.0700249787258305,Normal,False,Mapped,,,0.012,9.3,Spot
U339,ACCT1041,VM100143,2026-02-12 14:00:00,Compute,SKU6,7534,sec,602.72,INR,0.0,0.08,2026-01-01,Storage,7534.0,No Credit,Paid Usage,-1.2178626283246916,Normal,False,Mapped,,,0.012,7.23,Spot
U844,ACCT1086,VM100035,2026-02-12 18:00:00,Storage,SKU19,6535,sec,522.8,INR,0.0,0.08,2026-01-01,Compute,6535.0,No Credit,Paid Usage,-1.2865555641150461,Normal,False,Mapped,,,0.012,6.27,On-Demand
U992,ACCT1093,VM100069,2026-02-12 18:00:00,Network,SKU15,2687,sec,214.96,INR,100.0,0.08,2026-01-01,Storage,2687.0,No Credit,Paid Usage,-1.5511505760482633,Normal,False,Mapped,,,0.012,2.58,Spot
U502,ACCT1010,VM100185,2026-02-12 22:00:00,Network,SKU20,16260,sec,1300.8,INR,0.0,0.08,2026-01-01,COMPUTE,16260.0,No Credit,Paid Usage,-0.6178480560457792,Normal,False,Mapped,,,0.012,15.61,RESERVED
U168,ACCT1012,VM100162,2026-02-13 01:00:00,Compute,SKU13,21286,sec,1702.88,INR,100.0,0.08,2026-01-01,Storage,21286.0,No Credit,Paid Usage,-0.27225176447188354,Normal,False,Mapped,,,0.012,20.43,Spot
U713,ACCT1002,VM100115,2026-02-13 01:00:00,Database,SKU9,39968,sec,3197.44,INR,0.0,0.08,2026-01-01,Network,39968.0,No Credit,Paid Usage,1.0123542679959874,Normal,False,Mapped,,,0.012,38.37,RESERVED
U626,ACCT1007,VM100154,2026-02-14 09:00:00,Compute,SKU13,11494,sec,919.52,INR,0.0,0.08,2026-01-01,Storage,11494.0,No Credit,Paid Usage,-0.9455663062728359,Normal,False,Mapped,,,0.012,11.03,On-Demand
U728,ACCT1043,VM100191,2026-02-14 11:00:00,Database,SKU15,38475,sec,3078.0,INR,100.0,0.08,2026-01-01,Storage,38475.0,No Credit,Paid Usage,0.9096930536466387,Normal,False,Mapped,,,0.012,36.94,RESERVED
U415,ACCT1032,VM100004,2026-02-14 12:00:00,Storage,SKU15,25237,sec,2018.96,INR,0.0,0.08,2026-01-01,Storage,25237.0,No Credit,Paid Usage,-0.0005742976974183872,Normal,False,Mapped,,,0.012,24.23,Spot
U909,ACCT1074,VM100003,2026-02-14 13:00:00,Network,SKU17,11571,sec,925.68,INR,0.0,0.08,2026-01-01,Compute,11571.0,No Credit,Paid Usage,-0.940271655566272,Normal,False,Mapped,,,0.012,11.11,Spot
U532,ACCT1059,VM100059,2026-02-14 18:00:00,Network,SKU17,44055,sec,3524.4,INR,0.0,0.08,2026-01-01,Compute,44055.0,No Credit,Paid Usage,1.293383325628799,Normal,False,Mapped,,,0.012,42.29,On-Demand
U549,ACCT1005,VM100231,2026-02-14 20:00:00,Compute,SKU15,22944,sec,1835.52,INR,0.0,0.08,2026-01-01,Storage,22944.0,No Credit,Paid Usage,-0.1582448700370409,Normal,False,Mapped,,,0.012,22.03,On-Demand
U813,ACCT1036,VM100285,2026-02-15 02:00:00,Storage,SKU19,8624,sec,689.92,INR,0.0,0.08,2026-01-01,Compute,8624.0,No Credit,Paid Usage,-1.1429123780629433,Normal,False,Mapped,,,0.012,8.28,RESERVED
U878,ACCT1085,VM100262,2026-02-15 03:00:00,Database,SKU15,11091,sec,887.28,INR,0.0,0.08,2026-01-01,Storage,11091.0,No Credit,Paid Usage,-0.9732772703604363,Normal,False,Mapped,,,0.012,10.65,Spot
U49,ACCT1001,VM100200,2026-02-15 06:00:00,Database,SKU14,29919,sec,2393.52,INR,0.0,0.08,2026-01-01,Network,29919.0,No Credit,Paid Usage,0.3213679699406595,Normal,False,Mapped,,,0.012,28.72,Spot
U661,ACCT1058,VM100006,2026-02-15 06:00:00,Storage,SKU3,13841,sec,1107.28,INR,0.0,0.08,2026-01-01,Compute,13841.0,No Credit,Paid Usage,-0.7841826022688698,Normal,False,Mapped,2025-05-01,0.35,0.012,13.29,Reserved
U672,ACCT1093,VM100277,2026-02-15 06:00:00,Database,SKU10,43392,sec,3471.36,INR,100.0,0.08,2026-01-01,STORAGE,43392.0,No Credit,Paid Usage,1.2477943201943595,Normal,False,Mapped,,,0.012,41.66,Spot
U385,ACCT1077,VM100243,2026-02-15 07:00:00,Storage,SKU2,43064,sec,3445.12,INR,0.0,0.08,2026-01-01,Compute,43064.0,No Credit,Paid Usage,1.2252404834183472,Normal,False,Mapped,2025-06-01,0.25,0.012,41.34,On-Demand
U74,ACCT1086,VM100128,2026-02-15 12:00:00,Compute,SKU13,10533,sec,842.64,INR,0.0,0.08,2026-01-01,Storage,10533.0,No Credit,Paid Usage,-1.0116462975586524,Normal,False,Mapped,,,0.012,10.11,On-Demand
U500,ACCT1035,VM100155,2026-02-15 19:00:00,Storage,SKU3,32417,sec,2593.36,INR,0.0,0.08,2026-01-01,Compute,32417.0,No Credit,Paid Usage,0.4931346902652897,Normal,False,Mapped,2025-05-01,0.35,0.012,31.12,RESERVED
U711,ACCT1087,VM100106,2026-02-15 22:00:00,Network,SKU17,42802,sec,3424.16,INR,0.0,0.08,2026-01-01,Compute,42802.0,No Credit,Paid Usage,1.2072249186765325,Normal,False,Mapped,,,0.012,41.09,RESERVED
U15,ACCT1060,VM100195,2026-02-16 01:00:00,storage,sku11,42043,sec,3363.44,inr,0.0,0.08,2026-01-01,storage,42043.0,No Credit,Paid Usage,1.1550347902832603,Normal,False,Mapped,,,,,On-Demand
U399,ACCT1026,VM100276,2026-02-16 06:00:00,Database,SKU5,36932,sec,2954.56,INR,0.0,0.08,2026-01-01,Compute,36932.0,No Credit,Paid Usage,0.8035937544228979,Normal,False,Mapped,,,0.012,35.45,Spot
U619,ACCT1041,VM100232,2026-02-16 09:00:00,Compute,SKU7,15409,sec,1232.72,INR,0.0,0.08,2026-01-01,Network,15409.0,No Credit,Paid Usage,-0.6763642606079331,Normal,False,Mapped,,,0.012,14.79,Spot
U597,ACCT1043,VM100220,2026-02-16 10:00:00,Compute,SKU9,34431,sec,2754.48,INR,0.0,0.08,2026-01-01,Network,34431.0,No Credit,Paid Usage,0.6316207490058042,Normal,False,Mapped,,,0.012,33.05,Spot
U302,ACCT1011,VM100083,2026-02-16 13:00:00,Storage,SKU14,29546,sec,2363.68,INR,0.0,0.08,2026-01-01,Network,29546.0,No Credit,Paid Usage,0.2957198567776943,Normal,False,Mapped,,,0.012,28.36,On-Demand
U257,ACCT1057,VM100213,2026-02-16 14:00:00,Compute,SKU12,14227,sec,1138.16,INR,0.0,0.08,2026-01-01,Storage,14227.0,No Credit,Paid Usage,-0.7576405870385627,Normal,False,Mapped,,,0.012,13.66,Spot
U355,ACCT1026,VM100283,2026-02-16 20:00:00,Database,SKU20,8303,sec,664.24,INR,0.0,0.08,2026-01-01,COMPUTE,8303.0,No Credit,Paid Usage,-1.1649848829565408,Normal,False,Mapped,,,0.012,7.97,RESERVED
U635,ACCT1028,VM100096,2026-02-16 22:00:00,Network,SKU5,18440,sec,1475.2,INR,0.0,0.08,2026-01-01,Compute,18440.0,No Credit,Paid Usage,-0.46794755552228284,Normal,False,Mapped,,,0.012,17.7,RESERVED
U501,ACCT1022,VM100223,2026-02-17 02:00:00,Database,SKU16,27697,sec,2215.76,INR,0.0,0.08,2026-01-01,Network,27697.0,No Credit,Paid Usage,0.1685794781226738,Normal,False,Mapped,,,0.012,26.59,On-Demand
U718,ACCT1009,VM100173,2026-02-17 04:00:00,Database,SKU9,42082,sec,3366.56,INR,0.0,0.08,2026-01-01,Network,42082.0,No Credit,Paid Usage,1.157716496485286,Normal,False,Mapped,,,0.012,40.4,RESERVED
U140,ACCT1028,VM100248,2026-02-17 04:00:00,Database,SKU4,47586,sec,3806.88,INR,0.0,0.08,2026-01-01,Database,47586.0,No Credit,Paid Usage,1.5361808794583705,Normal,False,Mapped,,,0.012,45.68,RESERVED
U114,ACCT1044,VM100195,2026-02-17 11:00:00,Network,SKU9,49383,sec,3950.64,INR,0.0,0.08,2026-01-01,Network,49383.0,No Credit,Paid Usage,1.659745649844023,Normal,False,Mapped,,,0.012,47.41,On-Demand
U129,ACCT1032,VM100045,2026-02-17 14:00:00,Storage,SKU15,29643,sec,2371.44,INR,0.0,0.08,2026-01-01,Storage,29643.0,No Credit,Paid Usage,0.30238974143401504,Normal,False,Mapped,,,0.012,28.46,On-Demand
U932,ACCT1047,VM100206,2026-02-17 17:00:00,Storage,SKU19,29638,sec,2371.04,INR,0.0,0.08,2026-01-01,Compute,29638.0,No Credit,Paid Usage,0.30204593294657583,Normal,False,Mapped,,,0.012,28.45,RESERVED
U924,ACCT1024,VM100262,2026-02-17 19:00:00,Storage,SKU19,26175,sec,2094.0,INR,0.0,0.08,2026-01-01,Compute,26175.0,No Credit,Paid Usage,0.06392417454617774,Normal,False,Mapped,,,0.012,25.13,Spot
U258,ACCT1056,VM100057,2026-02-18 08:00:00,Network,SKU17,44547,sec,3563.76,INR,0.0,0.08,2026-01-01,Compute,44547.0,No Credit,Paid Usage,1.3272140807928174,Normal,False,Mapped,,,0.012,42.77,On-Demand
U90,ACCT1085,VM100044,2026-02-18 10:00:00,Database,SKU3,33880,sec,2710.4,INR,0.0,0.08,2026-01-01,Compute,33880.0,No Credit,Paid Usage,0.5937330536900031,Normal,False,Mapped,2025-05-01,0.35,0.012,32.52,RESERVED
U144,ACCT1002,VM100294,2026-02-18 12:00:00,Network,SKU15,30862,sec,2468.96,INR,100.0,0.08,2026-01-01,Storage,30862.0,No Credit,Paid Usage,0.38621025067169484,Normal,False,Mapped,,,0.012,29.63,On-Demand
U968,ACCT1098,VM100140,2026-02-18 14:00:00,Database,SKU14,42597,sec,3407.76,INR,100.0,0.08,2026-01-01,Network,42597.0,No Credit,Paid Usage,1.1931287706915248,Normal,False,Mapped,,,0.012,40.89,RESERVED
U709,ACCT1096,VM100047,2026-02-18 15:00:00,Network,SKU2,1898,sec,151.84,INR,0.0,0.08,2026-01-01,Compute,1898.0,No Credit,Paid Usage,-1.605403555366171,Normal,False,Mapped,2025-06-01,0.25,0.012,1.82,RESERVED
U372,ACCT1077,VM100241,2026-02-18 18:00:00,Compute,SKU4,35272,sec,2821.76,INR,0.0,0.08,2026-01-01,Database,35272.0,No Credit,Paid Usage,0.6894493365930796,Normal,False,Mapped,,,0.012,33.86,On-Demand
U902,ACCT1026,VM100266,2026-02-18 19:00:00,Compute,SKU20,12862,sec,1028.96,INR,0.0,0.08,2026-01-01,COMPUTE,12862.0,No Credit,Paid Usage,-0.8515003041094675,Normal,False,Mapped,,,0.012,12.35,On-Demand
U803,ACCT1035,VM100083,2026-02-18 21:00:00,Database,SKU5,44886,sec,3590.88,INR,0.0,0.08,2026-01-01,Compute,44886.0,No Credit,Paid Usage,1.350524296241196,Normal,False,Mapped,,,0.012,43.09,On-Demand
U396,ACCT1093,VM100141,2026-02-19 02:00:00,Network,SKU13,8087,sec,646.96,INR,0.0,0.08,2026-01-01,Storage,8087.0,No Credit,Paid Usage,-1.1798374096139148,Normal,False,Mapped,,,0.012,7.76,RESERVED
U539,ACCT1022,VM100251,2026-02-19 07:00:00,Storage,SKU11,9294,sec,743.52,INR,0.0,0.08,2026-01-01,Database,9294.0,No Credit,Paid Usage,-1.096842040746089,Normal,False,Mapped,,,0.012,8.92,On-Demand
U261,ACCT1098,VM100131,2026-02-19 09:00:00,Compute,SKU1,21603,sec,1728.24,INR,0.0,0.08,2026-01-01,Network,21603.0,No Credit,Paid Usage,-0.2504543063682375,Normal,False,Mapped,2025-07-01,0.15,0.012,20.74,RESERVED
U360,ACCT1081,VM100280,2026-02-19 10:00:00,Database,SKU16,42168,sec,3373.44,INR,100.0,0.08,2026-01-01,Network,42168.0,No Credit,Paid Usage,1.1636300024692405,Normal,False,Mapped,,,0.012,40.48,Spot
U397,ACCT1045,VM100075,2026-02-19 13:00:00,Database,SKU3,2856,sec,228.48,INR,0.0,0.08,2026-01-01,Compute,2856.0,No Credit,Paid Usage,-1.539529849172818,Normal,False,Mapped,2025-05-01,0.35,0.012,2.74,RESERVED
U608,ACCT1048,VM100103,2026-02-19 18:00:00,Database,SKU20,37049,sec,2963.92,INR,100.0,0.08,2026-01-01,COMPUTE,37049.0,No Credit,Paid Usage,0.8116388730289755,Normal,False,Mapped,,,0.012,35.57,On-Demand
U9,ACCT1011,VM100283,2026-02-20 00:00:00,database,sku19,41298,sec,3303.84,inr,0.0,0.08,2026-01-01,database,41298.0,No Credit,Paid Usage,1.1038073256548175,Normal,False,Mapped,,,,,RESERVED
U238,ACCT1077,VM100272,2026-02-20 07:00:00,Network,SKU4,29834,sec,2386.72,INR,0.0,0.08,2026-01-01,Database,29834.0,No Credit,Paid Usage,0.3155232256541929,Normal,False,Mapped,,,0.012,28.64,On-Demand
U721,ACCT1084,VM100255,2026-02-20 10:00:00,Network,SKU13,17101,sec,1368.08,INR,0.0,0.08,2026-01-01,Storage,17101.0,No Credit,Paid Usage,-0.5600194684585038,Normal,False,Mapped,,,0.012,16.42,RESERVED
U361,ACCT1032,VM100208,2026-02-20 18:00:00,Compute,SKU2,29823,sec,2385.84,INR,0.0,0.08,2026-01-01,Compute,29823.0,No Credit,Paid Usage,0.31476684698182666,Normal,False,Mapped,2025-06-01,0.25,0.012,28.63,RESERVED
U717,ACCT1083,VM100145,2026-02-20 22:00:00,Compute,SKU16,44953,sec,3596.24,INR,0.0,0.08,2026-01-01,Network,44953.0,No Credit,Paid Usage,1.3551313299728815,Normal,False,Mapped,,,0.012,43.15,Spot
U436,ACCT1001,VM100012,2026-02-20 22:00:00,Network,SKU18,30443,sec,2435.44,INR,0.0,0.08,2026-01-01,Network,30443.0,No Credit,Paid Usage,0.3573990994242889,Normal,False,Mapped,,,0.012,29.23,Reserved
U107,ACCT1001,VM100181,2026-02-20 23:00:00,Network,SKU14,49479,sec,3958.32,INR,0.0,0.08,2026-01-01,Network,49479.0,No Credit,Paid Usage,1.666346772802856,Normal,False,Mapped,,,0.012,47.5,On-Demand
U445,ACCT1029,VM100212,2026-02-21 06:00:00,Compute,SKU18,18132,sec,1450.56,INR,0.0,0.08,2026-01-01,Network,18132.0,No Credit,Paid Usage,-0.4891261583485383,Normal,False,Mapped,,,0.012,17.41,RESERVED
U750,ACCT1089,VM100005,2026-02-21 09:00:00,Compute,SKU17,27682,sec,2214.56,INR,0.0,0.08,2026-01-01,Compute,27682.0,No Credit,Paid Usage,0.16754805266035616,Normal,False,Mapped,,,0.012,26.57,Spot
U715,ACCT1028,VM100239,2026-02-21 13:00:00,Network,SKU19,44480,sec,3558.4,INR,0.0,0.08,2026-01-01,Compute,44480.0,No Credit,Paid Usage,1.322607047061132,Normal,False,Mapped,,,0.012,42.7,On-Demand
U961,ACCT1034,VM100080,2026-02-21 19:00:00,Compute,SKU17,791,sec,63.28,INR,0.0,0.08,2026-01-01,Compute,791.0,No Credit,Paid Usage,-1.6815227544852125,Normal,False,Mapped,,,0.012,0.76,On-Demand
U840,ACCT1071,VM100044,2026-02-22 00:00:00,Database,SKU7,13866,sec,1109.28,INR,100.0,0.08,2026-01-01,Network,13866.0,No Credit,Paid Usage,-0.7824635598316738,Normal,False,Mapped,,,0.012,13.31,RESERVED
U70,ACCT1017,VM100022,2026-02-22 14:00:00,Compute,SKU12,23997,sec,1919.76,INR,0.0,0.08,2026-01-01,Storage,23997.0,No Credit,Paid Usage,-0.0858388025823429,Normal,False,Mapped,,,0.012,23.04,RESERVED
U959,ACCT1082,VM100274,2026-02-22 20:00:00,Network,SKU18,22852,sec,1828.16,INR,0.0,0.08,2026-01-01,Network,22852.0,No Credit,Paid Usage,-0.16457094620592239,Normal,False,Mapped,,,0.012,21.94,On-Demand
U740,ACCT1029,VM100177,2026-02-23 06:00:00,Compute,SKU13,8549,sec,683.92,INR,0.0,0.08,2026-01-01,Storage,8549.0,No Credit,Paid Usage,-1.1480695053745316,Normal,False,Mapped,,,0.012,8.21,Spot
U363,ACCT1044,VM100074,2026-02-23 08:00:00,Database,SKU12,47178,sec,3774.24,INR,0.0,0.08,2026-01-01,Storage,47178.0,No Credit,Paid Usage,1.5081261068833307,Normal,False,Mapped,,,0.012,45.29,Spot
U241,ACCT1054,VM100049,2026-02-23 08:00:00,Database,SKU9,28068,sec,2245.44,INR,0.0,0.08,2026-01-01,Network,28068.0,No Credit,Paid Usage,0.19409006789066333,Normal,False,Mapped,,,0.012,26.95,Spot
U849,ACCT1022,VM100003,2026-02-23 10:00:00,Storage,SKU14,16233,sec,1298.64,INR,0.0,0.08,2026-01-01,Network,16233.0,No Credit,Paid Usage,-0.619704621877951,Normal,False,Mapped,,,0.012,15.58,Spot
U734,ACCT1081,VM100091,2026-02-23 11:00:00,Compute,SKU1,41682,sec,3334.56,INR,0.0,0.08,2026-01-01,Network,41682.0,No Credit,Paid Usage,1.1302118174901492,Normal,False,Mapped,2025-07-01,0.15,0.012,40.01,RESERVED
U388,ACCT1003,VM100226,2026-02-23 12:00:00,Storage,SKU14,27545,sec,2203.6,INR,0.0,0.08,2026-01-01,Network,27545.0,No Credit,Paid Usage,0.15812770010452176,Normal,False,Mapped,,,0.012,26.44,Spot
U391,ACCT1068,VM100193,2026-02-23 13:00:00,Network,SKU18,11449,sec,915.92,INR,0.0,0.08,2026-01-01,Network,11449.0,No Credit,Paid Usage,-0.9486605826597887,Normal,False,Mapped,,,0.012,10.99,On-Demand
U621,ACCT1058,VM100239,2026-02-23 14:00:00,Compute,SKU18,26741,sec,2139.28,INR,0.0,0.08,2026-01-01,Network,26741.0,No Credit,Paid Usage,0.10284329532429651,Normal,False,Mapped,,,0.012,25.67,On-Demand
U323,ACCT1026,VM100022,2026-02-23 20:00:00,Network,SKU18,20421,sec,1633.68,INR,0.0,0.08,2026-01-01,Network,20421.0,No Credit,Paid Usage,-0.33173063279886716,Normal,False,Mapped,,,0.012,19.6,RESERVED
U778,ACCT1064,VM100229,2026-02-23 22:00:00,Network,SKU1,7879,sec,630.32,INR,0.0,0.08,2026-01-01,Network,7879.0,No Credit,Paid Usage,-1.1941398426913858,Normal,False,Mapped,2025-07-01,0.15,0.012,7.56,Spot
U56,ACCT1073,VM100268,2026-02-23 23:00:00,Storage,SKU11,17189,sec,1375.12,INR,100.0,0.08,2026-01-01,Database,17189.0,No Credit,Paid Usage,-0.5539684390795736,Normal,False,Mapped,,,0.012,16.5,On-Demand
U990,ACCT1063,VM100120,2026-02-24 01:00:00,Database,SKU15,36692,sec,2935.36,INR,0.0,0.08,2026-01-01,Storage,36692.0,No Credit,Paid Usage,0.7870909470258157,Normal,False,Mapped,,,0.012,35.22,On-Demand
U395,ACCT1089,VM100251,2026-02-24 02:00:00,Database,SKU18,31544,sec,2523.52,INR,0.0,0.08,2026-01-01,Network,31544.0,No Credit,Paid Usage,0.43310572835840333,Normal,False,Mapped,,,0.012,30.28,On-Demand
U524,ACCT1057,VM100232,2026-02-24 10:00:00,Database,SKU2,4502,sec,360.16,INR,0.0,0.08,2026-01-01,Compute,4502.0,No Credit,Paid Usage,-1.4263480951078296,Normal,False,Mapped,2025-06-01,0.25,0.012,4.32,Spot
U971,ACCT1063,VM100097,2026-02-24 17:00:00,Storage,SKU2,1371,sec,109.68,INR,0.0,0.08,2026-01-01,Compute,1371.0,No Credit,Paid Usage,-1.641640969942264,Normal,False,Mapped,2025-06-01,0.25,0.012,1.32,Spot
U281,ACCT1074,VM100097,2026-02-24 20:00:00,Network,SKU17,39749,sec,3179.92,INR,0.0,0.08,2026-01-01,Compute,39749.0,No Credit,Paid Usage,0.9972954562461498,Normal,False,Mapped,,,0.012,38.16,Spot
U236,ACCT1010,VM100042,2026-02-24 23:00:00,Storage,SKU3,39965,sec,3197.2,INR,0.0,0.08,2026-01-01,Compute,39965.0,No Credit,Paid Usage,1.0121479829035238,Normal,False,Mapped,2025-05-01,0.35,0.012,38.37,On-Demand
U553,ACCT1069,VM100087,2026-02-25 05:00:00,Database,SKU10,46240,sec,3699.2,INR,0.0,0.08,2026-01-01,STORAGE,46240.0,No Credit,Paid Usage,1.4436276346397345,Normal,False,Mapped,,,0.012,44.39,On-Demand
U113,ACCT1034,VM100195,2026-02-25 20:00:00,Network,SKU11,13971,sec,1117.68,INR,0.0,0.08,2026-01-01,Database,13971.0,No Credit,Paid Usage,-0.7752435815954504,Normal,False,Mapped,,,0.012,13.41,On-Demand
U607,ACCT1037,VM100160,2026-02-25 20:00:00,Network,SKU1,5761,sec,460.88,INR,0.0,0.08,2026-01-01,Network,5761.0,No Credit,Paid Usage,-1.3397771179706361,Normal,False,Mapped,2025-07-01,0.15,0.012,5.53,On-Demand
U214,ACCT1004,VM100288,2026-02-25 23:00:00,Storage,SKU3,40082,sec,3206.56,INR,0.0,0.08,2026-01-01,Compute,40082.0,No Credit,Paid Usage,1.0201931015096013,Normal,False,Mapped,2025-05-01,0.35,0.012,38.48,On-Demand
U463,ACCT1020,VM100101,2026-02-26 07:00:00,Network,SKU19,15174,sec,1213.92,INR,0.0,0.08,2026-01-01,Compute,15174.0,No Credit,Paid Usage,-0.692523259517576,Normal,False,Mapped,,,0.012,14.57,RESERVED
U814,ACCT1033,VM100003,2026-02-26 09:00:00,Storage,SKU2,30661,sec,2452.88,INR,0.0,0.08,2026-01-01,Compute,30661.0,No Credit,Paid Usage,0.37238914947663854,Normal,False,Mapped,2025-06-01,0.25,0.012,29.43,Spot
U137,ACCT1096,VM100282,2026-02-26 10:00:00,Network,SKU9,23156,sec,1852.48,INR,0.0,0.08,2026-01-01,Network,23156.0,No Credit,Paid Usage,-0.14366739016961833,Normal,False,Mapped,,,0.012,22.23,On-Demand
U775,ACCT1042,VM100124,2026-02-26 11:00:00,Compute,SKU17,18329,sec,1466.32,INR,0.0,0.08,2026-01-01,Compute,18329.0,No Credit,Paid Usage,-0.47558010394343336,Normal,False,Mapped,,,0.012,17.6,RESERVED
U819,ACCT1028,VM100170,2026-02-26 12:00:00,Database,SKU7,23745,sec,1899.6,INR,0.0,0.08,2026-01-01,Network,23745.0,No Credit,Paid Usage,-0.10316675034927918,Normal,False,Mapped,,,0.012,22.8,On-Demand
U485,ACCT1050,VM100277,2026-02-26 14:00:00,Storage,SKU3,25255,sec,2020.4,INR,0.0,0.08,2026-01-01,Compute,25255.0,No Credit,Paid Usage,0.0006634128573627751,Normal,False,Mapped,2025-05-01,0.35,0.012,24.24,Spot
U504,ACCT1001,VM100203,2026-02-26 16:00:00,Network,SKU11,40744,sec,3259.52,INR,100.0,0.08,2026-01-01,Database,40744.0,No Credit,Paid Usage,1.065713345246553,Normal,False,Mapped,,,0.012,39.11,On-Demand
U287,ACCT1033,VM100077,2026-02-26 21:00:00,Storage,SKU12,5441,sec,435.28,INR,0.0,0.08,2026-01-01,Storage,5441.0,No Credit,Paid Usage,-1.3617808611667457,Normal,False,Mapped,,,0.012,5.22,Spot
U130,ACCT1073,VM100195,2026-02-27 09:00:00,Network,SKU11,1980,sec,158.4,INR,0.0,0.08,2026-01-01,Database,1980.0,No Credit,Paid Usage,-1.5997650961721679,Normal,False,Mapped,,,0.012,1.9,On-Demand
U653,ACCT1076,VM100052,2026-02-27 10:00:00,Database,SKU5,19876,sec,1590.08,INR,0.0,0.08,2026-01-01,Compute,19876.0,No Credit,Paid Usage,-0.36920575792974125,Normal,False,Mapped,,,0.012,19.08,On-Demand
U178,ACCT1099,VM100213,2026-02-28 00:00:00,Database,SKU1,33375,sec,2670.0,INR,0.0,0.08,2026-01-01,Network,33375.0,No Credit,Paid Usage,0.5590083964586426,Normal,False,Mapped,2025-07-01,0.15,0.012,32.04,Spot
U253,ACCT1054,VM100233,2026-02-28 04:00:00,Database,SKU10,10415,sec,833.2,INR,0.0,0.08,2026-01-01,STORAGE,10415.0,No Credit,Paid Usage,-1.0197601778622178,Normal,False,Mapped,,,0.012,10.0,RESERVED
U743,ACCT1088,VM100069,2026-02-28 11:00:00,Database,SKU7,32224,sec,2577.92,INR,0.0,0.08,2026-01-01,Network,32224.0,No Credit,Paid Usage,0.4798636826501361,Normal,False,Mapped,,,0.012,30.94,Spot
U946,ACCT1011,VM100083,2026-02-28 15:00:00,Database,SKU11,15056,sec,1204.48,INR,0.0,0.08,2026-01-01,Database,15056.0,No Credit,Paid Usage,-0.7006371398211414,Normal,False,Mapped,,,0.012,14.45,On-Demand
U962,ACCT1098,VM100070,2026-02-28 16:00:00,Network,SKU18,18893,sec,1511.44,INR,0.0,0.08,2026-01-01,Network,18893.0,No Credit,Paid Usage,-0.4367985065602903,Normal,False,Mapped,,,0.012,18.14,RESERVED
U640,ACCT1070,VM100249,2026-02-28 17:00:00,Database,SKU13,37170,sec,2973.6,INR,100.0,0.08,2026-01-01,Storage,37170.0,No Credit,Paid Usage,0.8199590384250044,Normal,False,Mapped,,,0.012,35.68,RESERVED
U351,ACCT1060,VM100265,2026-02-28 19:00:00,Storage,SKU5,8510,sec,680.8,INR,0.0,0.08,2026-01-01,Compute,8510.0,No Credit,Paid Usage,-1.1507512115765575,Normal,False,Mapped,,,0.012,8.17,On-Demand
U80,ACCT1014,VM100223,2026-02-28 23:00:00,Database,SKU14,47845,sec,3827.6,INR,100.0,0.08,2026-01-01,Network,47845.0,No Credit,Paid Usage,1.5539901591077214,Normal,False,Mapped,,,0.012,45.93,On-Demand
U926,ACCT1005,VM100258,2026-03-01 06:00:00,Storage,SKU15,25902,sec,2072.16,INR,0.0,0.08,2026-01-01,Storage,25902.0,No Credit,Paid Usage,0.045152231131996776,Normal,False,Mapped,,,0.012,24.87,RESERVED
U522,ACCT1015,VM100073,2026-03-01 10:00:00,Database,SKU15,20540,sec,1643.2,INR,0.0,0.08,2026-01-01,Storage,20540.0,No Credit,Paid Usage,-0.32354799079781393,Normal,False,Mapped,,,0.012,19.72,On-Demand
U708,ACCT1061,VM100283,2026-03-01 16:00:00,Storage,SKU9,22660,sec,1812.8,INR,0.0,0.08,2026-01-01,Network,22660.0,No Credit,Paid Usage,-0.17777319212358814,Normal,False,Mapped,,,0.012,21.75,RESERVED
U885,ACCT1062,VM100196,2026-03-01 19:00:00,Compute,SKU14,38703,sec,3096.24,INR,0.0,0.08,2026-01-01,Network,38703.0,No Credit,Paid Usage,0.9253707206738667,Normal,False,Mapped,,,0.012,37.15,On-Demand
U664,ACCT1064,VM100194,2026-03-01 22:00:00,Network,SKU4,35884,sec,2870.72,INR,100.0,0.08,2026-01-01,Database,35884.0,No Credit,Paid Usage,0.7315314954556391,Normal,False,Mapped,,,0.012,34.45,On-Demand
U246,ACCT1037,VM100160,2026-03-02 00:00:00,Storage,SKU5,6889,sec,551.12,INR,0.0,0.08,2026-01-01,Compute,6889.0,No Credit,Paid Usage,-1.2622139232043499,Normal,False,Mapped,,,0.012,6.61,On-Demand
U277,ACCT1076,VM100029,2026-03-02 01:00:00,Compute,SKU10,33348,sec,2667.84,INR,0.0,0.08,2026-01-01,STORAGE,33348.0,No Credit,Paid Usage,0.5571518306264709,Normal,False,Mapped,,,0.012,32.01,RESERVED
U534,ACCT1015,VM100179,2026-03-02 01:00:00,Storage,SKU10,30106,sec,2408.48,INR,0.0,0.08,2026-01-01,STORAGE,30106.0,No Credit,Paid Usage,0.33422640737088605,Normal,False,Mapped,,,0.012,28.9,On-Demand
U866,ACCT1067,VM100208,2026-03-02 05:00:00,Network,SKU16,22712,sec,1816.96,INR,0.0,0.08,2026-01-01,Network,22712.0,No Credit,Paid Usage,-0.17419758385422032,Normal,False,Mapped,,,0.012,21.8,RESERVED
U905,ACCT1036,VM100205,2026-03-02 06:00:00,Network,SKU13,43986,sec,3518.88,INR,0.0,0.08,2026-01-01,Storage,43986.0,No Credit,Paid Usage,1.2886387685021379,Normal,False,Mapped,,,0.012,42.23,RESERVED
U496,ACCT1004,VM100046,2026-03-02 09:00:00,Compute,SKU20,36421,sec,2913.68,INR,100.0,0.08,2026-01-01,COMPUTE,36421.0,No Credit,Paid Usage,0.7684565270066105,Normal,False,Mapped,,,0.012,34.96,Spot
U392,ACCT1044,VM100280,2026-03-02 11:00:00,Database,SKU20,44393,sec,3551.44,INR,100.0,0.08,2026-01-01,COMPUTE,44393.0,No Credit,Paid Usage,1.3166247793796897,Normal,False,Mapped,,,0.012,42.62,Spot
U318,ACCT1096,VM100009,2026-03-02 22:00:00,Database,SKU8,4527,sec,362.16,INR,0.0,0.08,2026-01-01,Storage,4527.0,No Credit,Paid Usage,-1.4246290526706336,Normal,False,Mapped,,,0.012,4.35,Spot
U845,ACCT1063,VM100170,2026-03-02 22:00:00,Storage,SKU4,8502,sec,680.16,INR,0.0,0.08,2026-01-01,Database,8502.0,No Credit,Paid Usage,-1.1513013051564602,Normal,False,Mapped,,,0.012,8.16,On-Demand
U816,ACCT1074,VM100282,2026-03-03 02:00:00,Database,SKU17,4876,sec,390.08,INR,100.0,0.08,2026-01-01,Compute,4876.0,No Credit,Paid Usage,-1.4006312202473765,Normal,False,Mapped,,,0.012,4.68,On-Demand
U753,ACCT1067,VM100104,2026-03-03 02:00:00,Network,SKU10,46200,sec,3696.0,INR,0.0,0.08,2026-01-01,STORAGE,46200.0,No Credit,Paid Usage,1.440877166740221,Normal,False,Mapped,,,0.012,44.35,Spot
U193,ACCT1008,VM100151,2026-03-03 04:00:00,Network,SKU5,24665,sec,1973.2,INR,0.0,0.08,2026-01-01,Compute,24665.0,No Credit,Paid Usage,-0.039905988660464214,Normal,False,Mapped,,,0.012,23.68,RESERVED
U851,ACCT1060,VM100229,2026-03-03 05:00:00,Network,SKU18,20119,sec,1609.52,INR,0.0,0.08,2026-01-01,Network,20119.0,No Credit,Paid Usage,-0.35249666544019553,Normal,False,Mapped,,,0.012,19.31,Spot
U336,ACCT1100,VM100188,2026-03-03 19:00:00,Compute,SKU20,25190,sec,2015.2,INR,100.0,0.08,2026-01-01,COMPUTE,25190.0,No Credit,Paid Usage,-0.003806097479346978,Normal,False,Mapped,,,0.012,24.18,On-Demand
U602,ACCT1006,VM100242,2026-03-04 02:00:00,Storage,SKU6,25198,sec,2015.84,INR,0.0,0.08,2026-01-01,Storage,25198.0,No Credit,Paid Usage,-0.003256003899444239,Normal,False,Mapped,,,0.012,24.19,On-Demand
U585,ACCT1073,VM100216,2026-03-04 08:00:00,Storage,SKU16,35906,sec,2872.48,INR,0.0,0.08,2026-01-01,Network,35906.0,No Credit,Paid Usage,0.7330442528003717,Normal,False,Mapped,,,0.012,34.47,Spot
U420,ACCT1082,VM100152,2026-03-04 17:00:00,Storage,SKU8,40380,sec,3230.4,INR,0.0,0.08,2026-01-01,Storage,40380.0,No Credit,Paid Usage,1.0406840873609784,Normal,False,Mapped,,,0.012,38.76,On-Demand
U609,ACCT1032,VM100238,2026-03-04 20:00:00,Network,SKU7,38877,sec,3110.16,INR,0.0,0.08,2026-01-01,Network,38877.0,No Credit,Paid Usage,0.9373352560367513,Normal,False,Mapped,,,0.012,37.32,Spot
U60,ACCT1009,VM100126,2026-03-05 01:00:00,Storage,SKU15,18776,sec,1502.08,INR,0.0,0.08,2026-01-01,Storage,18776.0,No Credit,Paid Usage,-0.44484362516636783,Normal,False,Mapped,,,0.012,18.02,Spot
U975,ACCT1040,VM100256,2026-03-05 09:00:00,Compute,SKU11,30488,sec,2439.04,INR,0.0,0.08,2026-01-01,Database,30488.0,No Credit,Paid Usage,0.3604933758112418,Normal,False,Mapped,,,0.012,29.27,RESERVED
U605,ACCT1010,VM100293,2026-03-05 15:00:00,Compute,SKU6,7925,sec,634.0,INR,0.0,0.08,2026-01-01,Storage,7925.0,No Credit,Paid Usage,-1.190976804606945,Normal,False,Mapped,,,0.012,7.61,On-Demand
U305,ACCT1050,VM100042,2026-03-05 23:00:00,Compute,SKU11,14815,sec,1185.2,INR,0.0,0.08,2026-01-01,Database,14815.0,No Credit,Paid Usage,-0.7172087089157114,Normal,False,Mapped,,,0.012,14.22,On-Demand
U746,ACCT1047,VM100020,2026-03-06 00:00:00,Database,SKU18,42064,sec,3365.12,INR,0.0,0.08,2026-01-01,Network,42064.0,No Credit,Paid Usage,1.1564787859305048,Normal,False,Mapped,,,0.012,40.38,Spot
U508,ACCT1032,VM100167,2026-03-06 04:00:00,Network,SKU12,18469,sec,1477.52,INR,0.0,0.08,2026-01-01,Storage,18469.0,No Credit,Paid Usage,-0.46595346629513545,Normal,False,Mapped,,,0.012,17.73,On-Demand
U181,ACCT1098,VM100279,2026-03-06 09:00:00,Database,SKU7,29941,sec,2395.28,INR,0.0,0.08,2026-01-01,Network,29941.0,No Credit,Paid Usage,0.322880727285392,Normal,False,Mapped,,,0.012,28.74,Spot
U656,ACCT1086,VM100090,2026-03-06 13:00:00,Database,SKU5,20207,sec,1616.56,INR,100.0,0.08,2026-01-01,Compute,20207.0,No Credit,Paid Usage,-0.34644563606126544,Normal,False,Mapped,,,0.012,19.4,Spot
U997,ACCT1100,VM100260,2026-03-06 16:00:00,Storage,SKU1,48180,sec,3854.4,INR,0.0,0.08,2026-01-01,Network,48180.0,No Credit,Paid Usage,1.5770253277661488,Normal,False,Mapped,2025-07-01,0.15,0.012,46.25,RESERVED
U928,ACCT1087,VM100108,2026-03-06 18:00:00,Compute,SKU11,38176,sec,3054.08,INR,100.0,0.08,2026-01-01,Database,38176.0,No Credit,Paid Usage,0.8891333060977739,Normal,False,Mapped,,,0.012,36.65,RESERVED
U822,ACCT1088,VM100165,2026-03-07 02:00:00,Network,SKU9,7530,sec,602.4,INR,0.0,0.08,2026-01-01,Network,7530.0,No Credit,Paid Usage,-1.2181376751146429,Normal,False,Mapped,,,0.012,7.23,On-Demand
U23,ACCT1009,VM100198,2026-03-07 03:00:00,Network,SKU17,39152,sec,3132.16,INR,0.0,0.08,2026-01-01,Compute,39152.0,No Credit,Paid Usage,0.956244722845908,Normal,False,Mapped,,,0.012,37.59,On-Demand
U103,ACCT1020,VM100119,2026-03-07 08:00:00,Storage,SKU7,45578,sec,3646.24,INR,0.0,0.08,2026-01-01,Network,45578.0,No Credit,Paid Usage,1.398107390902783,Normal,False,Mapped,,,0.012,43.75,Spot
U340,ACCT1064,VM100266,2026-03-08 01:00:00,Compute,SKU9,36909,sec,2952.72,INR,0.0,0.08,2026-01-01,Network,36909.0,No Credit,Paid Usage,0.8020122353806776,Normal,False,Mapped,,,0.012,35.43,On-Demand
U678,ACCT1083,VM100279,2026-03-08 03:00:00,Database,SKU13,12216,sec,977.28,INR,0.0,0.08,2026-01-01,Storage,12216.0,No Credit,Paid Usage,-0.8959203606866136,Normal,False,Mapped,,,0.012,11.73,Spot
U832,ACCT1041,VM100009,2026-03-08 11:00:00,Compute,SKU18,44225,sec,3538.0,INR,100.0,0.08,2026-01-01,Network,44225.0,No Credit,Paid Usage,1.3050728142017323,Normal,False,Mapped,,,0.012,42.46,Spot
U591,ACCT1069,VM100168,2026-03-08 16:00:00,Compute,SKU10,38532,sec,3082.56,INR,0.0,0.08,2026-01-01,STORAGE,38532.0,No Credit,Paid Usage,0.9136124704034457,Normal,False,Mapped,,,0.012,36.99,Spot
U435,ACCT1023,VM100276,2026-03-09 01:00:00,Storage,SKU8,34758,sec,2780.64,INR,0.0,0.08,2026-01-01,Storage,34758.0,No Credit,Paid Usage,0.6541058240843286,Normal,False,Mapped,,,0.012,33.37,Spot
U684,ACCT1039,VM100041,2026-03-09 09:00:00,Compute,SKU17,46912,sec,3752.96,INR,0.0,0.08,2026-01-01,Compute,46912.0,No Credit,Paid Usage,1.4898354953515647,Normal,False,Mapped,,,0.012,45.04,On-Demand
U18,ACCT1084,VM100256,2026-03-09 12:00:00,Network,SKU5,42229,sec,3378.32,INR,0.0,0.08,2026-01-01,Compute,42229.0,No Credit,Paid Usage,1.1678244660159989,Normal,False,Mapped,,,0.012,40.54,RESERVED
U57,ACCT1031,VM100136,2026-03-09 13:00:00,Database,SKU15,8677,sec,694.16,INR,0.0,0.08,2026-01-01,Storage,8677.0,No Credit,Paid Usage,-1.1392680080960877,Normal,False,Mapped,,,0.012,8.33,RESERVED
U304,ACCT1054,VM100028,2026-03-09 15:00:00,Database,SKU8,32999,sec,2639.92,INR,100.0,0.08,2026-01-01,Storage,32999.0,No Credit,Paid Usage,0.533153998203214,Normal,False,Mapped,,,0.012,31.68,On-Demand
U457,ACCT1032,VM100105,2026-03-09 16:00:00,Database,SKU10,15784,sec,1262.72,INR,0.0,0.08,2026-01-01,STORAGE,15784.0,No Credit,Paid Usage,-0.6505786240499921,Normal,False,Mapped,,,0.012,15.15,On-Demand
U20,ACCT1055,VM100299,2026-03-10 03:00:00,Storage,SKU5,23823,sec,1905.84,INR,0.0,0.08,2026-01-01,Compute,23823.0,No Credit,Paid Usage,-0.09780333794522747,Normal,False,Mapped,,,0.012,22.87,RESERVED
U78,ACCT1083,VM100261,2026-03-10 05:00:00,Database,SKU1,44632,sec,3570.56,INR,0.0,0.08,2026-01-01,Network,44632.0,No Credit,Paid Usage,1.333058825079284,Normal,False,Mapped,2025-07-01,0.15,0.012,42.85,RESERVED
U374,ACCT1047,VM100024,2026-03-10 08:00:00,Storage,SKU12,3452,sec,276.16,INR,0.0,0.08,2026-01-01,Storage,3452.0,No Credit,Paid Usage,-1.498547877470064,Normal,False,Mapped,,,0.012,3.31,Spot
U146,ACCT1015,VM100034,2026-03-10 09:00:00,Compute,SKU19,32327,sec,2586.16,INR,0.0,0.08,2026-01-01,Compute,32327.0,No Credit,Paid Usage,0.4869461374913839,Normal,False,Mapped,,,0.012,31.03,On-Demand
U378,ACCT1078,VM100261,2026-03-10 12:00:00,Compute,SKU2,32873,sec,2629.84,INR,0.0,0.08,2026-01-01,Compute,32873.0,No Credit,Paid Usage,0.5244900243197458,Normal,False,Mapped,2025-06-01,0.25,0.012,31.56,RESERVED
U695,ACCT1023,VM100142,2026-03-10 18:00:00,Network,SKU2,9527,sec,762.16,INR,0.0,0.08,2026-01-01,Compute,9527.0,No Credit,Paid Usage,-1.0808205652314218,Normal,False,Mapped,2025-06-01,0.25,0.012,9.15,RESERVED
U737,ACCT1056,VM100220,2026-03-10 20:00:00,Network,SKU13,28216,sec,2257.28,INR,0.0,0.08,2026-01-01,Storage,28216.0,No Credit,Paid Usage,0.20426679911886397,Normal,False,Mapped,,,0.012,27.09,Spot
U818,ACCT1070,VM100275,2026-03-10 20:00:00,Database,SKU8,6125,sec,490.0,INR,0.0,0.08,2026-01-01,Storage,6125.0,No Credit,Paid Usage,-1.3147478600850615,Normal,False,Mapped,,,0.012,5.88,Spot
U703,ACCT1091,VM100260,2026-03-10 20:00:00,Compute,SKU6,8989,sec,719.12,INR,0.0,0.08,2026-01-01,Storage,8989.0,No Credit,Paid Usage,-1.117814358479881,Normal,False,Mapped,,,0.012,8.63,RESERVED
U54,ACCT1009,VM100121,2026-03-10 21:00:00,Storage,SKU19,7956,sec,636.48,INR,0.0,0.08,2026-01-01,Compute,7956.0,No Credit,Paid Usage,-1.1888451919848222,Normal,False,Mapped,,,0.012,7.64,Spot
U266,ACCT1038,VM100059,2026-03-11 03:00:00,Database,SKU6,1466,sec,117.28,INR,0.0,0.08,2026-01-01,Storage,1466.0,No Credit,Paid Usage,-1.635108608680919,Normal,False,Mapped,,,0.012,1.41,On-Demand
U87,ACCT1073,VM100155,2026-03-11 07:00:00,Compute,SKU10,36009,sec,2880.72,INR,0.0,0.08,2026-01-01,STORAGE,36009.0,No Credit,Paid Usage,0.7401267076416195,Normal,False,Mapped,,,0.012,34.57,RESERVED
U104,ACCT1009,VM100213,2026-03-11 13:00:00,Network,SKU14,21784,sec,1742.72,INR,100.0,0.08,2026-01-01,Network,21784.0,No Credit,Paid Usage,-0.23800843912293804,Normal,False,Mapped,,,0.012,20.91,Spot
U165,ACCT1061,VM100179,2026-03-11 16:00:00,Database,SKU4,21943,sec,1755.44,INR,0.0,0.08,2026-01-01,Database,21943.0,No Credit,Paid Usage,-0.2270753292223711,Normal,False,Mapped,,,0.012,21.07,On-Demand
U448,ACCT1041,VM100214,2026-03-11 16:00:00,Database,SKU13,9879,sec,790.32,INR,100.0,0.08,2026-01-01,Storage,9879.0,No Credit,Paid Usage,-1.0566164477157012,Normal,False,Mapped,,,0.012,9.48,Spot
U887,ACCT1077,VM100279,2026-03-11 17:00:00,Storage,SKU1,16995,sec,1359.6,INR,0.0,0.08,2026-01-01,Network,16995.0,No Credit,Paid Usage,-0.5673082083922151,Normal,False,Mapped,2025-07-01,0.15,0.012,16.32,Spot
U285,ACCT1037,VM100199,2026-03-11 18:00:00,Compute,SKU11,22275,sec,1782.0,INR,0.0,0.08,2026-01-01,Database,22275.0,No Credit,Paid Usage,-0.20424644565640743,Normal,False,Mapped,,,0.012,21.38,On-Demand
U432,ACCT1005,VM100147,2026-03-11 18:00:00,Storage,SKU14,11895,sec,951.6,INR,100.0,0.08,2026-01-01,Network,11895.0,No Credit,Paid Usage,-0.9179928655802111,Normal,False,Mapped,,,0.012,11.42,On-Demand
U389,ACCT1089,VM100105,2026-03-12 00:00:00,Network,SKU2,32987,sec,2638.96,INR,0.0,0.08,2026-01-01,Compute,32987.0,No Credit,Paid Usage,0.5323288578333598,Normal,False,Mapped,2025-06-01,0.25,0.012,31.67,On-Demand
U42,ACCT1046,VM100217,2026-03-12 03:00:00,Compute,SKU4,30706,sec,2456.48,INR,0.0,0.08,2026-01-01,Database,30706.0,No Credit,Paid Usage,0.37548342586359146,Normal,False,Mapped,,,0.012,29.48,RESERVED
U471,ACCT1069,VM100283,2026-03-12 04:00:00,Compute,SKU17,876,sec,70.08,INR,0.0,0.08,2026-01-01,Compute,876.0,No Credit,Paid Usage,-1.6756780101987458,Normal,False,Mapped,,,0.012,0.84,RESERVED
U166,ACCT1021,VM100169,2026-03-12 06:00:00,Network,SKU10,45560,sec,3644.8,INR,0.0,0.08,2026-01-01,STORAGE,45560.0,No Credit,Paid Usage,1.3968696803480019,Normal,False,Mapped,,,0.012,43.74,On-Demand
U194,ACCT1032,VM100272,2026-03-12 07:00:00,Storage,SKU6,37188,sec,2975.04,INR,0.0,0.08,2026-01-01,Storage,37188.0,No Credit,Paid Usage,0.8211967489797856,Normal,False,Mapped,,,0.012,35.7,On-Demand
U779,ACCT1014,VM100207,2026-03-12 08:00:00,Compute,SKU3,2448,sec,195.84,INR,0.0,0.08,2026-01-01,Compute,2448.0,No Credit,Paid Usage,-1.5675846217478577,Normal,False,Mapped,2025-05-01,0.35,0.012,2.35,On-Demand
U468,ACCT1098,VM100004,2026-03-12 09:00:00,Storage,SKU3,9110,sec,728.8,INR,0.0,0.08,2026-01-01,Compute,9110.0,No Credit,Paid Usage,-1.109494193083852,Normal,False,Mapped,2025-05-01,0.35,0.012,8.75,Spot
U615,ACCT1030,VM100267,2026-03-12 11:00:00,Database,SKU15,46030,sec,3682.4,INR,0.0,0.08,2026-01-01,Storage,46030.0,No Credit,Paid Usage,1.4291876781672876,Normal,False,Mapped,,,0.012,44.19,Spot
U401,ACCT1007,VM100052,2026-03-12 12:00:00,Network,SKU4,21746,sec,1739.68,INR,0.0,0.08,2026-01-01,Database,21746.0,No Credit,Paid Usage,-0.24062138362747604,Normal,False,Mapped,,,0.012,20.88,On-Demand
U892,ACCT1097,VM100105,2026-03-12 12:00:00,Network,SKU6,36282,sec,2902.56,INR,0.0,0.08,2026-01-01,Storage,36282.0,No Credit,Paid Usage,0.7588986510558005,Normal,False,Mapped,,,0.012,34.83,On-Demand
U240,ACCT1058,VM100117,2026-03-12 14:00:00,Network,SKU13,22312,sec,1784.96,INR,100.0,0.08,2026-01-01,Storage,22312.0,No Credit,Paid Usage,-0.20170226284935727,Normal,False,Mapped,,,0.012,21.42,RESERVED
U542,ACCT1088,VM100252,2026-03-12 22:00:00,Network,SKU16,46639,sec,3731.12,INR,0.0,0.08,2026-01-01,Network,46639.0,No Credit,Paid Usage,1.4710635519373836,Normal,False,Mapped,,,0.012,44.77,RESERVED
U362,ACCT1021,VM100226,2026-03-12 22:00:00,Network,SKU7,31835,sec,2546.8,INR,0.0,0.08,2026-01-01,Network,31835.0,No Credit,Paid Usage,0.4531153823273655,Normal,False,Mapped,,,0.012,30.56,Spot
U604,ACCT1042,VM100128,2026-03-13 00:00:00,Database,SKU9,47304,sec,3784.32,INR,0.0,0.08,2026-01-01,Network,47304.0,No Credit,Paid Usage,1.5167900807667989,Normal,False,Mapped,,,0.012,45.41,On-Demand
U359,ACCT1099,VM100293,2026-03-13 02:00:00,Compute,SKU16,40608,sec,3248.64,INR,0.0,0.08,2026-01-01,Network,40608.0,No Credit,Paid Usage,1.0563617543882065,Normal,False,Mapped,,,0.012,38.98,On-Demand
U384,ACCT1087,VM100057,2026-03-13 02:00:00,Database,SKU1,38353,sec,3068.24,INR,100.0,0.08,2026-01-01,Network,38353.0,No Credit,Paid Usage,0.9013041265531219,Normal,False,Mapped,2025-07-01,0.15,0.012,36.82,On-Demand
U807,ACCT1049,VM100199,2026-03-13 02:00:00,Database,SKU18,45001,sec,3600.08,INR,0.0,0.08,2026-01-01,Network,45001.0,No Credit,Paid Usage,1.358431891452298,Normal,False,Mapped,,,0.012,43.2,On-Demand
U748,ACCT1007,VM100060,2026-03-13 03:00:00,Network,SKU4,29218,sec,2337.44,INR,0.0,0.08,2026-01-01,Database,29218.0,No Credit,Paid Usage,0.273166020001682,Normal,False,Mapped,,,0.012,28.05,Spot
U537,ACCT1066,VM100199,2026-03-13 09:00:00,Storage,SKU19,39187,sec,3134.96,INR,0.0,0.08,2026-01-01,Compute,39187.0,No Credit,Paid Usage,0.9586513822579824,Normal,False,Mapped,,,0.012,37.62,On-Demand
U299,ACCT1065,VM100271,2026-03-13 10:00:00,Storage,SKU20,10720,sec,857.6,INR,0.0,0.08,2026-01-01,COMPUTE,10720.0,No Credit,Paid Usage,-0.9987878601284258,Normal,False,Mapped,,,0.012,10.29,RESERVED
U751,ACCT1035,VM100071,2026-03-13 11:00:00,Compute,SKU10,6975,sec,558.0,INR,0.0,0.08,2026-01-01,STORAGE,6975.0,No Credit,Paid Usage,-1.2563004172203955,Normal,False,Mapped,,,0.012,6.7,On-Demand
U945,ACCT1082,VM100173,2026-03-13 23:00:00,Network,SKU3,41471,sec,3317.68,INR,0.0,0.08,2026-01-01,Compute,41471.0,No Credit,Paid Usage,1.1157030993202144,Normal,False,Mapped,2025-05-01,0.35,0.012,39.81,RESERVED
U687,ACCT1017,VM100022,2026-03-14 06:00:00,Network,SKU7,5235,sec,418.8,INR,0.0,0.08,2026-01-01,Network,5235.0,No Credit,Paid Usage,-1.375945770849241,Normal,False,Mapped,,,0.012,5.03,RESERVED
U931,ACCT1024,VM100256,2026-03-14 08:00:00,Network,SKU12,13897,sec,1111.76,INR,0.0,0.08,2026-01-01,Storage,13897.0,No Credit,Paid Usage,-0.7803319472095507,Normal,False,Mapped,,,0.012,13.34,RESERVED
U156,ACCT1081,VM100102,2026-03-14 13:00:00,Storage,SKU5,7621,sec,609.68,INR,0.0,0.08,2026-01-01,Compute,7621.0,No Credit,Paid Usage,-1.2118803606432493,Normal,False,Mapped,,,0.012,7.32,On-Demand
U548,ACCT1070,VM100112,2026-03-14 13:00:00,Storage,SKU10,6811,sec,544.88,INR,0.0,0.08,2026-01-01,STORAGE,6811.0,No Credit,Paid Usage,-1.2675773356084017,Normal,False,Mapped,,,0.012,6.54,On-Demand
U759,ACCT1047,VM100161,2026-03-14 16:00:00,Compute,SKU4,48500,sec,3880.0,INR,0.0,0.08,2026-01-01,Database,48500.0,No Credit,Paid Usage,1.5990290709622583,Normal,False,Mapped,,,0.012,46.56,RESERVED
U98,ACCT1079,VM100259,2026-03-14 19:00:00,Network,SKU6,36005,sec,2880.4,INR,0.0,0.08,2026-01-01,Storage,36005.0,No Credit,Paid Usage,0.7398516608516681,Normal,False,Mapped,,,0.012,34.56,Spot
U265,ACCT1041,VM100295,2026-03-15 06:00:00,Network,SKU14,37678,sec,3014.24,INR,0.0,0.08,2026-01-01,Network,37678.0,No Credit,Paid Usage,0.8548899807488284,Normal,False,Mapped,,,0.012,36.17,RESERVED
U88,ACCT1037,VM100108,2026-03-15 08:00:00,Database,SKU15,38109,sec,3048.72,INR,100.0,0.08,2026-01-01,Storage,38109.0,No Credit,Paid Usage,0.8845262723660884,Normal,False,Mapped,,,0.012,36.58,RESERVED
U505,ACCT1057,VM100172,2026-03-15 11:00:00,Storage,SKU10,42766,sec,3421.28,INR,0.0,0.08,2026-01-01,STORAGE,42766.0,No Credit,Paid Usage,1.2047494975669701,Normal,False,Mapped,,,0.012,41.06,Spot
U495,ACCT1012,VM100096,2026-03-15 13:00:00,Network,SKU4,29515,sec,2361.2,INR,0.0,0.08,2026-01-01,Database,29515.0,No Credit,Paid Usage,0.2935882441555712,Normal,False,Mapped,,,0.012,28.33,RESERVED
U243,ACCT1011,VM100048,2026-03-15 16:00:00,Database,SKU5,6428,sec,514.24,INR,0.0,0.08,2026-01-01,Compute,6428.0,No Credit,Paid Usage,-1.2939130657462452,Normal,False,Mapped,,,0.012,6.17,Spot
U934,ACCT1031,VM100285,2026-03-15 18:00:00,Storage,SKU5,25061,sec,2004.88,INR,0.0,0.08,2026-01-01,Compute,25061.0,No Credit,Paid Usage,-0.012676356455278641,Normal,False,Mapped,,,0.012,24.06,RESERVED
U633,ACCT1022,VM100294,2026-03-15 22:00:00,Network,SKU16,47576,sec,3806.08,INR,0.0,0.08,2026-01-01,Network,47576.0,No Credit,Paid Usage,1.535493262483492,Normal,False,Mapped,,,0.012,45.67,On-Demand
U191,ACCT1096,VM100047,2026-03-16 01:00:00,Compute,SKU15,6551,sec,524.08,INR,0.0,0.08,2026-01-01,Storage,6551.0,No Credit,Paid Usage,-1.2854553769552406,Normal,False,Mapped,,,0.012,6.29,RESERVED
U164,ACCT1024,VM100300,2026-03-16 09:00:00,Network,SKU3,41701,sec,3336.08,INR,0.0,0.08,2026-01-01,Compute,41701.0,No Credit,Paid Usage,1.131518289742418,Normal,False,Mapped,2025-05-01,0.35,0.012,40.03,Spot
U109,ACCT1029,VM100140,2026-03-16 09:00:00,Compute,SKU13,31927,sec,2554.16,INR,0.0,0.08,2026-01-01,Storage,31927.0,No Credit,Paid Usage,0.45944145849624696,Normal,False,Mapped,,,0.012,30.65,RESERVED
U264,ACCT1051,VM100022,2026-03-16 10:00:00,Network,SKU3,1328,sec,106.24,INR,100.0,0.08,2026-01-01,Compute,1328.0,No Credit,Paid Usage,-1.6445977229342412,Normal,False,Mapped,2025-05-01,0.35,0.012,1.27,RESERVED
U326,ACCT1016,VM100189,2026-03-16 13:00:00,Network,SKU13,26315,sec,2105.2,INR,0.0,0.08,2026-01-01,Storage,26315.0,No Credit,Paid Usage,0.07355081219447566,Normal,False,Mapped,,,0.012,25.26,On-Demand
U160,ACCT1070,VM100253,2026-03-16 17:00:00,Compute,SKU14,5371,sec,429.68,INR,100.0,0.08,2026-01-01,Network,5371.0,No Credit,Paid Usage,-1.3665941799908945,Normal,False,Mapped,,,0.012,5.16,On-Demand
U35,ACCT1052,VM100192,2026-03-16 18:00:00,Network,SKU4,34019,sec,2721.52,INR,0.0,0.08,2026-01-01,Database,34019.0,No Credit,Paid Usage,0.6032909296408132,Normal,False,Mapped,,,0.012,32.66,On-Demand
U298,ACCT1048,VM100293,2026-03-17 04:00:00,Database,SKU13,30356,sec,2428.48,INR,0.0,0.08,2026-01-01,Storage,30356.0,No Credit,Paid Usage,0.3514168317428466,Normal,False,Mapped,,,0.012,29.14,On-Demand
U565,ACCT1016,VM100081,2026-03-17 07:00:00,Compute,SKU14,30018,sec,2401.44,INR,0.0,0.08,2026-01-01,Network,30018.0,No Credit,Paid Usage,0.3281753779919559,Normal,False,Mapped,,,0.012,28.82,Spot
U960,ACCT1030,VM100046,2026-03-17 09:00:00,Database,SKU14,20276,sec,1622.08,INR,100.0,0.08,2026-01-01,Network,20276.0,No Credit,Paid Usage,-0.3417010789346043,Normal,False,Mapped,,,0.012,19.46,Spot
U198,ACCT1021,VM100038,2026-03-17 09:00:00,Database,SKU14,22746,sec,1819.68,INR,0.0,0.08,2026-01-01,Network,22746.0,No Credit,Paid Usage,-0.17185968613963368,Normal,False,Mapped,,,0.012,21.84,RESERVED
U777,ACCT1011,VM100236,2026-03-17 19:00:00,Network,SKU3,37654,sec,3012.32,INR,0.0,0.08,2026-01-01,Compute,37654.0,No Credit,Paid Usage,0.8532397000091201,Normal,False,Mapped,2025-05-01,0.35,0.012,36.15,RESERVED
U221,ACCT1028,VM100228,2026-03-17 21:00:00,Database,SKU4,15573,sec,1245.84,INR,0.0,0.08,2026-01-01,Database,15573.0,No Credit,Paid Usage,-0.6650873422199269,Normal,False,Mapped,,,0.012,14.95,On-Demand
U679,ACCT1048,VM100096,2026-03-18 01:00:00,Database,SKU15,3024,sec,241.92,INR,0.0,0.08,2026-01-01,Storage,3024.0,No Credit,Paid Usage,-1.5279778839948606,Normal,False,Mapped,,,0.012,2.9,RESERVED
U821,ACCT1086,VM100178,2026-03-18 01:00:00,Storage,SKU2,15851,sec,1268.08,INR,0.0,0.08,2026-01-01,Compute,15851.0,No Credit,Paid Usage,-0.6459715903183068,Normal,False,Mapped,2025-06-01,0.25,0.012,15.22,Spot
U134,ACCT1083,VM100252,2026-03-18 11:00:00,Compute,SKU10,1230,sec,98.4,INR,0.0,0.08,2026-01-01,STORAGE,1230.0,No Credit,Paid Usage,-1.6513363692880498,Normal,False,Mapped,,,0.012,1.18,RESERVED
U433,ACCT1048,VM100196,2026-03-18 13:00:00,Network,SKU3,24839,sec,1987.12,INR,0.0,0.08,2026-01-01,Compute,24839.0,No Credit,Paid Usage,-0.027941453297579643,Normal,False,Mapped,2025-05-01,0.35,0.012,23.85,On-Demand
U513,ACCT1049,VM100038,2026-03-18 15:00:00,Network,SKU19,39286,sec,3142.88,INR,0.0,0.08,2026-01-01,Compute,39286.0,No Credit,Paid Usage,0.9654587903092788,Normal,False,Mapped,,,0.012,37.71,RESERVED
U529,ACCT1004,VM100102,2026-03-18 17:00:00,Network,SKU13,38910,sec,3112.8,INR,0.0,0.08,2026-01-01,Storage,38910.0,No Credit,Paid Usage,0.9396043920538502,Normal,False,Mapped,,,0.012,37.35,On-Demand
U939,ACCT1081,VM100050,2026-03-18 18:00:00,Database,SKU9,48897,sec,3911.76,INR,0.0,0.08,2026-01-01,Network,48897.0,No Credit,Paid Usage,1.6263274648649317,Normal,False,Mapped,,,0.012,46.94,On-Demand
U99,ACCT1096,VM100244,2026-03-18 19:00:00,Storage,SKU9,17086,sec,1366.88,INR,0.0,0.08,2026-01-01,Network,17086.0,No Credit,Paid Usage,-0.5610508939208214,Normal,False,Mapped,,,0.012,16.4,On-Demand
U282,ACCT1020,VM100032,2026-03-18 21:00:00,Database,SKU3,6883,sec,550.64,INR,0.0,0.08,2026-01-01,Compute,6883.0,No Credit,Paid Usage,-1.262626493389277,Normal,False,Mapped,2025-05-01,0.35,0.012,6.61,On-Demand
U831,ACCT1053,VM100199,2026-03-18 23:00:00,Network,SKU14,41401,sec,3312.08,INR,0.0,0.08,2026-01-01,Network,41401.0,No Credit,Paid Usage,1.1108897804960653,Normal,False,Mapped,,,0.012,39.74,On-Demand
U622,ACCT1046,VM100107,2026-03-19 03:00:00,Network,SKU9,20305,sec,1624.4,INR,0.0,0.08,2026-01-01,Network,20305.0,No Credit,Paid Usage,-0.3397069897074569,Normal,False,Mapped,,,0.012,19.49,On-Demand
U212,ACCT1069,VM100064,2026-03-19 14:00:00,Database,SKU19,24255,sec,1940.4,INR,0.0,0.08,2026-01-01,Compute,24255.0,No Credit,Paid Usage,-0.06809828463047958,Normal,False,Mapped,,,0.012,23.28,On-Demand
U93,ACCT1099,VM100038,2026-03-19 17:00:00,Storage,SKU13,27260,sec,2180.8,INR,0.0,0.08,2026-01-01,Storage,27260.0,No Credit,Paid Usage,0.1385306163204867,Normal,False,Mapped,,,0.012,26.17,RESERVED
U757,ACCT1033,VM100119,2026-03-19 22:00:00,Database,SKU15,19500,sec,1560.0,INR,0.0,0.08,2026-01-01,Storage,19500.0,No Credit,Paid Usage,-0.39506015618517,Normal,False,Mapped,,,0.012,18.72,Spot
U428,ACCT1066,VM100213,2026-03-19 23:00:00,Compute,SKU18,37056,sec,2964.48,INR,0.0,0.08,2026-01-01,Network,37056.0,No Credit,Paid Usage,0.8121202049113904,Normal,False,Mapped,,,0.012,35.57,Spot
U199,ACCT1089,VM100129,2026-03-19 23:00:00,Storage,SKU13,19899,sec,1591.92,INR,0.0,0.08,2026-01-01,Storage,19899.0,No Credit,Paid Usage,-0.3676242388875209,Normal,False,Mapped,,,0.012,19.1,Spot
U503,ACCT1079,VM100101,2026-03-20 03:00:00,Storage,SKU10,7110,sec,568.8,INR,0.0,0.08,2026-01-01,STORAGE,7110.0,No Credit,Paid Usage,-1.2470175880595367,Normal,False,Mapped,,,0.012,6.83,RESERVED
U927,ACCT1016,VM100266,2026-03-20 12:00:00,Compute,SKU1,20786,sec,1662.88,INR,0.0,0.08,2026-01-01,Network,20786.0,No Credit,Paid Usage,-0.3066326132158047,Normal,False,Mapped,2025-07-01,0.15,0.012,19.95,On-Demand
U843,ACCT1007,VM100282,2026-03-20 17:00:00,Compute,SKU10,42349,sec,3387.92,INR,0.0,0.08,2026-01-01,STORAGE,42349.0,No Credit,Paid Usage,1.17607586971454,Normal,False,Mapped,,,0.012,40.66,On-Demand
U174,ACCT1029,VM100059,2026-03-20 18:00:00,Storage,SKU16,7798,sec,623.84,INR,0.0,0.08,2026-01-01,Network,7798.0,No Credit,Paid Usage,-1.1997095401879012,Normal,False,Mapped,,,0.012,7.49,On-Demand
U45,ACCT1024,VM100143,2026-03-20 22:00:00,Compute,SKU15,16471,sec,1317.68,INR,0.0,0.08,2026-01-01,Storage,16471.0,No Credit,Paid Usage,-0.6033393378758445,Normal,False,Mapped,,,0.012,15.81,Spot
U520,ACCT1048,VM100201,2026-03-21 00:00:00,Storage,SKU12,44635,sec,3570.8,INR,100.0,0.08,2026-01-01,Storage,44635.0,No Credit,Paid Usage,1.3332651101717476,Normal,False,Mapped,,,0.012,42.85,On-Demand
U944,ACCT1049,VM100147,2026-03-21 03:00:00,Storage,SKU6,41499,sec,3319.92,INR,100.0,0.08,2026-01-01,Storage,41499.0,No Credit,Paid Usage,1.117628426849874,Normal,False,Mapped,,,0.012,39.84,On-Demand
U274,ACCT1099,VM100253,2026-03-21 04:00:00,Network,SKU19,49543,sec,3963.44,INR,0.0,0.08,2026-01-01,Compute,49543.0,No Credit,Paid Usage,1.670747521442078,Normal,False,Mapped,,,0.012,47.56,On-Demand
U128,ACCT1069,VM100248,2026-03-21 08:00:00,Database,SKU11,28645,sec,2291.6,INR,100.0,0.08,2026-01-01,Database,28645.0,No Credit,Paid Usage,0.23376556734114834,Normal,False,Mapped,,,0.012,27.5,RESERVED
U418,ACCT1008,VM100061,2026-03-21 10:00:00,Storage,SKU13,20206,sec,1616.48,INR,0.0,0.08,2026-01-01,Storage,20206.0,No Credit,Paid Usage,-0.34651439775875326,Normal,False,Mapped,,,0.012,19.4,On-Demand
U276,ACCT1057,VM100035,2026-03-22 00:00:00,Database,SKU9,29080,sec,2326.4,INR,0.0,0.08,2026-01-01,Network,29080.0,No Credit,Paid Usage,0.2636769057483598,Normal,False,Mapped,,,0.012,27.92,On-Demand
U862,ACCT1047,VM100199,2026-03-22 03:00:00,Compute,SKU2,29895,sec,2391.6,INR,0.0,0.08,2026-01-01,Compute,29895.0,No Credit,Paid Usage,0.3197176892009513,Normal,False,Mapped,2025-06-01,0.25,0.012,28.7,On-Demand
U163,ACCT1006,VM100090,2026-03-22 07:00:00,Network,SKU9,34110,sec,2728.8,INR,0.0,0.08,2026-01-01,Network,34110.0,No Credit,Paid Usage,0.6095482441122068,Normal,False,Mapped,,,0.012,32.75,Spot
U935,ACCT1095,VM100077,2026-03-22 17:00:00,Storage,SKU14,738,sec,59.04,INR,0.0,0.08,2026-01-01,Network,738.0,No Credit,Paid Usage,-1.6851671244520683,Normal,False,Mapped,,,0.012,0.71,Spot
U449,ACCT1024,VM100276,2026-03-22 19:00:00,Storage,SKU10,15892,sec,1271.36,INR,0.0,0.08,2026-01-01,STORAGE,15892.0,No Credit,Paid Usage,-0.6431523607213052,Normal,False,Mapped,,,0.012,15.26,Spot
U712,ACCT1003,VM100005,2026-03-22 21:00:00,Storage,SKU20,8771,sec,701.68,INR,100.0,0.08,2026-01-01,COMPUTE,8771.0,No Credit,Paid Usage,-1.1328044085322306,Normal,False,Mapped,,,0.012,8.42,Spot
U836,ACCT1085,VM100016,2026-03-22 21:00:00,Storage,SKU5,10344,sec,827.52,INR,0.0,0.08,2026-01-01,Compute,10344.0,No Credit,Paid Usage,-1.0246422583838546,Normal,False,Mapped,,,0.012,9.93,Spot
U749,ACCT1071,VM100130,2026-03-22 23:00:00,Storage,SKU7,46097,sec,3687.76,INR,0.0,0.08,2026-01-01,Network,46097.0,No Credit,Paid Usage,1.4337947118989731,Normal,False,Mapped,,,0.012,44.25,RESERVED
U820,ACCT1097,VM100272,2026-03-23 01:00:00,Compute,SKU4,36887,sec,2950.96,INR,0.0,0.08,2026-01-01,Database,36887.0,No Credit,Paid Usage,0.800499478035945,Normal,False,Mapped,,,0.012,35.41,On-Demand
U481,ACCT1089,VM100291,2026-03-23 03:00:00,Compute,SKU3,17866,sec,1429.28,INR,0.0,0.08,2026-01-01,Compute,17866.0,No Credit,Paid Usage,-0.5074167698803044,Normal,False,Mapped,2025-05-01,0.35,0.012,17.15,On-Demand
U917,ACCT1071,VM100092,2026-03-23 07:00:00,Database,SKU7,20669,sec,1653.52,INR,0.0,0.08,2026-01-01,Network,20669.0,No Credit,Paid Usage,-0.31467773182188225,Normal,False,Mapped,,,0.012,19.84,Spot
U886,ACCT1018,VM100131,2026-03-23 10:00:00,Compute,SKU10,15337,sec,1226.96,INR,0.0,0.08,2026-01-01,STORAGE,15337.0,No Credit,Paid Usage,-0.6813151028270577,Normal,False,Mapped,,,0.012,14.72,RESERVED
U403,ACCT1084,VM100244,2026-03-23 11:00:00,Storage,SKU10,42733,sec,3418.64,INR,0.0,0.08,2026-01-01,STORAGE,42733.0,No Credit,Paid Usage,1.2024803615498714,Normal,False,Mapped,,,0.012,41.02,On-Demand
U572,ACCT1055,VM100068,2026-03-23 12:00:00,Storage,SKU13,4741,sec,379.28,INR,0.0,0.08,2026-01-01,Storage,4741.0,No Credit,Paid Usage,-1.4099140494082352,Normal,False,Mapped,,,0.012,4.55,Spot
U506,ACCT1042,VM100103,2026-03-23 18:00:00,Storage,SKU13,20690,sec,1655.2,INR,0.0,0.08,2026-01-01,Storage,20690.0,No Credit,Paid Usage,-0.31323373617463757,Normal,False,Mapped,,,0.012,19.86,On-Demand
U772,ACCT1085,VM100128,2026-03-24 05:00:00,Network,SKU5,22759,sec,1820.72,INR,0.0,0.08,2026-01-01,Compute,22759.0,No Credit,Paid Usage,-0.17096578407229174,Normal,False,Mapped,,,0.012,21.85,On-Demand
U523,ACCT1027,VM100267,2026-03-24 10:00:00,Network,SKU4,22926,sec,1834.08,INR,0.0,0.08,2026-01-01,Database,22926.0,No Credit,Paid Usage,-0.15948258059182208,Normal,False,Mapped,,,0.012,22.01,Spot
U912,ACCT1049,VM100289,2026-03-24 12:00:00,Database,SKU15,16043,sec,1283.44,INR,100.0,0.08,2026-01-01,Storage,16043.0,No Credit,Paid Usage,-0.632769344400641,Normal,False,Mapped,,,0.012,15.4,Spot
U180,ACCT1058,VM100276,2026-03-24 15:00:00,Database,SKU18,22718,sec,1817.44,INR,0.0,0.08,2026-01-01,Network,22718.0,No Credit,Paid Usage,-0.17378501366929328,Normal,False,Mapped,,,0.012,21.81,Spot
U100,ACCT1099,VM100267,2026-03-24 16:00:00,Storage,SKU9,41174,sec,3293.92,INR,0.0,0.08,2026-01-01,Network,41174.0,No Credit,Paid Usage,1.0952808751663252,Normal,False,Mapped,,,0.012,39.53,Spot
U824,ACCT1066,VM100229,2026-03-25 01:00:00,Database,SKU7,2973,sec,237.84,INR,100.0,0.08,2026-01-01,Network,2973.0,No Credit,Paid Usage,-1.5314847305667405,Normal,False,Mapped,,,0.012,2.85,Spot
U943,ACCT1087,VM100262,2026-03-25 04:00:00,Network,SKU3,48368,sec,3869.44,INR,0.0,0.08,2026-01-01,Compute,48368.0,No Credit,Paid Usage,1.589952526893863,Normal,False,Mapped,2025-05-01,0.35,0.012,46.43,Spot
U133,ACCT1031,VM100209,2026-03-25 09:00:00,Storage,SKU16,36484,sec,2918.72,INR,0.0,0.08,2026-01-01,Network,36484.0,No Credit,Paid Usage,0.7727885139483446,Normal,False,Mapped,,,0.012,35.02,Spot
U707,ACCT1031,VM100191,2026-03-25 10:00:00,Network,SKU6,39031,sec,3122.48,INR,0.0,0.08,2026-01-01,Storage,39031.0,No Credit,Paid Usage,0.947924557449879,Normal,False,Mapped,,,0.012,37.47,RESERVED
U677,ACCT1051,VM100242,2026-03-25 11:00:00,Database,SKU3,43421,sec,3473.68,INR,0.0,0.08,2026-01-01,Compute,43421.0,No Credit,Paid Usage,1.249788409421507,Normal,False,Mapped,2025-05-01,0.35,0.012,41.68,On-Demand
U557,ACCT1098,VM100202,2026-03-25 12:00:00,Database,SKU14,9417,sec,753.36,INR,0.0,0.08,2026-01-01,Network,9417.0,No Credit,Paid Usage,-1.0883843519550844,Normal,False,Mapped,,,0.012,9.04,Spot
U736,ACCT1098,VM100082,2026-03-25 13:00:00,Storage,SKU20,5869,sec,469.52,INR,100.0,0.08,2026-01-01,COMPUTE,5869.0,No Credit,Paid Usage,-1.3323508546419491,Normal,False,Mapped,,,0.012,5.63,RESERVED
U648,ACCT1040,VM100090,2026-03-25 16:00:00,Compute,SKU2,2587,sec,206.96,INR,100.0,0.08,2026-01-01,Compute,2587.0,No Credit,Paid Usage,-1.5580267457970476,Normal,False,Mapped,2025-06-01,0.25,0.012,2.48,Spot
U923,ACCT1080,VM100162,2026-03-26 00:00:00,Database,SKU16,37751,sec,3020.08,INR,0.0,0.08,2026-01-01,Network,37751.0,No Credit,Paid Usage,0.8599095846654409,Normal,False,Mapped,,,0.012,36.24,Spot
U974,ACCT1020,VM100008,2026-03-26 05:00:00,Database,SKU14,14333,sec,1146.64,INR,0.0,0.08,2026-01-01,Network,14333.0,No Credit,Paid Usage,-0.7503518471048514,Normal,False,Mapped,,,0.012,13.76,Spot
U562,ACCT1055,VM100109,2026-03-26 10:00:00,Database,SKU10,17698,sec,1415.84,INR,0.0,0.08,2026-01-01,STORAGE,17698.0,No Credit,Paid Usage,-0.5189687350582619,Normal,False,Mapped,,,0.012,16.99,RESERVED
U184,ACCT1085,VM100078,2026-03-26 12:00:00,Storage,SKU17,2526,sec,202.08,INR,100.0,0.08,2026-01-01,Compute,2526.0,No Credit,Paid Usage,-1.5622212093438061,Normal,False,Mapped,,,0.012,2.42,RESERVED
U327,ACCT1044,VM100096,2026-03-26 16:00:00,Network,SKU12,45455,sec,3636.4,INR,0.0,0.08,2026-01-01,Storage,45455.0,No Credit,Paid Usage,1.3896497021117784,Normal,False,Mapped,,,0.012,43.64,RESERVED
U752,ACCT1015,VM100055,2026-03-26 22:00:00,Storage,SKU9,13118,sec,1049.44,INR,100.0,0.08,2026-01-01,Network,13118.0,No Credit,Paid Usage,-0.8338973095525799,Normal,False,Mapped,,,0.012,12.59,Spot
U583,ACCT1015,VM100124,2026-03-27 06:00:00,Compute,SKU17,41917,sec,3353.36,INR,0.0,0.08,2026-01-01,Compute,41917.0,No Credit,Paid Usage,1.146370816399792,Normal,False,Mapped,,,0.012,40.24,RESERVED
U263,ACCT1091,VM100118,2026-03-27 09:00:00,Database,SKU3,36716,sec,2937.28,INR,0.0,0.08,2026-01-01,Compute,36716.0,No Credit,Paid Usage,0.788741227765524,Normal,False,Mapped,2025-05-01,0.35,0.012,35.25,RESERVED
U867,ACCT1078,VM100004,2026-03-27 15:00:00,Network,SKU6,9207,sec,736.56,INR,0.0,0.08,2026-01-01,Storage,9207.0,No Credit,Paid Usage,-1.1028243084275313,Normal,False,Mapped,,,0.012,8.84,Spot
U356,ACCT1069,VM100048,2026-03-27 18:00:00,Storage,SKU19,42107,sec,3368.56,INR,0.0,0.08,2026-01-01,Compute,42107.0,No Credit,Paid Usage,1.1594355389224822,Normal,False,Mapped,,,0.012,40.42,Spot
U706,ACCT1048,VM100238,2026-03-28 04:00:00,Compute,SKU1,26114,sec,2089.12,INR,0.0,0.08,2026-01-01,Network,26114.0,No Credit,Paid Usage,0.05972971099941936,Normal,False,Mapped,2025-07-01,0.15,0.012,25.07,Spot
U370,ACCT1012,VM100202,2026-03-28 06:00:00,Storage,SKU7,30065,sec,2405.2,INR,0.0,0.08,2026-01-01,Network,30065.0,No Credit,Paid Usage,0.3314071777738845,Normal,False,Mapped,,,0.012,28.86,Spot
U59,ACCT1069,VM100110,2026-03-28 08:00:00,Storage,SKU12,17480,sec,1398.4,INR,0.0,0.08,2026-01-01,Storage,17480.0,No Credit,Paid Usage,-0.5339587851106116,Normal,False,Mapped,,,0.012,16.78,Spot
U514,ACCT1052,VM100274,2026-03-28 11:00:00,Network,SKU18,45431,sec,3634.48,INR,0.0,0.08,2026-01-01,Network,45431.0,No Credit,Paid Usage,1.38799942137207,Normal,False,Mapped,,,0.012,43.61,On-Demand
U27,ACCT1065,VM100092,2026-03-28 15:00:00,Database,SKU17,7073,sec,565.84,INR,0.0,0.08,2026-01-01,Compute,7073.0,No Credit,Paid Usage,-1.249561770866587,Normal,False,Mapped,,,0.012,6.79,Spot
U290,ACCT1012,VM100217,2026-03-28 18:00:00,Compute,SKU12,23812,sec,1904.96,INR,0.0,0.08,2026-01-01,Storage,23812.0,No Credit,Paid Usage,-0.09855971661759375,Normal,False,Mapped,,,0.012,22.86,RESERVED
U896,ACCT1013,VM100110,2026-03-28 18:00:00,Database,SKU18,26351,sec,2108.08,INR,100.0,0.08,2026-01-01,Network,26351.0,No Credit,Paid Usage,0.07602623330403799,Normal,False,Mapped,,,0.012,25.3,Spot
U175,ACCT1092,VM100150,2026-03-28 20:00:00,Database,SKU14,46329,sec,3706.32,INR,0.0,0.08,2026-01-01,Network,46329.0,No Credit,Paid Usage,1.4497474257161524,Normal,False,Mapped,,,0.012,44.48,Spot
U857,ACCT1060,VM100257,2026-03-29 02:00:00,Network,SKU12,6034,sec,482.72,INR,0.0,0.08,2026-01-01,Storage,6034.0,No Credit,Paid Usage,-1.321005174556455,Normal,False,Mapped,,,0.012,5.79,On-Demand
U806,ACCT1050,VM100122,2026-03-29 04:00:00,Database,SKU2,45721,sec,3657.68,INR,0.0,0.08,2026-01-01,Compute,45721.0,No Credit,Paid Usage,1.4079403136435444,Normal,False,Mapped,2025-06-01,0.25,0.012,43.89,On-Demand
U716,ACCT1014,VM100004,2026-03-29 07:00:00,Database,SKU18,43508,sec,3480.64,INR,0.0,0.08,2026-01-01,Network,43508.0,No Credit,Paid Usage,1.2557706771029493,Normal,False,Mapped,,,0.012,41.77,Spot
U459,ACCT1034,VM100185,2026-03-29 12:00:00,Network,SKU4,32689,sec,2615.12,INR,0.0,0.08,2026-01-01,Database,32689.0,No Credit,Paid Usage,0.5118378719819828,Normal,False,Mapped,,,0.012,31.38,RESERVED
U232,ACCT1058,VM100186,2026-03-29 14:00:00,Compute,SKU15,39006,sec,3120.48,INR,100.0,0.08,2026-01-01,Storage,39006.0,No Credit,Paid Usage,0.946205515012683,Normal,False,Mapped,,,0.012,37.45,RESERVED
U868,ACCT1030,VM100040,2026-03-29 19:00:00,Database,SKU7,42270,sec,3381.6,INR,0.0,0.08,2026-01-01,Network,42270.0,No Credit,Paid Usage,1.1706436956130004,Normal,False,Mapped,,,0.012,40.58,On-Demand
U702,ACCT1048,VM100029,2026-03-29 22:00:00,Compute,SKU10,10518,sec,841.44,INR,0.0,0.08,2026-01-01,STORAGE,10518.0,No Credit,Paid Usage,-1.01267772302097,Normal,False,Mapped,,,0.012,10.1,RESERVED
U526,ACCT1095,VM100125,2026-03-30 01:00:00,Storage,SKU11,11532,sec,922.56,INR,0.0,0.08,2026-01-01,Database,11532.0,No Credit,Paid Usage,-0.9429533617682978,Normal,False,Mapped,,,0.012,11.07,Spot
U865,ACCT1047,VM100040,2026-03-30 04:00:00,Network,SKU8,16587,sec,1326.96,INR,0.0,0.08,2026-01-01,Storage,16587.0,No Credit,Paid Usage,-0.5953629809672547,Normal,False,Mapped,,,0.012,15.92,On-Demand
U906,ACCT1076,VM100103,2026-03-30 08:00:00,Compute,SKU3,1107,sec,88.56,INR,0.0,0.08,2026-01-01,Compute,1107.0,No Credit,Paid Usage,-1.6597940580790544,Normal,False,Mapped,2025-05-01,0.35,0.012,1.06,On-Demand
U170,ACCT1007,VM100097,2026-03-30 11:00:00,Network,SKU15,23809,sec,1904.72,INR,0.0,0.08,2026-01-01,Storage,23809.0,No Credit,Paid Usage,-0.09876600171005727,Normal,False,Mapped,,,0.012,22.86,Spot
U390,ACCT1091,VM100071,2026-03-30 12:00:00,Database,SKU16,13688,sec,1095.04,INR,0.0,0.08,2026-01-01,Network,13688.0,No Credit,Paid Usage,-0.7947031419845098,Normal,False,Mapped,,,0.012,13.14,On-Demand
U690,ACCT1042,VM100142,2026-03-30 16:00:00,Compute,SKU20,30125,sec,2410.0,INR,0.0,0.08,2026-01-01,COMPUTE,30125.0,No Credit,Paid Usage,0.33553287962315503,Normal,False,Mapped,,,0.012,28.92,RESERVED
U817,ACCT1029,VM100095,2026-03-30 20:00:00,Storage,SKU14,4568,sec,365.44,INR,0.0,0.08,2026-01-01,Network,4568.0,No Credit,Paid Usage,-1.421809823073632,Normal,False,Mapped,,,0.012,4.39,Spot
U982,ACCT1096,VM100282,2026-03-30 21:00:00,Database,SKU16,8104,sec,648.32,INR,0.0,0.08,2026-01-01,Network,8104.0,No Credit,Paid Usage,-1.1786684607566214,Normal,False,Mapped,,,0.012,7.78,On-Demand
U980,ACCT1059,VM100049,2026-03-30 22:00:00,Storage,SKU16,43747,sec,3499.76,INR,0.0,0.08,2026-01-01,Network,43747.0,No Credit,Paid Usage,1.2722047228025435,Normal,False,Mapped,,,0.012,42.0,Spot
U315,ACCT1086,VM100044,2026-03-31 08:00:00,Compute,SKU17,23732,sec,1898.56,INR,0.0,0.08,2026-01-01,Compute,23732.0,No Credit,Paid Usage,-0.10406065241662113,Normal,False,Mapped,,,0.012,22.78,RESERVED
U467,ACCT1070,VM100031,2026-03-31 10:00:00,Compute,SKU2,2316,sec,185.28,INR,0.0,0.08,2026-01-01,Compute,2316.0,No Credit,Paid Usage,-1.576661165816253,Normal,False,Mapped,2025-06-01,0.25,0.012,2.22,RESERVED
U409,ACCT1083,VM100279,2026-03-31 11:00:00,Storage,SKU17,32469,sec,2597.52,INR,0.0,0.08,2026-01-01,Compute,32469.0,No Credit,Paid Usage,0.49671029853465754,Normal,False,Mapped,,,0.012,31.17,Spot
U423,ACCT1088,VM100042,2026-03-31 16:00:00,Database,SKU3,29378,sec,2350.24,INR,0.0,0.08,2026-01-01,Compute,29378.0,No Credit,Paid Usage,0.2841678915997368,Normal,False,Mapped,2025-05-01,0.35,0.012,28.2,On-Demand
U349,ACCT1051,VM100246,2026-03-31 17:00:00,Network,SKU19,27021,sec,2161.68,INR,0.0,0.08,2026-01-01,Compute,27021.0,No Credit,Paid Usage,0.12209657062089237,Normal,False,Mapped,,,0.012,25.94,RESERVED
U925,ACCT1017,VM100028,2026-03-31 17:00:00,Network,SKU18,27833,sec,2226.64,INR,0.0,0.08,2026-01-01,Network,27833.0,No Credit,Paid Usage,0.17793106898102037,Normal,False,Mapped,,,0.012,26.72,On-Demand
U231,ACCT1017,VM100216,2026-03-31 18:00:00,Compute,SKU16,7548,sec,603.84,INR,0.0,0.08,2026-01-01,Network,7548.0,No Credit,Paid Usage,-1.2168999645598617,Normal,False,Mapped,,,0.012,7.25,Spot
U613,ACCT1014,VM100106,2026-04-01 10:00:00,Network,SKU16,15708,sec,1256.64,INR,0.0,0.08,2026-01-01,Network,15708.0,No Credit,Paid Usage,-0.6558045130590682,Normal,False,Mapped,,,0.012,15.08,RESERVED
U124,ACCT1006,VM100178,2026-04-01 22:00:00,Database,SKU3,28174,sec,2253.92,INR,0.0,0.08,2026-01-01,Compute,28174.0,No Credit,Paid Usage,0.20137880782437462,Normal,False,Mapped,2025-05-01,0.35,0.012,27.05,Spot
U458,ACCT1049,VM100239,2026-04-02 01:00:00,Database,SKU10,42614,sec,3409.12,INR,0.0,0.08,2026-01-01,STORAGE,42614.0,No Credit,Paid Usage,1.1942977195488182,Normal,False,Mapped,,,0.012,40.91,On-Demand
U738,ACCT1001,VM100020,2026-04-02 02:00:00,Database,SKU1,13168,sec,1053.44,INR,0.0,0.08,2026-01-01,Network,13168.0,No Credit,Paid Usage,-0.8304592246781878,Normal,False,Mapped,2025-07-01,0.15,0.012,12.64,Spot
U14,ACCT1082,VM100088,2026-04-02 03:00:00, Storage , SKU6 ,47884,sec,3830.72, INR ,0.0,0.08,2026-01-01, Storage ,47884.0,No Credit,Paid Usage,1.5566718653097473,Normal,False,Mapped,,,,,RESERVED
U453,ACCT1048,VM100048,2026-04-02 09:00:00,Storage,SKU2,47586,sec,3806.88,INR,0.0,0.08,2026-01-01,Compute,47586.0,No Credit,Paid Usage,1.5361808794583705,Normal,False,Mapped,2025-06-01,0.25,0.012,45.68,Spot
U472,ACCT1093,VM100141,2026-04-02 10:00:00,Compute,SKU17,18888,sec,1511.04,INR,100.0,0.08,2026-01-01,Compute,18888.0,No Credit,Paid Usage,-0.4371423150477295,Normal,False,Mapped,,,0.012,18.13,RESERVED
U44,ACCT1025,VM100098,2026-04-02 12:00:00,Storage,SKU14,29500,sec,2360.0,INR,0.0,0.08,2026-01-01,Network,29500.0,No Credit,Paid Usage,0.29255681869325356,Normal,False,Mapped,,,0.012,28.32,On-Demand
U589,ACCT1011,VM100275,2026-04-02 18:00:00,Storage,SKU9,40473,sec,3237.84,INR,0.0,0.08,2026-01-01,Network,40473.0,No Credit,Paid Usage,1.0470789252273478,Normal,False,Mapped,,,0.012,38.85,Spot
U442,ACCT1057,VM100120,2026-04-03 02:00:00,Compute,SKU5,14338,sec,1147.04,INR,0.0,0.08,2026-01-01,Compute,14338.0,No Credit,Paid Usage,-0.7500080386174122,Normal,False,Mapped,,,0.012,13.76,On-Demand
U228,ACCT1019,VM100067,2026-04-03 04:00:00,Storage,SKU4,16526,sec,1322.08,INR,0.0,0.08,2026-01-01,Database,16526.0,No Credit,Paid Usage,-0.5995574445140132,Normal,False,Mapped,,,0.012,15.86,Spot
U431,ACCT1045,VM100033,2026-04-03 08:00:00,Compute,SKU16,4048,sec,323.84,INR,0.0,0.08,2026-01-01,Network,4048.0,No Credit,Paid Usage,-1.45756590576731,Normal,False,Mapped,,,0.012,3.89,Spot
U996,ACCT1038,VM100135,2026-04-03 10:00:00,Network,SKU1,24159,sec,1932.72,INR,0.0,0.08,2026-01-01,Network,24159.0,No Credit,Paid Usage,-0.07469940758931244,Normal,False,Mapped,2025-07-01,0.15,0.012,23.19,Spot
U993,ACCT1072,VM100151,2026-04-03 15:00:00,Network,SKU7,45781,sec,3662.48,INR,0.0,0.08,2026-01-01,Network,45781.0,No Credit,Paid Usage,1.4120660154928149,Normal,False,Mapped,,,0.012,43.95,RESERVED
U994,ACCT1073,VM100096,2026-04-03 18:00:00,Database,SKU15,22884,sec,1830.72,INR,0.0,0.08,2026-01-01,Storage,22884.0,No Credit,Paid Usage,-0.16237057188631143,Normal,False,Mapped,,,0.012,21.97,RESERVED
U222,ACCT1088,VM100189,2026-04-03 22:00:00,Database,SKU2,42359,sec,3388.72,INR,0.0,0.08,2026-01-01,Compute,42359.0,No Credit,Paid Usage,1.1767634866894183,Normal,False,Mapped,2025-06-01,0.25,0.012,40.66,On-Demand
U329,ACCT1056,VM100093,2026-04-04 02:00:00,Database,SKU4,19352,sec,1548.16,INR,0.0,0.08,2026-01-01,Database,19352.0,No Credit,Paid Usage,-0.40523688741337066,Normal,False,Mapped,,,0.012,18.58,Spot
U320,ACCT1006,VM100181,2026-04-04 04:00:00,Storage,SKU15,22287,sec,1782.96,INR,100.0,0.08,2026-01-01,Storage,22287.0,No Credit,Paid Usage,-0.20342130528655333,Normal,False,Mapped,,,0.012,21.4,On-Demand
U754,ACCT1021,VM100021,2026-04-04 13:00:00,Storage,SKU16,32629,sec,2610.32,INR,0.0,0.08,2026-01-01,Network,32629.0,No Credit,Paid Usage,0.5077121701327123,Normal,False,Mapped,,,0.012,31.32,RESERVED
U957,ACCT1070,VM100140,2026-04-04 14:00:00,Storage,SKU18,29253,sec,2340.24,INR,0.0,0.08,2026-01-01,Network,29253.0,No Credit,Paid Usage,0.2755726794137565,Normal,False,Mapped,,,0.012,28.08,RESERVED
U309,ACCT1028,VM100077,2026-04-04 15:00:00,Network,SKU4,47760,sec,3820.8,INR,0.0,0.08,2026-01-01,Database,47760.0,No Credit,Paid Usage,1.548145414821255,Normal,False,Mapped,,,0.012,45.85,Spot
U464,ACCT1032,VM100256,2026-04-04 23:00:00,Database,SKU9,43000,sec,3440.0,INR,100.0,0.08,2026-01-01,Network,43000.0,No Credit,Paid Usage,1.2208397347791253,Normal,False,Mapped,,,0.012,41.28,RESERVED
U67,ACCT1021,VM100227,2026-04-05 03:00:00,Network,SKU18,46346,sec,3707.68,INR,0.0,0.08,2026-01-01,Network,46346.0,No Credit,Paid Usage,1.450916374573446,Normal,False,Mapped,,,0.012,44.49,RESERVED
U855,ACCT1028,VM100019,2026-04-05 03:00:00,Network,SKU5,17179,sec,1374.32,INR,0.0,0.08,2026-01-01,Compute,17179.0,No Credit,Paid Usage,-0.5546560560544521,Normal,False,Mapped,,,0.012,16.49,RESERVED
U791,ACCT1095,VM100025,2026-04-05 10:00:00,Network,SKU17,28464,sec,2277.12,INR,0.0,0.08,2026-01-01,Compute,28464.0,No Credit,Paid Usage,0.2213197000958489,Normal,False,Mapped,,,0.012,27.33,On-Demand
U462,ACCT1003,VM100134,2026-04-05 10:00:00,Network,SKU10,38375,sec,3070.0,INR,0.0,0.08,2026-01-01,STORAGE,38375.0,No Credit,Paid Usage,0.9028168838978544,Normal,False,Mapped,,,0.012,36.84,Spot
U682,ACCT1053,VM100117,2026-04-05 11:00:00,Network,SKU17,4096,sec,327.68,INR,0.0,0.08,2026-01-01,Compute,4096.0,No Credit,Paid Usage,-1.4542653442878937,Normal,False,Mapped,,,0.012,3.93,RESERVED
U136,ACCT1048,VM100243,2026-04-05 11:00:00,Database,SKU14,34894,sec,2791.52,INR,100.0,0.08,2026-01-01,Network,34894.0,No Credit,Paid Usage,0.6634574149426752,Normal,False,Mapped,,,0.012,33.5,On-Demand
U893,ACCT1048,VM100287,2026-04-05 16:00:00,Database,SKU10,31803,sec,2544.24,INR,0.0,0.08,2026-01-01,STORAGE,31803.0,No Credit,Paid Usage,0.4509150080077545,Normal,False,Mapped,,,0.012,30.53,Spot
U132,ACCT1036,VM100142,2026-04-05 20:00:00,Storage,SKU3,765,sec,61.2,INR,0.0,0.08,2026-01-01,Compute,765.0,No Credit,Paid Usage,-1.6833105586198964,Normal,False,Mapped,2025-05-01,0.35,0.012,0.73,RESERVED
U451,ACCT1053,VM100214,2026-04-06 02:00:00,Storage,SKU13,34833,sec,2786.64,INR,0.0,0.08,2026-01-01,Storage,34833.0,No Credit,Paid Usage,0.6592629513959168,Normal,False,Mapped,,,0.012,33.44,Spot
U148,ACCT1032,VM100061,2026-04-06 05:00:00,Storage,SKU17,27374,sec,2189.92,INR,0.0,0.08,2026-01-01,Compute,27374.0,No Credit,Paid Usage,0.14636944983410072,Normal,False,Mapped,,,0.012,26.28,On-Demand
U830,ACCT1023,VM100129,2026-04-06 05:00:00,Storage,SKU9,4716,sec,377.28,INR,0.0,0.08,2026-01-01,Network,4716.0,No Credit,Paid Usage,-1.4116330918454314,Normal,False,Mapped,,,0.012,4.53,Spot
U519,ACCT1066,VM100266,2026-04-06 05:00:00,Storage,SKU15,38144,sec,3051.52,INR,0.0,0.08,2026-01-01,Storage,38144.0,No Credit,Paid Usage,0.8869329317781629,Normal,False,Mapped,,,0.012,36.62,On-Demand
U97,ACCT1060,VM100272,2026-04-06 09:00:00,Database,SKU15,39123,sec,3129.84,INR,0.0,0.08,2026-01-01,Storage,39123.0,No Credit,Paid Usage,0.9542506336187605,Normal,False,Mapped,,,0.012,37.56,On-Demand
U940,ACCT1047,VM100185,2026-04-06 15:00:00,Database,SKU12,36635,sec,2930.8,INR,0.0,0.08,2026-01-01,Storage,36635.0,No Credit,Paid Usage,0.7831715302690088,Normal,False,Mapped,,,0.012,35.17,RESERVED
U4,ACCT1065,VM100014,2026-04-06 18:00:00,NETWORK,SKU8,13131,sec,1050.48,INR,0.0,0.08,2026-01-01,Storage,13131.0,No Credit,Paid Usage,-0.8330034074852379,Normal,False,Mapped,,,0.012,12.61,RESERVED
U937,ACCT1039,VM100129,2026-04-06 22:00:00,Compute,SKU13,37313,sec,2985.04,INR,0.0,0.08,2026-01-01,Storage,37313.0,No Credit,Paid Usage,0.8297919611657659,Normal,False,Mapped,,,0.012,35.82,Spot
U800,ACCT1098,VM100181,2026-04-06 23:00:00,Network,SKU18,31581,sec,2526.48,INR,100.0,0.08,2026-01-01,Network,31581.0,No Credit,Paid Usage,0.4356499111654535,Normal,False,Mapped,,,0.012,30.32,On-Demand
U647,ACCT1073,VM100073,2026-04-07 02:00:00,Network,SKU18,12436,sec,994.88,INR,0.0,0.08,2026-01-01,Network,12436.0,No Credit,Paid Usage,-0.8807927872392883,Normal,False,Mapped,,,0.012,11.94,On-Demand
U517,ACCT1083,VM100023,2026-04-07 02:00:00,Network,SKU11,42372,sec,3389.76,INR,0.0,0.08,2026-01-01,Database,42372.0,No Credit,Paid Usage,1.1776573887567603,Normal,False,Mapped,,,0.012,40.68,Spot
U575,ACCT1009,VM100272,2026-04-07 03:00:00,Storage,SKU15,655,sec,52.4,INR,0.0,0.08,2026-01-01,Storage,655.0,No Credit,Paid Usage,-1.690874345343559,Normal,False,Mapped,,,0.012,0.63,On-Demand
U891,ACCT1069,VM100217,2026-04-07 08:00:00,Database,SKU13,24062,sec,1924.96,INR,0.0,0.08,2026-01-01,Storage,24062.0,No Credit,Paid Usage,-0.08136929224563315,Normal,False,Mapped,,,0.012,23.1,RESERVED
U543,ACCT1022,VM100043,2026-04-07 11:00:00,Storage,SKU10,2122,sec,169.76,INR,0.0,0.08,2026-01-01,STORAGE,2122.0,No Credit,Paid Usage,-1.5900009351288944,Normal,False,Mapped,,,0.012,2.04,RESERVED
U545,ACCT1100,VM100235,2026-04-07 12:00:00,Network,SKU18,48761,sec,3900.88,INR,0.0,0.08,2026-01-01,Network,48761.0,No Credit,Paid Usage,1.6169758740065852,Normal,False,Mapped,,,0.012,46.81,RESERVED
U692,ACCT1020,VM100076,2026-04-07 16:00:00,Compute,SKU4,38630,sec,3090.4,INR,0.0,0.08,2026-01-01,Database,38630.0,No Credit,Paid Usage,0.9203511167572542,Normal,False,Mapped,,,0.012,37.08,On-Demand
U848,ACCT1020,VM100290,2026-04-07 17:00:00,Database,SKU14,23987,sec,1918.96,INR,100.0,0.08,2026-01-01,Network,23987.0,No Credit,Paid Usage,-0.08652641955722133,Normal,False,Mapped,,,0.012,23.03,Spot
U150,ACCT1055,VM100157,2026-04-08 01:00:00,Compute,SKU20,40799,sec,3263.92,INR,0.0,0.08,2026-01-01,COMPUTE,40799.0,No Credit,Paid Usage,1.0694952386083842,Normal,False,Mapped,,,0.012,39.17,RESERVED
U732,ACCT1044,VM100210,2026-04-08 04:00:00,Storage,SKU11,30087,sec,2406.96,INR,0.0,0.08,2026-01-01,Database,30087.0,No Credit,Paid Usage,0.332919935118617,Normal,False,Mapped,,,0.012,28.88,On-Demand
U864,ACCT1075,VM100279,2026-04-08 07:00:00,Network,SKU13,11493,sec,919.44,INR,100.0,0.08,2026-01-01,Storage,11493.0,No Credit,Paid Usage,-0.9456350679703237,Normal,False,Mapped,,,0.012,11.03,Spot
U552,ACCT1027,VM100031,2026-04-08 07:00:00,Database,SKU20,23091,sec,1847.28,INR,100.0,0.08,2026-01-01,COMPUTE,23091.0,No Credit,Paid Usage,-0.14813690050632808,Normal,False,Mapped,,,0.012,22.17,RESERVED
U182,ACCT1090,VM100123,2026-04-08 14:00:00,Storage,SKU14,25198,sec,2015.84,INR,0.0,0.08,2026-01-01,Network,25198.0,No Credit,Paid Usage,-0.003256003899444239,Normal,False,Mapped,,,0.012,24.19,On-Demand
U839,ACCT1006,VM100003,2026-04-08 17:00:00,Network,SKU18,39202,sec,3136.16,INR,0.0,0.08,2026-01-01,Network,39202.0,No Credit,Paid Usage,0.9596828077203001,Normal,False,Mapped,,,0.012,37.63,Spot
U546,ACCT1066,VM100058,2026-04-08 17:00:00,Database,SKU18,7584,sec,606.72,INR,0.0,0.08,2026-01-01,Network,7584.0,No Credit,Paid Usage,-1.2144245434502994,Normal,False,Mapped,,,0.012,7.28,Spot
U338,ACCT1098,VM100040,2026-04-08 22:00:00,Database,SKU13,9123,sec,729.84,INR,0.0,0.08,2026-01-01,Storage,9123.0,No Credit,Paid Usage,-1.10860029101651,Normal,False,Mapped,,,0.012,8.76,On-Demand
U888,ACCT1091,VM100004,2026-04-09 15:00:00,Compute,SKU17,34345,sec,2747.6,INR,100.0,0.08,2026-01-01,Compute,34345.0,No Credit,Paid Usage,0.6257072430218498,Normal,False,Mapped,,,0.012,32.97,Spot
U563,ACCT1044,VM100281,2026-04-09 15:00:00,Network,SKU11,8658,sec,692.64,INR,0.0,0.08,2026-01-01,Database,8658.0,No Credit,Paid Usage,-1.1405744803483568,Normal,False,Mapped,,,0.012,8.31,On-Demand
U430,ACCT1001,VM100112,2026-04-09 16:00:00,Compute,SKU14,4886,sec,390.88,INR,0.0,0.08,2026-01-01,Network,4886.0,No Credit,Paid Usage,-1.3999436032724981,Normal,False,Mapped,,,0.012,4.69,On-Demand
U206,ACCT1057,VM100018,2026-04-09 21:00:00,Storage,SKU3,24011,sec,1920.88,INR,0.0,0.08,2026-01-01,Compute,24011.0,No Credit,Paid Usage,-0.08487613881751312,Normal,False,Mapped,2025-05-01,0.35,0.012,23.05,RESERVED
U616,ACCT1096,VM100044,2026-04-10 02:00:00,Storage,SKU13,6363,sec,509.04,INR,100.0,0.08,2026-01-01,Storage,6363.0,No Credit,Paid Usage,-1.298382576082955,Normal,False,Mapped,,,0.012,6.11,RESERVED
U986,ACCT1002,VM100022,2026-04-10 04:00:00,Network,SKU20,45369,sec,3629.52,INR,0.0,0.08,2026-01-01,COMPUTE,45369.0,No Credit,Paid Usage,1.3837361961278238,Normal,False,Mapped,,,0.012,43.55,RESERVED
U630,ACCT1088,VM100044,2026-04-10 09:00:00,Database,SKU3,38511,sec,3080.88,INR,0.0,0.08,2026-01-01,Compute,38511.0,No Credit,Paid Usage,0.912168474756201,Normal,False,Mapped,2025-05-01,0.35,0.012,36.97,RESERVED
U69,ACCT1005,VM100190,2026-04-10 09:00:00,Storage,SKU14,36310,sec,2904.8,INR,0.0,0.08,2026-01-01,Network,36310.0,No Credit,Paid Usage,0.76082397858546,Normal,False,Mapped,,,0.012,34.86,On-Demand
U722,ACCT1050,VM100019,2026-04-10 12:00:00,Storage,SKU11,46504,sec,3720.32,INR,0.0,0.08,2026-01-01,Database,46504.0,No Credit,Paid Usage,1.461780722776525,Normal,False,Mapped,,,0.012,44.64,RESERVED
U52,ACCT1008,VM100026,2026-04-10 16:00:00,Storage,SKU2,31346,sec,2507.68,INR,0.0,0.08,2026-01-01,Compute,31346.0,No Credit,Paid Usage,0.41949091225581053,Normal,False,Mapped,2025-06-01,0.25,0.012,30.09,RESERVED
U985,ACCT1022,VM100142,2026-04-10 18:00:00,Network,SKU8,7941,sec,635.28,INR,0.0,0.08,2026-01-01,Storage,7941.0,No Credit,Paid Usage,-1.1898766174471398,Normal,False,Mapped,,,0.012,7.62,RESERVED
U244,ACCT1072,VM100031,2026-04-11 02:00:00,Database,SKU4,36904,sec,2952.32,INR,0.0,0.08,2026-01-01,Database,36904.0,No Credit,Paid Usage,0.8016684268932384,Normal,False,Mapped,,,0.012,35.43,RESERVED
U162,ACCT1030,VM100295,2026-04-11 04:00:00,Database,SKU19,1459,sec,116.72,INR,0.0,0.08,2026-01-01,Compute,1459.0,No Credit,Paid Usage,-1.6355899405633338,Normal,False,Mapped,,,0.012,1.4,RESERVED
U37,ACCT1071,VM100118,2026-04-11 10:00:00,Compute,SKU3,14532,sec,1162.56,INR,0.0,0.08,2026-01-01,Compute,14532.0,No Credit,Paid Usage,-0.7366682693047708,Normal,False,Mapped,2025-05-01,0.35,0.012,13.95,RESERVED
U578,ACCT1018,VM100064,2026-04-11 14:00:00,Network,SKU12,47941,sec,3835.28,INR,0.0,0.08,2026-01-01,Storage,47941.0,No Credit,Paid Usage,1.5605912820665544,Normal,False,Mapped,,,0.012,46.02,On-Demand
U745,ACCT1028,VM100012,2026-04-11 15:00:00,Storage,SKU4,33171,sec,2653.68,INR,0.0,0.08,2026-01-01,Database,33171.0,No Credit,Paid Usage,0.5449810101711229,Normal,False,Mapped,,,0.012,31.84,Reserved
U871,ACCT1062,VM100108,2026-04-11 19:00:00,Network,SKU1,10667,sec,853.36,INR,0.0,0.08,2026-01-01,Network,10667.0,No Credit,Paid Usage,-1.0024322300952815,Normal,False,Mapped,2025-07-01,0.15,0.012,10.24,RESERVED
U747,ACCT1080,VM100025,2026-04-12 08:00:00,Compute,SKU1,3243,sec,259.44,INR,0.0,0.08,2026-01-01,Network,3243.0,No Credit,Paid Usage,-1.5129190722450232,Normal,False,Mapped,2025-07-01,0.15,0.012,3.11,On-Demand
U440,ACCT1009,VM100052,2026-04-12 08:00:00,Network,SKU20,2300,sec,184.0,INR,100.0,0.08,2026-01-01,COMPUTE,2300.0,No Credit,Paid Usage,-1.5777613529760584,Normal,False,Mapped,,,0.012,2.21,On-Demand
U669,ACCT1012,VM100174,2026-04-12 09:00:00,Network,SKU1,40315,sec,3225.2,INR,0.0,0.08,2026-01-01,Network,40315.0,No Credit,Paid Usage,1.0362145770242686,Normal,False,Mapped,2025-07-01,0.15,0.012,38.7,Spot
U312,ACCT1015,VM100256,2026-04-12 20:00:00,Compute,SKU17,35230,sec,2818.4,INR,100.0,0.08,2026-01-01,Compute,35230.0,No Credit,Paid Usage,0.6865613452985903,Normal,False,Mapped,,,0.012,33.82,RESERVED
U815,ACCT1020,VM100166,2026-04-12 20:00:00,Database,SKU16,3432,sec,274.56,INR,0.0,0.08,2026-01-01,Network,3432.0,No Credit,Paid Usage,-1.4999231114198208,Normal,False,Mapped,,,0.012,3.29,RESERVED
U533,ACCT1082,VM100161,2026-04-12 21:00:00,Network,SKU19,25569,sec,2045.52,INR,0.0,0.08,2026-01-01,Compute,25569.0,No Credit,Paid Usage,0.022254585868545274,Normal,False,Mapped,,,0.012,24.55,RESERVED
U294,ACCT1099,VM100068,2026-04-12 22:00:00,Storage,SKU6,24788,sec,1983.04,INR,0.0,0.08,2026-01-01,Storage,24788.0,No Credit,Paid Usage,-0.0314482998694596,Normal,False,Mapped,,,0.012,23.8,Spot
U877,ACCT1029,VM100211,2026-04-13 13:00:00,Storage,SKU20,9452,sec,756.16,INR,0.0,0.08,2026-01-01,COMPUTE,9452.0,No Credit,Paid Usage,-1.08597769254301,Normal,False,Mapped,,,0.012,9.07,On-Demand
U658,ACCT1005,VM100094,2026-04-13 19:00:00,Storage,SKU19,20954,sec,1676.32,INR,0.0,0.08,2026-01-01,Compute,20954.0,No Credit,Paid Usage,-0.29508064803784717,Normal,False,Mapped,,,0.012,20.12,RESERVED
U796,ACCT1018,VM100212,2026-04-13 19:00:00,Database,SKU18,45976,sec,3678.08,INR,0.0,0.08,2026-01-01,Network,45976.0,No Credit,Paid Usage,1.4254745465029441,Normal,False,Mapped,,,0.012,44.14,RESERVED
U161,ACCT1095,VM100166,2026-04-14 00:00:00,Compute,SKU3,16508,sec,1320.64,INR,0.0,0.08,2026-01-01,Compute,16508.0,No Credit,Paid Usage,-0.6007951550687943,Normal,False,Mapped,2025-05-01,0.35,0.012,15.85,RESERVED
U700,ACCT1035,VM100214,2026-04-14 05:00:00,Compute,SKU7,42407,sec,3392.56,INR,0.0,0.08,2026-01-01,Network,42407.0,No Credit,Paid Usage,1.180064048168835,Normal,False,Mapped,,,0.012,40.71,Spot
U487,ACCT1010,VM100175,2026-04-14 06:00:00,Network,SKU11,40330,sec,3226.4,INR,0.0,0.08,2026-01-01,Database,40330.0,No Credit,Paid Usage,1.0372460024865862,Normal,False,Mapped,,,0.012,38.72,Spot
U380,ACCT1059,VM100077,2026-04-14 11:00:00,Storage,SKU11,33884,sec,2710.72,INR,0.0,0.08,2026-01-01,Database,33884.0,No Credit,Paid Usage,0.5940081004799544,Normal,False,Mapped,,,0.012,32.53,Spot
U908,ACCT1036,VM100116,2026-04-14 11:00:00,Network,SKU13,12848,sec,1027.84,INR,0.0,0.08,2026-01-01,Storage,12848.0,No Credit,Paid Usage,-0.8524629678742973,Normal,False,Mapped,,,0.012,12.33,On-Demand
U876,ACCT1028,VM100230,2026-04-14 12:00:00,Network,SKU6,30994,sec,2479.52,INR,0.0,0.08,2026-01-01,Storage,30994.0,No Credit,Paid Usage,0.39528679474009004,Normal,False,Mapped,,,0.012,29.75,RESERVED
U670,ACCT1056,VM100085,2026-04-14 15:00:00,Storage,SKU2,28555,sec,2284.4,INR,0.0,0.08,2026-01-01,Compute,28555.0,No Credit,Paid Usage,0.22757701456724255,Normal,False,Mapped,2025-06-01,0.25,0.012,27.41,RESERVED
U794,ACCT1050,VM100215,2026-04-14 22:00:00,Storage,SKU9,45484,sec,3638.72,INR,0.0,0.08,2026-01-01,Network,45484.0,No Credit,Paid Usage,1.3916437913389257,Normal,False,Mapped,,,0.012,43.66,On-Demand
U195,ACCT1023,VM100041,2026-04-15 00:00:00,Storage,SKU16,25170,sec,2013.6,INR,0.0,0.08,2026-01-01,Network,25170.0,No Credit,Paid Usage,-0.005181331429103825,Normal,False,Mapped,,,0.012,24.16,On-Demand
U284,ACCT1068,VM100268,2026-04-15 01:00:00,Database,SKU12,10503,sec,840.24,INR,0.0,0.08,2026-01-01,Storage,10503.0,No Credit,Paid Usage,-1.0137091484832876,Normal,False,Mapped,,,0.012,10.08,On-Demand
U61,ACCT1070,VM100155,2026-04-15 09:00:00,Compute,SKU18,42958,sec,3436.64,INR,0.0,0.08,2026-01-01,Network,42958.0,No Credit,Paid Usage,1.2179517434846359,Normal,False,Mapped,,,0.012,41.24,RESERVED
U348,ACCT1071,VM100067,2026-04-15 10:00:00,Compute,SKU10,5750,sec,460.0,INR,0.0,0.08,2026-01-01,STORAGE,5750.0,No Credit,Paid Usage,-1.3405334966430023,Normal,False,Mapped,,,0.012,5.52,Spot
U439,ACCT1085,VM100215,2026-04-15 22:00:00,Storage,SKU7,1125,sec,90.0,INR,0.0,0.08,2026-01-01,Network,1125.0,No Credit,Paid Usage,-1.6585563475242733,Normal,False,Mapped,,,0.012,1.08,On-Demand
U279,ACCT1010,VM100047,2026-04-15 23:00:00,Network,SKU15,39033,sec,3122.64,INR,0.0,0.08,2026-01-01,Storage,39033.0,No Credit,Paid Usage,0.9480620808448548,Normal,False,Mapped,,,0.012,37.47,RESERVED
U805,ACCT1058,VM100053,2026-04-16 03:00:00,Storage,SKU18,44371,sec,3549.68,INR,0.0,0.08,2026-01-01,Network,44371.0,No Credit,Paid Usage,1.3151120220349573,Normal,False,Mapped,,,0.012,42.6,Spot
U847,ACCT1058,VM100169,2026-04-16 04:00:00,Database,SKU19,43315,sec,3465.2,INR,0.0,0.08,2026-01-01,Compute,43315.0,No Credit,Paid Usage,1.2424996694877957,Normal,False,Mapped,,,0.012,41.58,On-Demand
U970,ACCT1082,VM100234,2026-04-16 10:00:00,Database,SKU20,29772,sec,2381.76,INR,0.0,0.08,2026-01-01,COMPUTE,29772.0,No Credit,Paid Usage,0.31126000040994667,Normal,False,Mapped,,,0.012,28.58,On-Demand
U55,ACCT1077,VM100021,2026-04-16 16:00:00,Network,SKU19,5472,sec,437.76,INR,0.0,0.08,2026-01-01,Compute,5472.0,No Credit,Paid Usage,-1.3596492485446225,Normal,False,Mapped,,,0.012,5.25,RESERVED
U237,ACCT1017,VM100141,2026-04-17 13:00:00,Database,SKU13,41589,sec,3327.12,INR,0.0,0.08,2026-01-01,Storage,41589.0,No Credit,Paid Usage,1.1238169796237798,Normal,False,Mapped,,,0.012,39.93,RESERVED
U446,ACCT1076,VM100090,2026-04-17 20:00:00,Network,SKU18,44582,sec,3566.56,INR,0.0,0.08,2026-01-01,Network,44582.0,No Credit,Paid Usage,1.3296207402048918,Normal,False,Mapped,,,0.012,42.8,Spot
U189,ACCT1049,VM100163,2026-04-17 23:00:00,Network,SKU18,47201,sec,3776.08,INR,0.0,0.08,2026-01-01,Network,47201.0,No Credit,Paid Usage,1.509707625925551,Normal,False,Mapped,,,0.012,45.31,On-Demand
U826,ACCT1069,VM100004,2026-04-17 23:00:00,Storage,SKU7,4390,sec,351.2,INR,0.0,0.08,2026-01-01,Network,4390.0,No Credit,Paid Usage,-1.4340494052264678,Normal,False,Mapped,,,0.012,4.21,Spot
U598,ACCT1092,VM100296,2026-04-18 02:00:00,Network,SKU15,5150,sec,412.0,INR,0.0,0.08,2026-01-01,Storage,5150.0,No Credit,Paid Usage,-1.3817905151357077,Normal,False,Mapped,,,0.012,4.94,On-Demand
U576,ACCT1045,VM100110,2026-04-18 04:00:00,Storage,SKU14,49138,sec,3931.04,INR,100.0,0.08,2026-01-01,Network,49138.0,No Credit,Paid Usage,1.6428990339595018,Normal,False,Mapped,,,0.012,47.17,Spot
U958,ACCT1023,VM100234,2026-04-18 16:00:00,Network,SKU17,49180,sec,3934.4,INR,0.0,0.08,2026-01-01,Compute,49180.0,No Credit,Paid Usage,1.645787025253991,Normal,False,Mapped,,,0.012,47.21,On-Demand
U854,ACCT1003,VM100260,2026-04-18 19:00:00,Network,SKU19,2144,sec,171.52,INR,0.0,0.08,2026-01-01,Compute,2144.0,No Credit,Paid Usage,-1.588488177784162,Normal,False,Mapped,,,0.012,2.06,RESERVED
U321,ACCT1090,VM100246,2026-04-18 19:00:00,Storage,SKU3,12045,sec,963.6,INR,0.0,0.08,2026-01-01,Compute,12045.0,No Credit,Paid Usage,-0.9076786109570347,Normal,False,Mapped,2025-05-01,0.35,0.012,11.56,RESERVED
U797,ACCT1041,VM100284,2026-04-18 23:00:00,Storage,SKU7,14343,sec,1147.44,INR,0.0,0.08,2026-01-01,Network,14343.0,No Credit,Paid Usage,-0.749664230129973,Normal,False,Mapped,,,0.012,13.77,Spot
U984,ACCT1015,VM100121,2026-04-19 00:00:00,Database,SKU1,28553,sec,2284.24,INR,100.0,0.08,2026-01-01,Network,28553.0,No Credit,Paid Usage,0.22743949117226686,Normal,False,Mapped,2025-07-01,0.15,0.012,27.41,Spot
U126,ACCT1056,VM100186,2026-04-19 11:00:00,Storage,SKU14,30229,sec,2418.32,INR,0.0,0.08,2026-01-01,Network,30229.0,No Credit,Paid Usage,0.34268409616189066,Normal,False,Mapped,,,0.012,29.02,RESERVED
U317,ACCT1061,VM100023,2026-04-19 11:00:00,Database,SKU9,25454,sec,2036.32,INR,0.0,0.08,2026-01-01,Network,25454.0,No Credit,Paid Usage,0.014346990657443404,Normal,False,Mapped,,,0.012,24.44,Spot
U204,ACCT1046,VM100113,2026-04-19 15:00:00,Database,SKU5,12560,sec,1004.8,INR,0.0,0.08,2026-01-01,Compute,12560.0,No Credit,Paid Usage,-0.8722663367507959,Normal,False,Mapped,,,0.012,12.06,Spot
U311,ACCT1031,VM100215,2026-04-20 01:00:00,Network,SKU3,40916,sec,3273.28,INR,0.0,0.08,2026-01-01,Compute,40916.0,No Credit,Paid Usage,1.077540357214462,Normal,False,Mapped,2025-05-01,0.35,0.012,39.28,On-Demand
U901,ACCT1008,VM100090,2026-04-20 06:00:00,Network,SKU1,32498,sec,2599.84,INR,0.0,0.08,2026-01-01,Network,32498.0,No Credit,Paid Usage,0.4987043877618049,Normal,False,Mapped,2025-07-01,0.15,0.012,31.2,Spot
U224,ACCT1085,VM100109,2026-04-20 12:00:00,Compute,SKU2,42009,sec,3360.72,INR,100.0,0.08,2026-01-01,Compute,42009.0,No Credit,Paid Usage,1.1526968925686736,Normal,False,Mapped,2025-06-01,0.25,0.012,40.33,RESERVED
U289,ACCT1072,VM100193,2026-04-20 19:00:00,Storage,SKU17,21627,sec,1730.16,INR,0.0,0.08,2026-01-01,Compute,21627.0,No Credit,Paid Usage,-0.24880402562852927,Normal,False,Mapped,,,0.012,20.76,On-Demand
U776,ACCT1029,VM100282,2026-04-20 19:00:00,Network,SKU8,24914,sec,1993.12,INR,100.0,0.08,2026-01-01,Storage,24914.0,No Credit,Paid Usage,-0.022784325985991467,Normal,False,Mapped,,,0.012,23.92,On-Demand
U234,ACCT1039,VM100235,2026-04-20 19:00:00,Compute,SKU16,2141,sec,171.28,INR,0.0,0.08,2026-01-01,Network,2141.0,No Credit,Paid Usage,-1.5886944628766253,Normal,False,Mapped,,,0.012,2.06,RESERVED
U989,ACCT1008,VM100183,2026-04-21 00:00:00,Compute,SKU5,10187,sec,814.96,INR,0.0,0.08,2026-01-01,Compute,10187.0,No Credit,Paid Usage,-1.035437844889446,Normal,False,Mapped,,,0.012,9.78,On-Demand
U852,ACCT1014,VM100090,2026-04-21 04:00:00,Compute,SKU9,39855,sec,3188.4,INR,0.0,0.08,2026-01-01,Network,39855.0,No Credit,Paid Usage,1.0045841961798612,Normal,False,Mapped,,,0.012,38.26,Spot
U404,ACCT1042,VM100147,2026-04-21 05:00:00,Compute,SKU19,3977,sec,318.16,INR,0.0,0.08,2026-01-01,Compute,3977.0,No Credit,Paid Usage,-1.4624479862889468,Normal,False,Mapped,,,0.012,3.82,On-Demand
U828,ACCT1090,VM100223,2026-04-21 08:00:00,Storage,SKU1,4826,sec,386.08,INR,0.0,0.08,2026-01-01,Network,4826.0,No Credit,Paid Usage,-1.4040693051217688,Normal,False,Mapped,2025-07-01,0.15,0.012,4.63,On-Demand
U636,ACCT1005,VM100126,2026-04-21 11:00:00,Network,SKU14,19440,sec,1555.2,INR,0.0,0.08,2026-01-01,Network,19440.0,No Credit,Paid Usage,-0.3991858580344405,Normal,False,Mapped,,,0.012,18.66,Spot
U411,ACCT1094,VM100235,2026-04-21 15:00:00,Storage,SKU1,16960,sec,1356.8,INR,0.0,0.08,2026-01-01,Network,16960.0,No Credit,Paid Usage,-0.5697148678042896,Normal,False,Mapped,2025-07-01,0.15,0.012,16.28,RESERVED
U188,ACCT1080,VM100204,2026-04-21 21:00:00,Database,SKU18,5363,sec,429.04,INR,0.0,0.08,2026-01-01,Network,5363.0,No Credit,Paid Usage,-1.3671442735707973,Normal,False,Mapped,,,0.012,5.15,On-Demand
U665,ACCT1062,VM100296,2026-04-22 02:00:00,Storage,SKU6,49792,sec,3983.36,INR,0.0,0.08,2026-01-01,Storage,49792.0,No Credit,Paid Usage,1.6878691841165505,Normal,False,Mapped,,,0.012,47.8,On-Demand
U567,ACCT1036,VM100048,2026-04-22 17:00:00,Database,SKU3,23721,sec,1897.68,INR,0.0,0.08,2026-01-01,Compute,23721.0,No Credit,Paid Usage,-0.10481703108898739,Normal,False,Mapped,2025-05-01,0.35,0.012,22.77,Spot
U889,ACCT1001,VM100193,2026-04-22 17:00:00,Database,SKU14,13562,sec,1084.96,INR,0.0,0.08,2026-01-01,Network,13562.0,No Credit,Paid Usage,-0.8033671158679778,Normal,False,Mapped,,,0.012,13.02,On-Demand
U694,ACCT1034,VM100197,2026-04-22 18:00:00,Network,SKU2,31923,sec,2553.84,INR,0.0,0.08,2026-01-01,Compute,31923.0,No Credit,Paid Usage,0.4591664117062956,Normal,False,Mapped,2025-06-01,0.25,0.012,30.65,On-Demand
U769,ACCT1009,VM100134,2026-04-22 18:00:00,Compute,SKU17,20693,sec,1655.44,INR,0.0,0.08,2026-01-01,Compute,20693.0,No Credit,Paid Usage,-0.31302745108217406,Normal,False,Mapped,,,0.012,19.87,Spot
U904,ACCT1047,VM100123,2026-04-22 18:00:00,Storage,SKU3,118,sec,9.44,INR,100.0,0.08,2026-01-01,Compute,118.0,No Credit,Paid Usage,-1.7277993768945306,Normal,False,Mapped,2025-05-01,0.35,0.012,0.11,On-Demand
U398,ACCT1045,VM100227,2026-04-22 22:00:00,Network,SKU7,16906,sec,1352.48,INR,0.0,0.08,2026-01-01,Network,16906.0,No Credit,Paid Usage,-0.573427999468633,Normal,False,Mapped,,,0.012,16.23,RESERVED
U169,ACCT1066,VM100001,2026-04-23 05:00:00,Network,SKU14,35659,sec,2852.72,INR,0.0,0.08,2026-01-01,Network,35659.0,No Credit,Paid Usage,0.7160601135208746,Normal,False,Mapped,,,0.012,34.23,Spot
U516,ACCT1099,VM100128,2026-04-23 05:00:00,Database,SKU6,43661,sec,3492.88,INR,0.0,0.08,2026-01-01,Storage,43661.0,No Credit,Paid Usage,1.2662912168185891,Normal,False,Mapped,,,0.012,41.91,On-Demand
U793,ACCT1014,VM100199,2026-04-23 05:00:00,Database,SKU17,39457,sec,3156.56,INR,0.0,0.08,2026-01-01,Compute,39457.0,No Credit,Paid Usage,0.9772170405796998,Normal,False,Mapped,,,0.012,37.88,On-Demand
U999,ACCT1093,VM100033,2026-04-23 08:00:00,Network,SKU7,35421,sec,2833.68,INR,0.0,0.08,2026-01-01,Network,35421.0,No Credit,Paid Usage,0.6996948295187682,Normal,False,Mapped,,,0.012,34.0,Spot
U470,ACCT1008,VM100248,2026-04-23 12:00:00,Compute,SKU1,32072,sec,2565.76,INR,0.0,0.08,2026-01-01,Network,32072.0,No Credit,Paid Usage,0.4694119046319841,Normal,False,Mapped,2025-07-01,0.15,0.012,30.79,RESERVED
U720,ACCT1077,VM100207,2026-04-23 17:00:00,Storage,SKU1,21044,sec,1683.52,INR,100.0,0.08,2026-01-01,Network,21044.0,No Credit,Paid Usage,-0.2888920952639414,Normal,False,Mapped,2025-07-01,0.15,0.012,20.2,On-Demand
U490,ACCT1088,VM100300,2026-04-23 18:00:00,Compute,SKU20,25008,sec,2000.64,INR,0.0,0.08,2026-01-01,COMPUTE,25008.0,No Credit,Paid Usage,-0.016320726422134287,Normal,False,Mapped,,,0.012,24.01,Spot
U330,ACCT1011,VM100168,2026-04-23 19:00:00,Database,SKU15,19475,sec,1558.0,INR,0.0,0.08,2026-01-01,Storage,19475.0,No Credit,Paid Usage,-0.39677919862236605,Normal,False,Mapped,,,0.012,18.7,Spot
U256,ACCT1035,VM100227,2026-04-23 23:00:00,Network,SKU20,27888,sec,2231.04,INR,100.0,0.08,2026-01-01,COMPUTE,27888.0,No Credit,Paid Usage,0.1817129623428517,Normal,False,Mapped,,,0.012,26.77,RESERVED
U50,ACCT1090,VM100285,2026-04-23 23:00:00,Network,SKU5,47181,sec,3774.48,INR,0.0,0.08,2026-01-01,Compute,47181.0,No Credit,Paid Usage,1.5083323919757943,Normal,False,Mapped,,,0.012,45.29,RESERVED
U858,ACCT1065,VM100006,2026-04-24 02:00:00,Storage,SKU17,15755,sec,1260.4,INR,0.0,0.08,2026-01-01,Compute,15755.0,No Credit,Paid Usage,-0.6525727132771396,Normal,False,Mapped,,,0.012,15.12,Reserved
U71,ACCT1027,VM100128,2026-04-24 19:00:00,Database,SKU18,6836,sec,546.88,INR,0.0,0.08,2026-01-01,Network,6836.0,No Credit,Paid Usage,-1.2658582931712055,Normal,False,Mapped,,,0.012,6.56,On-Demand
U344,ACCT1088,VM100164,2026-04-24 23:00:00,Compute,SKU18,22868,sec,1829.44,INR,100.0,0.08,2026-01-01,Network,22868.0,No Credit,Paid Usage,-0.1634707590461169,Normal,False,Mapped,,,0.012,21.95,On-Demand
U118,ACCT1017,VM100243,2026-04-25 06:00:00,Storage,SKU15,7596,sec,607.68,INR,0.0,0.08,2026-01-01,Storage,7596.0,No Credit,Paid Usage,-1.2135994030804453,Normal,False,Mapped,,,0.012,7.29,On-Demand
U218,ACCT1059,VM100190,2026-04-25 10:00:00,Network,SKU19,48802,sec,3904.16,INR,0.0,0.08,2026-01-01,Compute,48802.0,No Credit,Paid Usage,1.6197951036035867,Normal,False,Mapped,,,0.012,46.85,On-Demand
U535,ACCT1079,VM100044,2026-04-25 16:00:00,Database,SKU4,8878,sec,710.24,INR,0.0,0.08,2026-01-01,Database,8878.0,No Credit,Paid Usage,-1.1254469069010316,Normal,False,Mapped,,,0.012,8.52,RESERVED
U91,ACCT1097,VM100121,2026-04-25 19:00:00,Storage,SKU7,20443,sec,1635.44,INR,0.0,0.08,2026-01-01,Network,20443.0,No Credit,Paid Usage,-0.3302178754541346,Normal,False,Mapped,,,0.012,19.63,Spot
U454,ACCT1035,VM100194,2026-04-25 23:00:00,Compute,SKU3,39747,sec,3179.76,INR,0.0,0.08,2026-01-01,Compute,39747.0,No Credit,Paid Usage,0.9971579328511742,Normal,False,Mapped,2025-05-01,0.35,0.012,38.16,On-Demand
U89,ACCT1057,VM100227,2026-04-26 07:00:00,Network,SKU6,14105,sec,1128.4,INR,0.0,0.08,2026-01-01,Storage,14105.0,No Credit,Paid Usage,-0.7660295141320794,Normal,False,Mapped,,,0.012,13.54,RESERVED
U86,ACCT1054,VM100195,2026-04-26 14:00:00,Storage,SKU20,49129,sec,3930.32,INR,0.0,0.08,2026-01-01,COMPUTE,49129.0,No Credit,Paid Usage,1.642280178682111,Normal,False,Mapped,,,0.012,47.16,On-Demand
U811,ACCT1058,VM100091,2026-04-27 12:00:00,Storage,SKU6,4980,sec,398.4,INR,0.0,0.08,2026-01-01,Storage,4980.0,No Credit,Paid Usage,-1.393480003708641,Normal,False,Mapped,,,0.012,4.78,RESERVED
U634,ACCT1004,VM100196,2026-04-27 14:00:00,Storage,SKU12,28061,sec,2244.88,INR,0.0,0.08,2026-01-01,Storage,28061.0,No Credit,Paid Usage,0.1936087360082484,Normal,False,Mapped,,,0.012,26.94,On-Demand
U499,ACCT1067,VM100087,2026-04-27 23:00:00,Storage,SKU5,25051,sec,2004.08,INR,0.0,0.08,2026-01-01,Compute,25051.0,No Credit,Paid Usage,-0.013363973430157066,Normal,False,Mapped,,,0.012,24.05,On-Demand
U988,ACCT1064,VM100047,2026-04-28 01:00:00,Database,SKU2,40643,sec,3251.44,INR,0.0,0.08,2026-01-01,Compute,40643.0,No Credit,Paid Usage,1.0587684138002809,Normal,False,Mapped,2025-06-01,0.25,0.012,39.02,RESERVED
U933,ACCT1017,VM100295,2026-04-28 01:00:00,Compute,SKU9,15079,sec,1206.32,INR,0.0,0.08,2026-01-01,Network,15079.0,No Credit,Paid Usage,-0.699055620778921,Normal,False,Mapped,,,0.012,14.48,RESERVED
U235,ACCT1052,VM100219,2026-04-28 02:00:00,Network,SKU15,7175,sec,574.0,INR,0.0,0.08,2026-01-01,Storage,7175.0,No Credit,Paid Usage,-1.242548077722827,Normal,False,Mapped,,,0.012,6.89,RESERVED
U723,ACCT1093,VM100114,2026-04-28 03:00:00,Network,SKU12,35137,sec,2810.96,INR,0.0,0.08,2026-01-01,Storage,35137.0,No Credit,Paid Usage,0.680166507432221,Normal,False,Mapped,,,0.012,33.73,RESERVED
U798,ACCT1080,VM100149,2026-04-28 04:00:00,Storage,SKU6,22729,sec,1818.32,INR,0.0,0.08,2026-01-01,Storage,22729.0,No Credit,Paid Usage,-0.173028634996927,Normal,False,Mapped,,,0.012,21.82,RESERVED
U242,ACCT1048,VM100079,2026-04-28 05:00:00,Compute,SKU3,31181,sec,2494.48,INR,0.0,0.08,2026-01-01,Compute,31181.0,No Credit,Paid Usage,0.40814523217031656,Normal,False,Mapped,2025-05-01,0.35,0.012,29.93,Spot
U683,ACCT1054,VM100275,2026-04-28 06:00:00,Storage,SKU16,31218,sec,2497.44,INR,0.0,0.08,2026-01-01,Network,31218.0,No Credit,Paid Usage,0.4106894149773667,Normal,False,Mapped,,,0.012,29.97,Spot
U771,ACCT1067,VM100268,2026-04-28 11:00:00,Compute,SKU14,46013,sec,3681.04,INR,0.0,0.08,2026-01-01,Network,46013.0,No Credit,Paid Usage,1.4280187293099944,Normal,False,Mapped,,,0.012,44.17,On-Demand
U696,ACCT1051,VM100170,2026-04-28 20:00:00,Compute,SKU16,15669,sec,1253.52,INR,100.0,0.08,2026-01-01,Network,15669.0,No Credit,Paid Usage,-0.6584862192610941,Normal,False,Mapped,,,0.012,15.04,On-Demand
U792,ACCT1100,VM100091,2026-04-29 01:00:00,Storage,SKU5,38016,sec,3041.28,INR,100.0,0.08,2026-01-01,Compute,38016.0,No Credit,Paid Usage,0.8781314344997191,Normal,False,Mapped,,,0.012,36.5,RESERVED
U135,ACCT1029,VM100208,2026-04-29 01:00:00,Database,SKU19,16045,sec,1283.6,INR,0.0,0.08,2026-01-01,Compute,16045.0,No Credit,Paid Usage,-0.6326318210056653,Normal,False,Mapped,,,0.012,15.4,RESERVED
U655,ACCT1023,VM100288,2026-04-29 08:00:00,Database,SKU8,40320,sec,3225.6,INR,0.0,0.08,2026-01-01,Storage,40320.0,No Credit,Paid Usage,1.0365583855117078,Normal,False,Mapped,,,0.012,38.71,On-Demand
U799,ACCT1065,VM100278,2026-04-29 11:00:00,Database,SKU4,41838,sec,3347.04,INR,0.0,0.08,2026-01-01,Database,41838.0,No Credit,Paid Usage,1.1409386422982526,Normal,False,Mapped,,,0.012,40.16,Spot
U559,ACCT1066,VM100143,2026-04-29 13:00:00,Network,SKU16,24287,sec,1942.96,INR,0.0,0.08,2026-01-01,Network,24287.0,No Credit,Paid Usage,-0.06589791031086863,Normal,False,Mapped,,,0.012,23.32,Spot
U307,ACCT1037,VM100242,2026-04-29 19:00:00,Network,SKU15,9195,sec,735.6,INR,0.0,0.08,2026-01-01,Storage,9195.0,No Credit,Paid Usage,-1.1036494487973854,Normal,False,Mapped,,,0.012,8.83,On-Demand
U85,ACCT1042,VM100207,2026-04-29 23:00:00,Storage,SKU7,19476,sec,1558.08,INR,0.0,0.08,2026-01-01,Network,19476.0,No Credit,Paid Usage,-0.3967104369248782,Normal,False,Mapped,,,0.012,18.7,On-Demand
U476,ACCT1073,VM100125,2026-04-29 23:00:00,Database,SKU3,14901,sec,1192.08,INR,0.0,0.08,2026-01-01,Compute,14901.0,No Credit,Paid Usage,-0.711295202931757,Normal,False,Mapped,2025-05-01,0.35,0.012,14.3,Spot
U143,ACCT1071,VM100150,2026-04-30 00:00:00,Network,SKU4,8375,sec,670.0,INR,0.0,0.08,2026-01-01,Database,8375.0,No Credit,Paid Usage,-1.1600340407374161,Normal,False,Mapped,,,0.012,8.04,Spot
U903,ACCT1066,VM100265,2026-04-30 04:00:00,Storage,SKU2,15282,sec,1222.56,INR,0.0,0.08,2026-01-01,Compute,15282.0,No Credit,Paid Usage,-0.685096996188889,Normal,False,Mapped,2025-06-01,0.25,0.012,14.67,On-Demand
U159,ACCT1060,VM100156,2026-04-30 10:00:00,Database,SKU17,26478,sec,2118.24,INR,0.0,0.08,2026-01-01,Compute,26478.0,No Credit,Paid Usage,0.08475896888499397,Normal,False,Mapped,,,0.012,25.42,Spot
U515,ACCT1005,VM100185,2026-04-30 17:00:00,Compute,SKU4,35286,sec,2822.88,INR,0.0,0.08,2026-01-01,Database,35286.0,No Credit,Paid Usage,0.6904120003579094,Normal,False,Mapped,,,0.012,33.87,RESERVED
U13,ACCT1086,VM100137,2026-04-30 18:00:00,COMPUTE,SKU20,44896,sec,3591.68,INR,0.0,0.08,2026-01-01,COMPUTE,44896.0,No Credit,Paid Usage,1.3512119132160745,Normal,False,Mapped,,,0.012,43.1,Spot
U785,ACCT1067,VM100192,2026-04-30 19:00:00,Compute,SKU6,7067,sec,565.36,INR,0.0,0.08,2026-01-01,Storage,7067.0,No Credit,Paid Usage,-1.2499743410515138,Normal,False,Mapped,,,0.012,6.78,On-Demand
U250,ACCT1024,VM100140,2026-04-30 22:00:00,Database,SKU12,20349,sec,1627.92,INR,0.0,0.08,2026-01-01,Storage,20349.0,No Credit,Paid Usage,-0.3366814750179918,Normal,False,Mapped,,,0.012,19.54,RESERVED
U646,ACCT1076,VM100015,2026-05-01 01:00:00,Database,SKU19,46011,sec,3680.88,INR,0.0,0.08,2026-01-01,Compute,46011.0,No Credit,Paid Usage,1.4278812059150185,Normal,False,Mapped,,,0.012,44.17,on_demand
U569,ACCT1055,VM100047,2026-05-01 02:00:00,Compute,SKU7,6337,sec,506.96,INR,0.0,0.08,2026-01-01,Network,6337.0,No Credit,Paid Usage,-1.3001703802176388,Normal,False,Mapped,,,0.012,6.08,RESERVED
U341,ACCT1100,VM100134,2026-05-01 03:00:00,Storage,SKU20,29346,sec,2347.68,INR,0.0,0.08,2026-01-01,COMPUTE,29346.0,No Credit,Paid Usage,0.28196751728012587,Normal,False,Mapped,,,0.012,28.17,Spot
U947,ACCT1084,VM100150,2026-05-02 05:00:00,Network,SKU9,17629,sec,1410.32,INR,0.0,0.08,2026-01-01,Network,17629.0,No Credit,Paid Usage,-0.523713292184923,Normal,False,Mapped,,,0.012,16.92,Spot
U301,ACCT1071,VM100053,2026-05-02 09:00:00,Compute,SKU10,33910,sec,2712.8,INR,0.0,0.08,2026-01-01,STORAGE,33910.0,No Credit,Paid Usage,0.5957959046146384,Normal,False,Mapped,,,0.012,32.55,Spot
U614,ACCT1008,VM100073,2026-05-02 10:00:00,Compute,SKU2,18438,sec,1475.04,INR,0.0,0.08,2026-01-01,Compute,18438.0,No Credit,Paid Usage,-0.46808507891725853,Normal,False,Mapped,2025-06-01,0.25,0.012,17.7,On-Demand
U492,ACCT1020,VM100195,2026-05-02 11:00:00,Storage,SKU13,41643,sec,3331.44,INR,0.0,0.08,2026-01-01,Storage,41643.0,No Credit,Paid Usage,1.1275301112881233,Normal,False,Mapped,,,0.012,39.98,On-Demand
U491,ACCT1038,VM100127,2026-05-02 16:00:00,Compute,SKU9,4917,sec,393.36,INR,0.0,0.08,2026-01-01,Network,4917.0,No Credit,Paid Usage,-1.397811990650375,Normal,False,Mapped,,,0.012,4.72,Spot
U379,ACCT1005,VM100071,2026-05-02 18:00:00,Network,SKU17,21926,sec,1754.08,INR,0.0,0.08,2026-01-01,Compute,21926.0,No Credit,Paid Usage,-0.2282442780796644,Normal,False,Mapped,,,0.012,21.05,On-Demand
U101,ACCT1057,VM100040,2026-05-02 18:00:00,Storage,SKU9,18825,sec,1506.0,INR,0.0,0.08,2026-01-01,Network,18825.0,No Credit,Paid Usage,-0.4414743019894636,Normal,False,Mapped,,,0.012,18.07,On-Demand
U966,ACCT1032,VM100084,2026-05-03 00:00:00,Network,SKU13,48407,sec,3872.56,INR,0.0,0.08,2026-01-01,Storage,48407.0,No Credit,Paid Usage,1.592634233095889,Normal,False,Mapped,,,0.012,46.47,Spot
U788,ACCT1059,VM100098,2026-05-03 07:00:00,Compute,SKU14,22246,sec,1779.68,INR,0.0,0.08,2026-01-01,Network,22246.0,No Credit,Paid Usage,-0.20624053488355487,Normal,False,Mapped,,,0.012,21.36,On-Demand
U426,ACCT1088,VM100106,2026-05-03 08:00:00,Network,SKU3,38317,sec,3065.36,INR,0.0,0.08,2026-01-01,Compute,38317.0,No Credit,Paid Usage,0.8988287054435596,Normal,False,Mapped,2025-05-01,0.35,0.012,36.78,RESERVED
U313,ACCT1074,VM100124,2026-05-03 15:00:00,Database,SKU14,9509,sec,760.72,INR,0.0,0.08,2026-01-01,Network,9509.0,No Credit,Paid Usage,-1.082058275786203,Normal,False,Mapped,,,0.012,9.13,RESERVED
U84,ACCT1041,VM100064,2026-05-03 20:00:00,Database,SKU14,19781,sec,1582.48,INR,0.0,0.08,2026-01-01,Network,19781.0,No Credit,Paid Usage,-0.37573811919108624,Normal,False,Mapped,,,0.012,18.99,On-Demand
U870,ACCT1054,VM100170,2026-05-03 22:00:00,Network,SKU16,7527,sec,602.16,INR,0.0,0.08,2026-01-01,Network,7527.0,No Credit,Paid Usage,-1.2183439602071064,Normal,False,Mapped,,,0.012,7.23,On-Demand
U295,ACCT1024,VM100085,2026-05-04 01:00:00,Compute,SKU14,28783,sec,2302.64,INR,0.0,0.08,2026-01-01,Network,28783.0,No Credit,Paid Usage,0.24325468159447058,Normal,False,Mapped,,,0.012,27.63,RESERVED
U40,ACCT1070,VM100068,2026-05-04 10:00:00,Network,SKU8,37523,sec,3001.84,INR,100.0,0.08,2026-01-01,Storage,37523.0,No Credit,Paid Usage,0.8442319176382128,Normal,False,Mapped,,,0.012,36.02,Spot
U429,ACCT1060,VM100158,2026-05-04 10:00:00,Network,SKU9,1526,sec,122.08,INR,0.0,0.08,2026-01-01,Network,1526.0,No Credit,Paid Usage,-1.6309829068316484,Normal,False,Mapped,,,0.012,1.46,RESERVED
U770,ACCT1099,VM100296,2026-05-04 12:00:00,Storage,SKU11,37128,sec,2970.24,INR,0.0,0.08,2026-01-01,Database,37128.0,No Credit,Paid Usage,0.817071047130515,Normal,False,Mapped,,,0.012,35.64,On-Demand
U110,ACCT1044,VM100208,2026-05-04 14:00:00,Network,SKU5,10916,sec,873.28,INR,0.0,0.08,2026-01-01,Compute,10916.0,No Credit,Paid Usage,-0.9853105674208087,Normal,False,Mapped,,,0.012,10.48,RESERVED
U907,ACCT1071,VM100146,2026-05-04 22:00:00,Database,SKU12,36742,sec,2939.36,INR,0.0,0.08,2026-01-01,Storage,36742.0,No Credit,Paid Usage,0.7905290319002078,Normal,False,Mapped,,,0.012,35.27,Spot
U332,ACCT1058,VM100022,2026-05-05 01:00:00,Network,SKU9,23205,sec,1856.4,INR,0.0,0.08,2026-01-01,Network,23205.0,No Credit,Paid Usage,-0.14029806699271405,Normal,False,Mapped,,,0.012,22.28,RESERVED
U973,ACCT1017,VM100225,2026-05-05 02:00:00,Storage,SKU3,637,sec,50.96,INR,0.0,0.08,2026-01-01,Compute,637.0,No Credit,Paid Usage,-1.6921120558983402,Normal,False,Mapped,2025-05-01,0.35,0.012,0.61,RESERVED
U742,ACCT1038,VM100234,2026-05-05 05:00:00,Database,SKU14,34197,sec,2735.76,INR,0.0,0.08,2026-01-01,Network,34197.0,No Credit,Paid Usage,0.6155305117936491,Normal,False,Mapped,,,0.012,32.83,On-Demand
U43,ACCT1008,VM100207,2026-05-05 06:00:00,Compute,SKU8,22336,sec,1786.88,INR,0.0,0.08,2026-01-01,Storage,22336.0,No Credit,Paid Usage,-0.20005198210964906,Normal,False,Mapped,,,0.012,21.44,On-Demand
U8,ACCT1034,VM100023,2026-05-05 12:00:00, Compute , SKU13 ,30208,sec,2416.64, INR ,100.0,0.08,2026-01-01, Compute ,30208.0,No Credit,Paid Usage,0.3412401005146459,Normal,False,Mapped,,,,,Spot
U592,ACCT1090,VM100224,2026-05-05 13:00:00,Compute,SKU8,15739,sec,1259.12,INR,100.0,0.08,2026-01-01,Storage,15739.0,No Credit,Paid Usage,-0.653672900436945,Normal,False,Mapped,,,0.012,15.11,RESERVED
U663,ACCT1050,VM100225,2026-05-06 00:00:00,Storage,SKU14,27602,sec,2208.16,INR,0.0,0.08,2026-01-01,Network,27602.0,No Credit,Paid Usage,0.16204711686132878,Normal,False,Mapped,,,0.012,26.5,RESERVED
U507,ACCT1041,VM100150,2026-05-06 10:00:00,Network,SKU19,45644,sec,3651.52,INR,0.0,0.08,2026-01-01,Compute,45644.0,No Credit,Paid Usage,1.4026456629369806,Normal,False,Mapped,,,0.012,43.82,Spot
U2,ACCT1029,VM100072,2026-05-06 16:00:00, Compute , SKU19 ,6817,hrs ,545.36, INR ,0.0,0.08,2026-01-01, Compute ,,No Credit,Paid Usage,-1.2671647654234746,Normal,False,Mapped,,,,,RESERVED
U954,ACCT1030,VM100127,2026-05-06 21:00:00,Network,SKU5,18723,sec,1497.84,INR,0.0,0.08,2026-01-01,Compute,18723.0,No Credit,Paid Usage,-0.44848799513322346,Normal,False,Mapped,,,0.012,17.97,Spot
U405,ACCT1030,VM100274,2026-05-07 01:00:00,Compute,SKU6,47490,sec,3799.2,INR,0.0,0.08,2026-01-01,Storage,47490.0,No Credit,Paid Usage,1.5295797564995375,Normal,False,Mapped,,,0.012,45.59,On-Demand
U808,ACCT1007,VM100007,2026-05-07 22:00:00,Storage,SKU20,16571,sec,1325.68,INR,100.0,0.08,2026-01-01,COMPUTE,16571.0,No Credit,Paid Usage,-0.5964631681270602,Normal,False,Mapped,,,0.012,15.91,On-Demand
U183,ACCT1006,VM100163,2026-05-08 02:00:00,Network,SKU13,31096,sec,2487.68,INR,0.0,0.08,2026-01-01,Storage,31096.0,No Credit,Paid Usage,0.40230048788385,Normal,False,Mapped,,,0.012,29.85,On-Demand
U177,ACCT1025,VM100261,2026-05-08 08:00:00,Compute,SKU9,9046,sec,723.68,INR,0.0,0.08,2026-01-01,Network,9046.0,No Credit,Paid Usage,-1.113894941723074,Normal,False,Mapped,,,0.012,8.68,RESERVED
U207,ACCT1038,VM100168,2026-05-08 13:00:00,Storage,SKU7,27330,sec,2186.4,INR,0.0,0.08,2026-01-01,Network,27330.0,No Credit,Paid Usage,0.14334393514463567,Normal,False,Mapped,,,0.012,26.24,Spot
U948,ACCT1057,VM100186,2026-05-08 15:00:00,Network,SKU14,38564,sec,3085.12,INR,0.0,0.08,2026-01-01,Network,38564.0,No Credit,Paid Usage,0.9158128447230567,Normal,False,Mapped,,,0.012,37.02,RESERVED
U895,ACCT1085,VM100061,2026-05-08 15:00:00,Network,SKU6,15158,sec,1212.64,INR,0.0,0.08,2026-01-01,Storage,15158.0,No Credit,Paid Usage,-0.6936234466773815,Normal,False,Mapped,,,0.012,14.55,On-Demand
U627,ACCT1058,VM100285,2026-05-08 16:00:00,Storage,SKU4,36152,sec,2892.16,INR,0.0,0.08,2026-01-01,Database,36152.0,No Credit,Paid Usage,0.7499596303823809,Normal,False,Mapped,,,0.012,34.71,RESERVED
U596,ACCT1048,VM100065,2026-05-08 23:00:00,Compute,SKU1,17713,sec,1417.04,INR,0.0,0.08,2026-01-01,Network,17713.0,No Credit,Paid Usage,-0.5179373095959443,Normal,False,Mapped,2025-07-01,0.15,0.012,17.0,Spot
U255,ACCT1020,VM100081,2026-05-09 18:00:00,Compute,SKU3,40590,sec,3247.2,INR,0.0,0.08,2026-01-01,Compute,40590.0,No Credit,Paid Usage,1.0551240438334253,Normal,False,Mapped,2025-05-01,0.35,0.012,38.97,Spot
U833,ACCT1001,VM100033,2026-05-10 00:00:00,Compute,SKU3,48986,sec,3918.88,INR,0.0,0.08,2026-01-01,Compute,48986.0,No Credit,Paid Usage,1.6324472559413497,Normal,False,Mapped,2025-05-01,0.35,0.012,47.03,Spot
U612,ACCT1043,VM100001,2026-05-10 12:00:00,Network,SKU10,43177,sec,3454.16,INR,0.0,0.08,2026-01-01,STORAGE,43177.0,No Credit,Paid Usage,1.2330105552344734,Normal,False,Mapped,,,0.012,41.45,Spot
U273,ACCT1078,VM100079,2026-05-10 17:00:00,Compute,SKU6,49851,sec,3988.08,INR,0.0,0.08,2026-01-01,Storage,49851.0,No Credit,Paid Usage,1.6919261242683332,Normal,False,Mapped,,,0.012,47.86,Spot
U610,ACCT1094,VM100280,2026-05-10 18:00:00,Storage,SKU1,16164,sec,1293.12,INR,0.0,0.08,2026-01-01,Network,16164.0,No Credit,Paid Usage,-0.624449179004612,Normal,False,Mapped,2025-07-01,0.15,0.012,15.52,Spot
U364,ACCT1052,VM100067,2026-05-10 19:00:00,Compute,SKU11,24383,sec,1950.64,INR,0.0,0.08,2026-01-01,Database,24383.0,No Credit,Paid Usage,-0.05929678735203576,Normal,False,Mapped,,,0.012,23.41,Spot
U494,ACCT1057,VM100185,2026-05-10 22:00:00,Compute,SKU5,17779,sec,1422.32,INR,0.0,0.08,2026-01-01,Compute,17779.0,No Credit,Paid Usage,-0.5133990375617467,Normal,False,Mapped,,,0.012,17.07,RESERVED
U460,ACCT1093,VM100241,2026-05-10 23:00:00,Storage,SKU12,21086,sec,1686.88,INR,0.0,0.08,2026-01-01,Storage,21086.0,No Credit,Paid Usage,-0.286004103969452,Normal,False,Mapped,,,0.012,20.24,On-Demand
U248,ACCT1048,VM100059,2026-05-11 03:00:00,Storage,SKU14,18356,sec,1468.48,INR,100.0,0.08,2026-01-01,Network,18356.0,No Credit,Paid Usage,-0.4737235381112616,Normal,False,Mapped,,,0.012,17.62,On-Demand
U644,ACCT1069,VM100029,2026-05-11 09:00:00,Network,SKU12,14479,sec,1158.32,INR,0.0,0.08,2026-01-01,Storage,14479.0,No Credit,Paid Usage,-0.7403126392716264,Normal,False,Mapped,,,0.012,13.9,RESERVED
U835,ACCT1012,VM100145,2026-05-11 14:00:00,Network,SKU13,28783,sec,2302.64,INR,0.0,0.08,2026-01-01,Storage,28783.0,No Credit,Paid Usage,0.24325468159447058,Normal,False,Mapped,,,0.012,27.63,Spot
U1000,ACCT1068,VM100255,2026-05-11 16:00:00,Storage,SKU20,36240,sec,2899.2,INR,100.0,0.08,2026-01-01,COMPUTE,36240.0,No Credit,Paid Usage,0.756010659761311,Normal,False,Mapped,,,0.012,34.79,RESERVED
U119,ACCT1090,VM100132,2026-05-11 21:00:00,Storage,SKU20,24275,sec,1942.0,INR,0.0,0.08,2026-01-01,COMPUTE,24275.0,No Credit,Paid Usage,-0.06672305068072273,Normal,False,Mapped,,,0.012,23.3,On-Demand
U588,ACCT1037,VM100257,2026-05-11 22:00:00,Network,SKU13,27325,sec,2186.0,INR,0.0,0.08,2026-01-01,Storage,27325.0,No Credit,Paid Usage,0.14300012665719644,Normal,False,Mapped,,,0.012,26.23,On-Demand
U782,ACCT1043,VM100287,2026-05-11 23:00:00,Network,SKU12,40716,sec,3257.28,INR,0.0,0.08,2026-01-01,Storage,40716.0,No Credit,Paid Usage,1.0637880177168935,Normal,False,Mapped,,,0.012,39.09,Spot
U25,ACCT1097,VM100137,2026-05-12 04:00:00,Database,SKU4,42106,sec,3368.48,INR,0.0,0.08,2026-01-01,Database,42106.0,No Credit,Paid Usage,1.1593667772249943,Normal,False,Mapped,,,0.012,40.42,Spot
U987,ACCT1020,VM100191,2026-05-12 13:00:00,Storage,SKU6,5964,sec,477.12,INR,0.0,0.08,2026-01-01,Storage,5964.0,No Credit,Paid Usage,-1.325818493380604,Normal,False,Mapped,,,0.012,5.73,RESERVED
U293,ACCT1013,VM100260,2026-05-12 13:00:00,Compute,SKU11,35474,sec,2837.92,INR,0.0,0.08,2026-01-01,Database,35474.0,No Credit,Paid Usage,0.7033391994856237,Normal,False,Mapped,,,0.012,34.06,RESERVED
U319,ACCT1094,VM100054,2026-05-12 16:00:00,Database,SKU5,38235,sec,3058.8,INR,0.0,0.08,2026-01-01,Compute,38235.0,No Credit,Paid Usage,0.8931902462495566,Normal,False,Mapped,,,0.012,36.71,On-Demand
U789,ACCT1006,VM100064,2026-05-12 18:00:00,Network,SKU19,29624,sec,2369.92,INR,0.0,0.08,2026-01-01,Compute,29624.0,No Credit,Paid Usage,0.301083269181746,Normal,False,Mapped,,,0.012,28.44,On-Demand
U600,ACCT1021,VM100131,2026-05-12 23:00:00,Compute,SKU8,6843,sec,547.44,INR,100.0,0.08,2026-01-01,Storage,6843.0,No Credit,Paid Usage,-1.2653769612887906,Normal,False,Mapped,,,0.012,6.57,RESERVED
U574,ACCT1018,VM100196,2026-05-13 00:00:00,Storage,SKU5,49458,sec,3956.64,INR,0.0,0.08,2026-01-01,Compute,49458.0,No Credit,Paid Usage,1.6649027771556113,Normal,False,Mapped,,,0.012,47.48,On-Demand
U894,ACCT1074,VM100177,2026-05-13 03:00:00,Network,SKU5,46335,sec,3706.8,INR,0.0,0.08,2026-01-01,Compute,46335.0,No Credit,Paid Usage,1.4501599959010796,Normal,False,Mapped,,,0.012,44.48,Spot
U998,ACCT1080,VM100187,2026-05-13 10:00:00,Storage,SKU11,40745,sec,3259.6,INR,0.0,0.08,2026-01-01,Database,40745.0,No Credit,Paid Usage,1.0657821069440407,Normal,False,Mapped,,,0.012,39.12,Spot
U810,ACCT1070,VM100101,2026-05-13 11:00:00,Storage,SKU10,47607,sec,3808.56,INR,0.0,0.08,2026-01-01,STORAGE,47607.0,No Credit,Paid Usage,1.537624875105615,Normal,False,Mapped,,,0.012,45.7,RESERVED
U254,ACCT1093,VM100167,2026-05-13 13:00:00,Compute,SKU2,37297,sec,2983.76,INR,0.0,0.08,2026-01-01,Compute,37297.0,No Credit,Paid Usage,0.8286917740059604,Normal,False,Mapped,2025-06-01,0.25,0.012,35.81,On-Demand
U120,ACCT1078,VM100059,2026-05-13 17:00:00,Database,SKU4,10832,sec,866.56,INR,100.0,0.08,2026-01-01,Database,10832.0,No Credit,Paid Usage,-0.9910865500097875,Normal,False,Mapped,,,0.012,10.4,On-Demand
U733,ACCT1092,VM100093,2026-05-13 22:00:00,Network,SKU11,5396,sec,431.68,INR,0.0,0.08,2026-01-01,Database,5396.0,No Credit,Paid Usage,-1.3648751375536985,Normal,False,Mapped,,,0.012,5.18,Spot
U498,ACCT1053,VM100199,2026-05-13 23:00:00,Storage,SKU19,5650,sec,452.0,INR,0.0,0.08,2026-01-01,Compute,5650.0,No Credit,Paid Usage,-1.3474096663917865,Normal,False,Mapped,,,0.012,5.42,On-Demand
U710,ACCT1021,VM100293,2026-05-14 02:00:00,Storage,SKU8,14145,sec,1131.6,INR,0.0,0.08,2026-01-01,Storage,14145.0,No Credit,Paid Usage,-0.7632790462325658,Normal,False,Mapped,,,0.012,13.58,On-Demand
U116,ACCT1029,VM100036,2026-05-14 07:00:00,Compute,SKU1,42813,sec,3425.04,INR,0.0,0.08,2026-01-01,Network,42813.0,No Credit,Paid Usage,1.2079812973488988,Normal,False,Mapped,2025-07-01,0.15,0.012,41.1,Spot
U691,ACCT1076,VM100268,2026-05-14 09:00:00,Compute,SKU14,27598,sec,2207.84,INR,0.0,0.08,2026-01-01,Network,27598.0,No Credit,Paid Usage,0.16177207007137742,Normal,False,Mapped,,,0.012,26.49,On-Demand
U639,ACCT1003,VM100196,2026-05-14 10:00:00,Database,SKU16,46851,sec,3748.08,INR,0.0,0.08,2026-01-01,Network,46851.0,No Credit,Paid Usage,1.4856410318048063,Normal,False,Mapped,,,0.012,44.98,On-Demand
U488,ACCT1004,VM100140,2026-05-14 17:00:00,Network,SKU8,29627,sec,2370.16,INR,100.0,0.08,2026-01-01,Storage,29627.0,No Credit,Paid Usage,0.30128955427420956,Normal,False,Mapped,,,0.012,28.44,RESERVED
U582,ACCT1038,VM100028,2026-05-14 18:00:00,Network,SKU13,15785,sec,1262.8,INR,0.0,0.08,2026-01-01,Storage,15785.0,No Credit,Paid Usage,-0.6505098623525043,Normal,False,Mapped,,,0.012,15.15,On-Demand
U693,ACCT1073,VM100052,2026-05-15 02:00:00,Database,SKU14,18849,sec,1507.92,INR,0.0,0.08,2026-01-01,Network,18849.0,No Credit,Paid Usage,-0.43982402124975534,Normal,False,Mapped,,,0.012,18.1,On-Demand
U316,ACCT1070,VM100260,2026-05-15 05:00:00,Compute,SKU13,33367,sec,2669.36,INR,0.0,0.08,2026-01-01,Storage,33367.0,No Credit,Paid Usage,0.55845830287874,Normal,False,Mapped,,,0.012,32.03,RESERVED
U662,ACCT1045,VM100132,2026-05-15 07:00:00,Compute,SKU2,7180,sec,574.4,INR,0.0,0.08,2026-01-01,Compute,7180.0,No Credit,Paid Usage,-1.2422042692353878,Normal,False,Mapped,2025-06-01,0.25,0.012,6.89,On-Demand
U227,ACCT1043,VM100076,2026-05-15 14:00:00,Compute,SKU9,39158,sec,3132.64,INR,0.0,0.08,2026-01-01,Network,39158.0,No Credit,Paid Usage,0.956657293030835,Normal,False,Mapped,,,0.012,37.59,On-Demand
U412,ACCT1095,VM100173,2026-05-15 22:00:00,Storage,SKU6,19434,sec,1554.72,INR,0.0,0.08,2026-01-01,Storage,19434.0,No Credit,Paid Usage,-0.3995984282193676,Normal,False,Mapped,,,0.012,18.66,RESERVED
U579,ACCT1055,VM100162,2026-05-16 00:00:00,Storage,SKU9,9263,sec,741.04,INR,0.0,0.08,2026-01-01,Network,9263.0,No Credit,Paid Usage,-1.0989736533682122,Normal,False,Mapped,,,0.012,8.89,Spot
U306,ACCT1013,VM100172,2026-05-16 01:00:00,Storage,SKU2,9671,sec,773.68,INR,0.0,0.08,2026-01-01,Compute,9671.0,No Credit,Paid Usage,-1.0709188807931724,Normal,False,Mapped,2025-06-01,0.25,0.012,9.28,Spot
U654,ACCT1021,VM100224,2026-05-16 03:00:00,Network,SKU11,41994,sec,3359.52,INR,0.0,0.08,2026-01-01,Database,41994.0,No Credit,Paid Usage,1.151665467106356,Normal,False,Mapped,,,0.012,40.31,RESERVED
U22,ACCT1020,VM100082,2026-05-16 04:00:00,Network,SKU20,44696,sec,3575.68,INR,0.0,0.08,2026-01-01,COMPUTE,44696.0,No Credit,Paid Usage,1.337459573718506,Normal,False,Mapped,,,0.012,42.91,RESERVED
U837,ACCT1096,VM100201,2026-05-16 23:00:00,Database,SKU5,35864,sec,2869.12,INR,0.0,0.08,2026-01-01,Compute,35864.0,No Credit,Paid Usage,0.7301562615058823,Normal,False,Mapped,,,0.012,34.43,On-Demand
U964,ACCT1002,VM100221,2026-05-17 04:00:00,Storage,SKU1,19296,sec,1543.68,INR,0.0,0.08,2026-01-01,Network,19296.0,No Credit,Paid Usage,-0.4090875424726898,Normal,False,Mapped,2025-07-01,0.15,0.012,18.52,RESERVED
U666,ACCT1058,VM100038,2026-05-17 09:00:00,Database,SKU1,2289,sec,183.12,INR,0.0,0.08,2026-01-01,Network,2289.0,No Credit,Paid Usage,-1.5785177316484247,Normal,False,Mapped,2025-07-01,0.15,0.012,2.2,RESERVED
U108,ACCT1069,VM100280,2026-05-17 12:00:00,Storage,SKU16,39634,sec,3170.72,INR,0.0,0.08,2026-01-01,Network,39634.0,No Credit,Paid Usage,0.9893878610350479,Normal,False,Mapped,,,0.012,38.05,Spot
U685,ACCT1074,VM100265,2026-05-17 14:00:00,Storage,SKU4,37552,sec,3004.16,INR,0.0,0.08,2026-01-01,Database,37552.0,No Credit,Paid Usage,0.8462260068653602,Normal,False,Mapped,,,0.012,36.05,On-Demand
U328,ACCT1067,VM100137,2026-05-17 17:00:00,Network,SKU3,5514,sec,441.12,INR,100.0,0.08,2026-01-01,Compute,5514.0,No Credit,Paid Usage,-1.356761257250133,Normal,False,Mapped,2025-05-01,0.35,0.012,5.29,Spot
U603,ACCT1005,VM100284,2026-05-18 01:00:00,Network,SKU8,46894,sec,3751.52,INR,0.0,0.08,2026-01-01,Storage,46894.0,No Credit,Paid Usage,1.4885977847967835,Normal,False,Mapped,,,0.012,45.02,Spot
U628,ACCT1060,VM100053,2026-05-18 04:00:00,Compute,SKU1,9261,sec,740.88,INR,0.0,0.08,2026-01-01,Network,9261.0,No Credit,Paid Usage,-1.0991111767631878,Normal,False,Mapped,2025-07-01,0.15,0.012,8.89,Spot
U450,ACCT1091,VM100074,2026-05-18 12:00:00,Compute,SKU18,30444,sec,2435.52,INR,0.0,0.08,2026-01-01,Network,30444.0,No Credit,Paid Usage,0.35746786112177675,Normal,False,Mapped,,,0.012,29.23,Spot
U473,ACCT1090,VM100221,2026-05-18 14:00:00,Compute,SKU4,11848,sec,947.84,INR,0.0,0.08,2026-01-01,Database,11848.0,No Credit,Paid Usage,-0.9212246653621396,Normal,False,Mapped,,,0.012,11.37,RESERVED
U650,ACCT1043,VM100104,2026-05-18 15:00:00,Database,SKU6,8651,sec,692.08,INR,0.0,0.08,2026-01-01,Storage,8651.0,No Credit,Paid Usage,-1.1410558122307717,Normal,False,Mapped,,,0.012,8.3,Spot
U801,ACCT1037,VM100217,2026-05-18 22:00:00,Compute,SKU1,936,sec,74.88,INR,0.0,0.08,2026-01-01,Network,936.0,No Credit,Paid Usage,-1.6715523083494754,Normal,False,Mapped,2025-07-01,0.15,0.012,0.9,RESERVED
U427,ACCT1066,VM100229,2026-05-19 00:00:00,Network,SKU5,3746,sec,299.68,INR,0.0,0.08,2026-01-01,Compute,3746.0,No Credit,Paid Usage,-1.4783319384086384,Normal,False,Mapped,,,0.012,3.6,Spot
U5,ACCT1058,VM100143,2026-05-19 03:00:00, Storage , SKU14 ,525,sec,42.0, INR ,0.0,0.08,2026-01-01, Storage ,525.0,No Credit,Paid Usage,-1.6998133660169785,Normal,False,Mapped,,,,,Spot
U758,ACCT1007,VM100052,2026-05-19 18:00:00,Compute,SKU10,11549,sec,923.92,INR,0.0,0.08,2026-01-01,STORAGE,11549.0,No Credit,Paid Usage,-0.9417844129110046,Normal,False,Mapped,,,0.012,11.09,On-Demand
U167,ACCT1085,VM100206,2026-05-19 20:00:00,Compute,SKU15,49940,sec,3995.2,INR,0.0,0.08,2026-01-01,Storage,49940.0,No Credit,Paid Usage,1.6980459153447514,Normal,False,Mapped,,,0.012,47.94,RESERVED
U541,ACCT1018,VM100100,2026-05-20 03:00:00,Network,SKU14,25262,sec,2020.96,INR,0.0,0.08,2026-01-01,Network,25262.0,No Credit,Paid Usage,0.0011447447397776715,Normal,False,Mapped,,,0.012,24.25,Spot
U383,ACCT1039,VM100244,2026-05-20 05:00:00,Database,SKU11,1190,sec,95.2,INR,0.0,0.08,2026-01-01,Database,1190.0,No Credit,Paid Usage,-1.6540868371875634,Normal,False,Mapped,,,0.012,1.14,On-Demand
U32,ACCT1094,VM100249,2026-05-20 06:00:00,Storage,SKU5,4635,sec,370.8,INR,100.0,0.08,2026-01-01,Compute,4635.0,No Credit,Paid Usage,-1.4172027893419465,Normal,False,Mapped,,,0.012,4.45,RESERVED
U303,ACCT1012,VM100114,2026-05-20 09:00:00,Database,SKU1,29665,sec,2373.2,INR,0.0,0.08,2026-01-01,Network,29665.0,No Credit,Paid Usage,0.30390249877874753,Normal,False,Mapped,2025-07-01,0.15,0.012,28.48,RESERVED
U511,ACCT1038,VM100036,2026-05-20 18:00:00,Network,SKU5,26913,sec,2153.04,INR,0.0,0.08,2026-01-01,Compute,26913.0,No Credit,Paid Usage,0.1146703072922054,Normal,False,Mapped,,,0.012,25.84,Spot
U786,ACCT1064,VM100072,2026-05-21 06:00:00,Network,SKU4,47079,sec,3766.32,INR,0.0,0.08,2026-01-01,Database,47079.0,No Credit,Paid Usage,1.5013186988320344,Normal,False,Mapped,,,0.012,45.2,RESERVED
U547,ACCT1047,VM100278,2026-05-21 09:00:00,Compute,SKU15,49696,sec,3975.68,INR,0.0,0.08,2026-01-01,Storage,49696.0,No Credit,Paid Usage,1.6812680611577178,Normal,False,Mapped,,,0.012,47.71,Spot
U781,ACCT1044,VM100187,2026-05-21 20:00:00,Storage,SKU15,3656,sec,292.48,INR,0.0,0.08,2026-01-01,Storage,3656.0,No Credit,Paid Usage,-1.4845204911825443,Normal,False,Mapped,,,0.012,3.51,Spot
U413,ACCT1079,VM100208,2026-05-22 03:00:00,Database,SKU3,28129,sec,2250.32,INR,0.0,0.08,2026-01-01,Compute,28129.0,No Credit,Paid Usage,0.1982845314374217,Normal,False,Mapped,2025-05-01,0.35,0.012,27.0,RESERVED
U382,ACCT1044,VM100260,2026-05-22 08:00:00,Network,SKU19,33504,sec,2680.32,INR,0.0,0.08,2026-01-01,Compute,33504.0,No Credit,Paid Usage,0.5678786554345744,Normal,False,Mapped,,,0.012,32.16,RESERVED
U809,ACCT1100,VM100227,2026-05-22 15:00:00,Database,SKU19,14881,sec,1190.48,INR,0.0,0.08,2026-01-01,Compute,14881.0,No Credit,Paid Usage,-0.7126704368815138,Normal,False,Mapped,,,0.012,14.29,RESERVED
U784,ACCT1044,VM100182,2026-05-22 15:00:00,Database,SKU18,41627,sec,3330.16,INR,100.0,0.08,2026-01-01,Network,41627.0,No Credit,Paid Usage,1.1264299241283178,Normal,False,Mapped,,,0.012,39.96,On-Demand
U267,ACCT1080,VM100236,2026-05-22 23:00:00,Database,SKU3,45294,sec,3623.52,INR,0.0,0.08,2026-01-01,Compute,45294.0,No Credit,Paid Usage,1.3785790688162356,Normal,False,Mapped,2025-05-01,0.35,0.012,43.48,RESERVED
U203,ACCT1096,VM100255,2026-05-23 03:00:00,Storage,SKU20,18856,sec,1508.48,INR,0.0,0.08,2026-01-01,COMPUTE,18856.0,No Credit,Paid Usage,-0.43934268936734044,Normal,False,Mapped,,,0.012,18.1,RESERVED
U105,ACCT1008,VM100106,2026-05-23 03:00:00,Network,SKU19,27634,sec,2210.72,INR,0.0,0.08,2026-01-01,Compute,27634.0,No Credit,Paid Usage,0.16424749118093973,Normal,False,Mapped,,,0.012,26.53,RESERVED
U688,ACCT1081,VM100076,2026-05-23 08:00:00,Database,SKU11,39097,sec,3127.76,INR,100.0,0.08,2026-01-01,Database,39097.0,No Credit,Paid Usage,0.9524628294840767,Normal,False,Mapped,,,0.012,37.53,On-Demand
U827,ACCT1088,VM100218,2026-05-23 14:00:00,Storage,SKU18,6910,sec,552.8,INR,0.0,0.08,2026-01-01,Network,6910.0,No Credit,Paid Usage,-1.2607699275571052,Normal,False,Mapped,,,0.012,6.63,On-Demand
U624,ACCT1006,VM100111,2026-05-23 15:00:00,Storage,SKU3,21582,sec,1726.56,INR,100.0,0.08,2026-01-01,Compute,21582.0,No Credit,Paid Usage,-0.2518983020154822,Normal,False,Mapped,2025-05-01,0.35,0.012,20.72,On-Demand
U763,ACCT1059,VM100140,2026-05-23 15:00:00,Network,SKU14,25378,sec,2030.24,INR,0.0,0.08,2026-01-01,Network,25378.0,No Credit,Paid Usage,0.009121101648367385,Normal,False,Mapped,,,0.012,24.36,RESERVED
U704,ACCT1025,VM100103,2026-05-23 20:00:00,Storage,SKU2,3876,sec,310.08,INR,100.0,0.08,2026-01-01,Compute,3876.0,No Credit,Paid Usage,-1.469392917735219,Normal,False,Mapped,2025-06-01,0.25,0.012,3.72,On-Demand
U179,ACCT1037,VM100153,2026-05-23 22:00:00,Network,SKU5,38565,sec,3085.2,INR,0.0,0.08,2026-01-01,Compute,38565.0,No Credit,Paid Usage,0.9158816064205445,Normal,False,Mapped,,,0.012,37.02,On-Demand
U955,ACCT1017,VM100270,2026-05-24 02:00:00,Compute,SKU2,11280,sec,902.4,INR,0.0,0.08,2026-01-01,Compute,11280.0,No Credit,Paid Usage,-0.9602813095352342,Normal,False,Mapped,2025-06-01,0.25,0.012,10.83,Spot
U117,ACCT1032,VM100103,2026-05-24 05:00:00,Storage,SKU8,1435,sec,114.8,INR,0.0,0.08,2026-01-01,Storage,1435.0,No Credit,Paid Usage,-1.6372402213030421,Normal,False,Mapped,,,0.012,1.38,On-Demand
U479,ACCT1011,VM100256,2026-05-25 06:00:00,Database,SKU19,28536,sec,2282.88,INR,0.0,0.08,2026-01-01,Compute,28536.0,No Credit,Paid Usage,0.22627054231497354,Normal,False,Mapped,,,0.012,27.39,RESERVED
U724,ACCT1065,VM100154,2026-05-25 06:00:00,Storage,SKU10,11240,sec,899.2,INR,0.0,0.08,2026-01-01,STORAGE,11240.0,No Credit,Paid Usage,-0.9630317774347478,Normal,False,Mapped,,,0.012,10.79,On-Demand
U561,ACCT1082,VM100184,2026-05-26 02:00:00,Network,SKU7,4250,sec,340.0,INR,0.0,0.08,2026-01-01,Network,4250.0,No Credit,Paid Usage,-1.443676042874766,Normal,False,Mapped,,,0.012,4.08,Spot
U123,ACCT1090,VM100155,2026-05-26 02:00:00,Compute,SKU19,44943,sec,3595.44,INR,0.0,0.08,2026-01-01,Compute,44943.0,No Credit,Paid Usage,1.354443712998003,Normal,False,Mapped,,,0.012,43.15,RESERVED
U618,ACCT1038,VM100134,2026-05-26 05:00:00,Network,SKU11,20744,sec,1659.52,INR,0.0,0.08,2026-01-01,Database,20744.0,No Credit,Paid Usage,-0.30952060451029406,Normal,False,Mapped,,,0.012,19.91,Spot
U53,ACCT1066,VM100042,2026-05-26 07:00:00,Compute,SKU20,12278,sec,982.24,INR,0.0,0.08,2026-01-01,COMPUTE,12278.0,No Credit,Paid Usage,-0.8916571354423675,Normal,False,Mapped,,,0.012,11.79,On-Demand
U714,ACCT1055,VM100193,2026-05-26 08:00:00,Network,SKU9,22953,sec,1836.24,INR,0.0,0.08,2026-01-01,Network,22953.0,No Credit,Paid Usage,-0.15762601475965032,Normal,False,Mapped,,,0.012,22.03,On-Demand
U239,ACCT1090,VM100059,2026-05-26 13:00:00,Storage,SKU14,43007,sec,3440.56,INR,0.0,0.08,2026-01-01,Network,43007.0,No Credit,Paid Usage,1.2213210666615402,Normal,False,Mapped,,,0.012,41.29,On-Demand
U949,ACCT1022,VM100095,2026-05-26 18:00:00,Storage,SKU8,1613,sec,129.04,INR,0.0,0.08,2026-01-01,Storage,1613.0,No Credit,Paid Usage,-1.625000639150206,Normal,False,Mapped,,,0.012,1.55,Spot
U106,ACCT1090,VM100011,2026-05-27 05:00:00,Network,SKU16,37828,sec,3026.24,INR,0.0,0.08,2026-01-01,Network,37828.0,No Credit,Paid Usage,0.8652042353720046,Normal,False,Mapped,,,0.012,36.31,Spot
U698,ACCT1036,VM100252,2026-05-27 11:00:00,Compute,SKU8,45725,sec,3658.0,INR,0.0,0.08,2026-01-01,Storage,45725.0,No Credit,Paid Usage,1.4082153604334957,Normal,False,Mapped,,,0.012,43.9,RESERVED
U577,ACCT1079,VM100227,2026-05-27 18:00:00,Compute,SKU4,14337,sec,1146.96,INR,0.0,0.08,2026-01-01,Database,14337.0,No Credit,Paid Usage,-0.7500768003149,Normal,False,Mapped,,,0.012,13.76,RESERVED
U956,ACCT1085,VM100183,2026-05-27 20:00:00,Network,SKU15,21412,sec,1712.96,INR,0.0,0.08,2026-01-01,Storage,21412.0,No Credit,Paid Usage,-0.26358779058841536,Normal,False,Mapped,,,0.012,20.56,On-Demand
U24,ACCT1033,VM100284,2026-05-27 21:00:00,Compute,SKU18,852,sec,68.16,INR,100.0,0.08,2026-01-01,Network,852.0,No Credit,Paid Usage,-1.6773282909384541,Normal,False,Mapped,,,0.012,0.82,Spot
U767,ACCT1079,VM100015,2026-05-28 05:00:00,Storage,SKU16,44957,sec,3596.56,INR,0.0,0.08,2026-01-01,Network,44957.0,No Credit,Paid Usage,1.3554063767628328,Normal,False,Mapped,,,0.012,43.16,on_demand
U497,ACCT1077,VM100167,2026-05-28 09:00:00,Compute,SKU10,25346,sec,2027.68,INR,0.0,0.08,2026-01-01,STORAGE,25346.0,No Credit,Paid Usage,0.006920727328756429,Normal,False,Mapped,,,0.012,24.33,On-Demand
U275,ACCT1083,VM100166,2026-05-28 11:00:00,Database,SKU5,41205,sec,3296.4,INR,0.0,0.08,2026-01-01,Compute,41205.0,No Credit,Paid Usage,1.0974124877884484,Normal,False,Mapped,,,0.012,39.56,RESERVED
U77,ACCT1043,VM100143,2026-05-28 12:00:00,Database,SKU12,4649,sec,371.92,INR,0.0,0.08,2026-01-01,Storage,4649.0,No Credit,Paid Usage,-1.4162401255771166,Normal,False,Mapped,,,0.012,4.46,Spot
U202,ACCT1002,VM100290,2026-05-28 15:00:00,Compute,SKU20,45044,sec,3603.52,INR,0.0,0.08,2026-01-01,COMPUTE,45044.0,No Credit,Paid Usage,1.361388644444275,Normal,False,Mapped,,,0.012,43.24,Spot
U540,ACCT1058,VM100028,2026-05-28 17:00:00,Compute,SKU16,23629,sec,1890.32,INR,0.0,0.08,2026-01-01,Network,23629.0,No Credit,Paid Usage,-0.1111431072578689,Normal,False,Mapped,,,0.012,22.68,On-Demand
U325,ACCT1046,VM100025,2026-05-28 18:00:00,Database,SKU9,43074,sec,3445.92,INR,0.0,0.08,2026-01-01,Network,43074.0,No Credit,Paid Usage,1.2259281003932256,Normal,False,Mapped,,,0.012,41.35,On-Demand
U11,ACCT1011,VM100120,2026-05-28 21:00:00, Network , SKU9 ,6719,sec,537.52, INR ,0.0,0.08,2026-01-01, Network ,6719.0,No Credit,Paid Usage,-1.2739034117772832,Normal,False,Mapped,,,,,On-Demand
U774,ACCT1061,VM100254,2026-05-29 09:00:00,Compute,SKU16,10939,sec,875.12,INR,0.0,0.08,2026-01-01,Network,10939.0,No Credit,Paid Usage,-0.9837290483785883,Normal,False,Mapped,,,0.012,10.5,RESERVED
U251,ACCT1001,VM100093,2026-05-29 10:00:00,Network,SKU3,9488,sec,759.04,INR,0.0,0.08,2026-01-01,Compute,9488.0,No Credit,Paid Usage,-1.0835022714334477,Normal,False,Mapped,2025-05-01,0.35,0.012,9.11,Spot
U185,ACCT1076,VM100170,2026-05-29 10:00:00,Network,SKU4,6677,sec,534.16,INR,0.0,0.08,2026-01-01,Database,6677.0,No Credit,Paid Usage,-1.2767914030717724,Normal,False,Mapped,,,0.012,6.41,On-Demand
U269,ACCT1011,VM100203,2026-05-29 13:00:00,Database,SKU8,20434,sec,1634.72,INR,0.0,0.08,2026-01-01,Storage,20434.0,No Credit,Paid Usage,-0.3308367307315252,Normal,False,Mapped,,,0.012,19.62,On-Demand
U245,ACCT1053,VM100182,2026-05-30 02:00:00,Network,SKU2,43703,sec,3496.24,INR,0.0,0.08,2026-01-01,Compute,43703.0,No Credit,Paid Usage,1.2691792081130786,Normal,False,Mapped,2025-06-01,0.25,0.012,41.95,On-Demand
U884,ACCT1054,VM100190,2026-05-30 07:00:00,Network,SKU8,2946,sec,235.68,INR,0.0,0.08,2026-01-01,Storage,2946.0,No Credit,Paid Usage,-1.5333412963989124,Normal,False,Mapped,,,0.012,2.83,On-Demand
U208,ACCT1017,VM100277,2026-05-30 13:00:00,Database,SKU6,24076,sec,1926.08,INR,100.0,0.08,2026-01-01,Storage,24076.0,No Credit,Paid Usage,-0.08040662848080336,Normal,False,Mapped,,,0.012,23.11,Spot
U407,ACCT1024,VM100149,2026-05-30 15:00:00,Compute,SKU10,2555,sec,204.4,INR,0.0,0.08,2026-01-01,STORAGE,2555.0,No Credit,Paid Usage,-1.5602271201166587,Normal,False,Mapped,,,0.012,2.45,RESERVED
U31,ACCT1008,VM100124,2026-05-30 20:00:00,Compute,SKU3,37282,sec,2982.56,INR,0.0,0.08,2026-01-01,Compute,37282.0,No Credit,Paid Usage,0.8276603485436428,Normal,False,Mapped,2025-05-01,0.35,0.012,35.79,RESERVED
U875,ACCT1073,VM100010,2026-05-30 22:00:00,Database,SKU3,47256,sec,3780.48,INR,0.0,0.08,2026-01-01,Compute,47256.0,No Credit,Paid Usage,1.5134895192873823,Normal,False,Mapped,2025-05-01,0.35,0.012,45.37,On-Demand
U369,ACCT1060,VM100256,2026-05-31 00:00:00,Network,SKU1,20320,sec,1625.6,INR,0.0,0.08,2026-01-01,Network,20320.0,No Credit,Paid Usage,-0.3386755642451392,Normal,False,Mapped,2025-07-01,0.15,0.012,19.51,RESERVED
U566,ACCT1026,VM100068,2026-05-31 13:00:00,Database,SKU6,42698,sec,3415.84,INR,0.0,0.08,2026-01-01,Storage,42698.0,No Credit,Paid Usage,1.200073702137797,Normal,False,Mapped,,,0.012,40.99,Spot
U373,ACCT1056,VM100069,2026-05-31 14:00:00,Database,SKU13,17432,sec,1394.56,INR,0.0,0.08,2026-01-01,Storage,17432.0,No Credit,Paid Usage,-0.5372593465900279,Normal,False,Mapped,,,0.012,16.73,Spot
U219,ACCT1096,VM100080,2026-06-01 02:00:00,Compute,SKU16,27289,sec,2183.12,INR,0.0,0.08,2026-01-01,Network,27289.0,No Credit,Paid Usage,0.14052470554763413,Normal,False,Mapped,,,0.012,26.2,On-Demand
U768,ACCT1063,VM100058,2026-06-01 11:00:00,Network,SKU2,27053,sec,2164.24,INR,100.0,0.08,2026-01-01,Compute,27053.0,No Credit,Paid Usage,0.12429694494050332,Normal,False,Mapped,2025-06-01,0.25,0.012,25.97,Spot
U780,ACCT1078,VM100156,2026-06-01 21:00:00,Storage,SKU15,33414,sec,2673.12,INR,0.0,0.08,2026-01-01,Storage,33414.0,No Credit,Paid Usage,0.5616901026606685,Normal,False,Mapped,,,0.012,32.08,Spot
U345,ACCT1070,VM100149,2026-06-02 02:00:00,Storage,SKU6,19757,sec,1580.56,INR,0.0,0.08,2026-01-01,Storage,19757.0,No Credit,Paid Usage,-0.3773883999307945,Normal,False,Mapped,,,0.012,18.97,RESERVED
U102,ACCT1043,VM100164,2026-06-02 09:00:00,Compute,SKU5,35499,sec,2839.92,INR,0.0,0.08,2026-01-01,Compute,35499.0,No Credit,Paid Usage,0.7050582419228199,Normal,False,Mapped,,,0.012,34.08,On-Demand
U936,ACCT1064,VM100069,2026-06-02 10:00:00,Database,SKU16,41430,sec,3314.4,INR,100.0,0.08,2026-01-01,Network,41430.0,No Credit,Paid Usage,1.1128838697232128,Normal,False,Mapped,,,0.012,39.77,Spot
U354,ACCT1045,VM100266,2026-06-02 17:00:00,Compute,SKU9,18715,sec,1497.2,INR,0.0,0.08,2026-01-01,Network,18715.0,No Credit,Paid Usage,-0.4490380887131262,Normal,False,Mapped,,,0.012,17.97,On-Demand
U913,ACCT1088,VM100236,2026-06-03 00:00:00,Compute,SKU16,38558,sec,3084.64,INR,0.0,0.08,2026-01-01,Network,38558.0,No Credit,Paid Usage,0.9154002745381296,Normal,False,Mapped,,,0.012,37.02,RESERVED
U883,ACCT1070,VM100001,2026-06-03 01:00:00,Network,SKU17,44570,sec,3565.6,INR,0.0,0.08,2026-01-01,Compute,44570.0,No Credit,Paid Usage,1.3287955998350378,Normal,False,Mapped,,,0.012,42.79,Spot
U343,ACCT1058,VM100089,2026-06-03 08:00:00,Network,SKU3,46851,sec,3748.08,INR,0.0,0.08,2026-01-01,Compute,46851.0,No Credit,Paid Usage,1.4856410318048063,Normal,False,Mapped,2025-05-01,0.35,0.012,44.98,Spot
U197,ACCT1033,VM100005,2026-06-03 09:00:00,Database,SKU18,30590,sec,2447.2,INR,0.0,0.08,2026-01-01,Network,30590.0,No Credit,Paid Usage,0.36750706895500174,Normal,False,Mapped,,,0.012,29.37,Spot
U482,ACCT1088,VM100144,2026-06-03 11:00:00,Compute,SKU6,35688,sec,2855.04,INR,0.0,0.08,2026-01-01,Storage,35688.0,No Credit,Paid Usage,0.718054202748022,Normal,False,Mapped,,,0.012,34.26,On-Demand
U846,ACCT1037,VM100036,2026-06-03 14:00:00,Database,SKU16,12781,sec,1022.48,INR,0.0,0.08,2026-01-01,Network,12781.0,No Credit,Paid Usage,-0.8570700016059828,Normal,False,Mapped,,,0.012,12.27,Spot
U48,ACCT1028,VM100206,2026-06-04 00:00:00,Storage,SKU13,3942,sec,315.36,INR,100.0,0.08,2026-01-01,Storage,3942.0,No Credit,Paid Usage,-1.4648546457010212,Normal,False,Mapped,,,0.012,3.78,RESERVED
U205,ACCT1081,VM100050,2026-06-04 04:00:00,Compute,SKU10,41221,sec,3297.68,INR,0.0,0.08,2026-01-01,STORAGE,41221.0,No Credit,Paid Usage,1.0985126749482539,Normal,False,Mapped,,,0.012,39.57,On-Demand
U192,ACCT1022,VM100154,2026-06-04 04:00:00,Compute,SKU11,1997,sec,159.76,INR,100.0,0.08,2026-01-01,Database,1997.0,No Credit,Paid Usage,-1.5985961473148746,Normal,False,Mapped,,,0.012,1.92,On-Demand
U65,ACCT1063,VM100129,2026-06-04 12:00:00,Compute,SKU14,3429,sec,274.32,INR,0.0,0.08,2026-01-01,Network,3429.0,No Credit,Paid Usage,-1.5001293965122844,Normal,False,Mapped,,,0.012,3.29,Spot
U271,ACCT1066,VM100100,2026-06-04 14:00:00,Database,SKU5,22996,sec,1839.68,INR,0.0,0.08,2026-01-01,Compute,22996.0,No Credit,Paid Usage,-0.1546692617676731,Normal,False,Mapped,,,0.012,22.08,Spot
U308,ACCT1079,VM100003,2026-06-04 14:00:00,Compute,SKU9,5292,sec,423.36,INR,0.0,0.08,2026-01-01,Network,5292.0,No Credit,Paid Usage,-1.3720263540924342,Normal,False,Mapped,,,0.012,5.08,Spot
U149,ACCT1049,VM100231,2026-06-05 01:00:00,Database,SKU19,29114,sec,2329.12,INR,0.0,0.08,2026-01-01,Compute,29114.0,No Credit,Paid Usage,0.2660148034629464,Normal,False,Mapped,,,0.012,27.95,On-Demand
U215,ACCT1082,VM100238,2026-06-05 04:00:00,Database,SKU14,46045,sec,3683.6,INR,0.0,0.08,2026-01-01,Network,46045.0,No Credit,Paid Usage,1.4302191036296052,Normal,False,Mapped,,,0.012,44.2,Spot
U352,ACCT1056,VM100258,2026-06-05 10:00:00,Compute,SKU17,3731,sec,298.48,INR,100.0,0.08,2026-01-01,Compute,3731.0,No Credit,Paid Usage,-1.479363363870956,Normal,False,Mapped,,,0.012,3.58,RESERVED
U765,ACCT1014,VM100214,2026-06-05 12:00:00,Network,SKU19,38815,sec,3105.2,INR,0.0,0.08,2026-01-01,Compute,38815.0,No Credit,Paid Usage,0.9330720307925051,Normal,False,Mapped,,,0.012,37.26,Spot
U422,ACCT1090,VM100282,2026-06-05 18:00:00,Storage,SKU8,30956,sec,2476.48,INR,0.0,0.08,2026-01-01,Storage,30956.0,No Credit,Paid Usage,0.392673850235552,Normal,False,Mapped,,,0.012,29.72,On-Demand
U701,ACCT1057,VM100109,2026-06-05 21:00:00,Network,SKU17,26784,sec,2142.72,INR,0.0,0.08,2026-01-01,Compute,26784.0,No Credit,Paid Usage,0.10580004831627374,Normal,False,Mapped,,,0.012,25.71,RESERVED
U96,ACCT1072,VM100128,2026-06-06 13:00:00,Network,SKU5,8053,sec,644.24,INR,100.0,0.08,2026-01-01,Compute,8053.0,No Credit,Paid Usage,-1.1821753073285013,Normal,False,Mapped,,,0.012,7.73,On-Demand
U705,ACCT1059,VM100026,2026-06-06 16:00:00,Storage,SKU9,23717,sec,1897.36,INR,0.0,0.08,2026-01-01,Network,23717.0,No Credit,Paid Usage,-0.10509207787893876,Normal,False,Mapped,,,0.012,22.77,RESERVED
U29,ACCT1100,VM100272,2026-06-06 18:00:00,Database,SKU16,137,sec,10.96,INR,0.0,0.08,2026-01-01,Network,137.0,No Credit,Paid Usage,-1.7264929046422615,Normal,False,Mapped,,,0.012,0.13,On-Demand
U555,ACCT1097,VM100211,2026-06-06 19:00:00,Database,SKU5,3985,sec,318.8,INR,0.0,0.08,2026-01-01,Compute,3985.0,No Credit,Paid Usage,-1.461897892709044,Normal,False,Mapped,,,0.012,3.83,On-Demand
U480,ACCT1013,VM100271,2026-06-06 20:00:00,Storage,SKU7,2888,sec,231.04,INR,100.0,0.08,2026-01-01,Network,2888.0,No Credit,Paid Usage,-1.5373294748532071,Normal,False,Mapped,,,0.012,2.77,RESERVED
U158,ACCT1077,VM100292,2026-06-07 05:00:00,Network,SKU4,19014,sec,1521.12,INR,0.0,0.08,2026-01-01,Database,19014.0,No Credit,Paid Usage,-0.42847834116426137,Normal,False,Mapped,,,0.012,18.25,On-Demand
U874,ACCT1022,VM100133,2026-06-07 10:00:00,Network,SKU20,11898,sec,951.84,INR,0.0,0.08,2026-01-01,COMPUTE,11898.0,No Credit,Paid Usage,-0.9177865804877475,Normal,False,Mapped,,,0.012,11.42,On-Demand
U419,ACCT1088,VM100258,2026-06-07 13:00:00,Database,SKU4,46208,sec,3696.64,INR,0.0,0.08,2026-01-01,Database,46208.0,No Credit,Paid Usage,1.4414272603201237,Normal,False,Mapped,,,0.012,44.36,RESERVED
U72,ACCT1053,VM100080,2026-06-07 23:00:00,Storage,SKU6,15614,sec,1249.12,INR,100.0,0.08,2026-01-01,Storage,15614.0,No Credit,Paid Usage,-0.6622681126229254,Normal,False,Mapped,,,0.012,14.99,On-Demand
U898,ACCT1019,VM100242,2026-06-08 00:00:00,Network,SKU3,39437,sec,3154.96,INR,0.0,0.08,2026-01-01,Compute,39437.0,No Credit,Paid Usage,0.975841806629943,Normal,False,Mapped,2025-05-01,0.35,0.012,37.86,On-Demand
U408,ACCT1073,VM100055,2026-06-08 10:00:00,Database,SKU15,22057,sec,1764.56,INR,100.0,0.08,2026-01-01,Storage,22057.0,No Credit,Paid Usage,-0.21923649570875706,Normal,False,Mapped,,,0.012,21.17,Spot
U121,ACCT1075,VM100014,2026-06-08 12:00:00,Network,SKU13,20544,sec,1643.52,INR,0.0,0.08,2026-01-01,Storage,20544.0,No Credit,Paid Usage,-0.32327294400786255,Normal,False,Mapped,,,0.012,19.72,RESERVED
U30,ACCT1003,VM100058,2026-06-08 13:00:00,Database,SKU8,23888,sec,1911.04,INR,0.0,0.08,2026-01-01,Storage,23888.0,No Credit,Paid Usage,-0.09333382760851772,Normal,False,Mapped,,,0.012,22.93,Spot
U900,ACCT1005,VM100197,2026-06-08 20:00:00,Database,SKU20,26356,sec,2108.48,INR,0.0,0.08,2026-01-01,COMPUTE,26356.0,No Credit,Paid Usage,0.0763700417914772,Normal,False,Mapped,,,0.012,25.3,On-Demand
U406,ACCT1054,VM100091,2026-06-09 09:00:00,Network,SKU16,2481,sec,198.48,INR,0.0,0.08,2026-01-01,Network,2481.0,No Credit,Paid Usage,-1.565315485730759,Normal,False,Mapped,,,0.012,2.38,RESERVED
U584,ACCT1002,VM100185,2026-06-09 09:00:00,Storage,SKU13,20840,sec,1667.2,INR,100.0,0.08,2026-01-01,Storage,20840.0,No Credit,Paid Usage,-0.3029194815514612,Normal,False,Mapped,,,0.012,20.01,RESERVED
U981,ACCT1050,VM100160,2026-06-09 18:00:00,Storage,SKU2,21272,sec,1701.76,INR,0.0,0.08,2026-01-01,Compute,21272.0,No Credit,Paid Usage,-0.2732144282367133,Normal,False,Mapped,2025-06-01,0.25,0.012,20.42,On-Demand
U438,ACCT1036,VM100097,2026-06-09 23:00:00,Compute,SKU2,47615,sec,3809.2,INR,0.0,0.08,2026-01-01,Compute,47615.0,No Credit,Paid Usage,1.5381749686855177,Normal,False,Mapped,2025-06-01,0.25,0.012,45.71,Spot
U377,ACCT1044,VM100286,2026-06-10 05:00:00,Storage,SKU7,24060,sec,1924.8,INR,0.0,0.08,2026-01-01,Network,24060.0,No Credit,Paid Usage,-0.08150681564060884,Normal,False,Mapped,,,0.012,23.1,On-Demand
U62,ACCT1039,VM100054,2026-06-10 05:00:00,Database,SKU4,8900,sec,712.0,INR,0.0,0.08,2026-01-01,Database,8900.0,No Credit,Paid Usage,-1.123934149556299,Normal,False,Mapped,,,0.012,8.54,On-Demand
U220,ACCT1079,VM100209,2026-06-10 06:00:00,Compute,SKU12,18433,sec,1474.64,INR,0.0,0.08,2026-01-01,Storage,18433.0,No Credit,Paid Usage,-0.46842888740469774,Normal,False,Mapped,,,0.012,17.7,Spot
U950,ACCT1085,VM100129,2026-06-10 12:00:00,Compute,SKU7,48850,sec,3908.0,INR,0.0,0.08,2026-01-01,Network,48850.0,No Credit,Paid Usage,1.623095665083003,Normal,False,Mapped,,,0.012,46.9,Spot
U489,ACCT1046,VM100284,2026-06-10 14:00:00,Network,SKU6,24703,sec,1976.24,INR,0.0,0.08,2026-01-01,Storage,24703.0,No Credit,Paid Usage,-0.03729304415592621,Normal,False,Mapped,,,0.012,23.71,Spot
U394,ACCT1039,VM100116,2026-06-10 16:00:00,Database,SKU7,19604,sec,1568.32,INR,0.0,0.08,2026-01-01,Network,19604.0,No Credit,Paid Usage,-0.38790893964643436,Normal,False,Mapped,,,0.012,18.82,On-Demand
U510,ACCT1004,VM100237,2026-06-10 22:00:00,Storage,SKU15,46523,sec,3721.84,INR,0.0,0.08,2026-01-01,Storage,46523.0,No Credit,Paid Usage,1.463087195028794,Normal,False,Mapped,,,0.012,44.66,Spot
U233,ACCT1065,VM100114,2026-06-11 08:00:00,Compute,SKU17,40411,sec,3232.88,INR,0.0,0.08,2026-01-01,Compute,40411.0,No Credit,Paid Usage,1.0428156999831015,Normal,False,Mapped,,,0.012,38.79,RESERVED
U726,ACCT1098,VM100094,2026-06-11 14:00:00,Database,SKU3,44645,sec,3571.6,INR,0.0,0.08,2026-01-01,Compute,44645.0,No Credit,Paid Usage,1.333952727146626,Normal,False,Mapped,2025-05-01,0.35,0.012,42.86,RESERVED
U963,ACCT1002,VM100252,2026-06-11 14:00:00,Network,SKU10,49610,sec,3968.8,INR,0.0,0.08,2026-01-01,STORAGE,49610.0,No Credit,Paid Usage,1.6753545551737632,Normal,False,Mapped,,,0.012,47.63,RESERVED
U33,ACCT1085,VM100244,2026-06-11 14:00:00,Storage,SKU9,36131,sec,2890.48,INR,0.0,0.08,2026-01-01,Network,36131.0,No Credit,Paid Usage,0.7485156347351362,Normal,False,Mapped,,,0.012,34.69,On-Demand
U151,ACCT1095,VM100051,2026-06-11 17:00:00,Storage,SKU9,13717,sec,1097.36,INR,0.0,0.08,2026-01-01,Network,13717.0,No Credit,Paid Usage,-0.7927090527573623,Normal,False,Mapped,,,0.012,13.17,RESERVED
U657,ACCT1023,VM100001,2026-06-11 22:00:00,Network,SKU19,46106,sec,3688.48,INR,0.0,0.08,2026-01-01,Compute,46106.0,No Credit,Paid Usage,1.4344135671763636,Normal,False,Mapped,,,0.012,44.26,Spot
U337,ACCT1020,VM100231,2026-06-11 22:00:00,Database,SKU15,24411,sec,1952.88,INR,0.0,0.08,2026-01-01,Storage,24411.0,No Credit,Paid Usage,-0.057371459822376174,Normal,False,Mapped,,,0.012,23.43,On-Demand
U83,ACCT1056,VM100036,2026-06-11 22:00:00,Database,SKU20,43631,sec,3490.48,INR,0.0,0.08,2026-01-01,COMPUTE,43631.0,No Credit,Paid Usage,1.264228365893954,Normal,False,Mapped,,,0.012,41.89,Spot
U139,ACCT1016,VM100275,2026-06-12 06:00:00,Storage,SKU7,45330,sec,3626.4,INR,0.0,0.08,2026-01-01,Network,45330.0,No Credit,Paid Usage,1.381054489925798,Normal,False,Mapped,,,0.012,43.52,Spot
U291,ACCT1040,VM100093,2026-06-12 07:00:00,Database,SKU16,14137,sec,1130.96,INR,0.0,0.08,2026-01-01,Network,14137.0,No Credit,Paid Usage,-0.7638291398124685,Normal,False,Mapped,,,0.012,13.57,Spot
U667,ACCT1041,VM100134,2026-06-12 10:00:00,Compute,SKU11,6963,sec,557.04,INR,0.0,0.08,2026-01-01,Database,6963.0,No Credit,Paid Usage,-1.2571255575902496,Normal,False,Mapped,,,0.012,6.68,Spot
U554,ACCT1074,VM100137,2026-06-12 13:00:00,Compute,SKU5,33812,sec,2704.96,INR,0.0,0.08,2026-01-01,Compute,33812.0,No Credit,Paid Usage,0.5890572582608298,Normal,False,Mapped,,,0.012,32.46,Spot
U334,ACCT1066,VM100082,2026-06-12 14:00:00,Storage,SKU20,2140,sec,171.2,INR,0.0,0.08,2026-01-01,COMPUTE,2140.0,No Credit,Paid Usage,-1.5887632245741132,Normal,False,Mapped,,,0.012,2.05,RESERVED
U595,ACCT1021,VM100255,2026-06-12 15:00:00,Database,SKU6,22821,sec,1825.68,INR,0.0,0.08,2026-01-01,Storage,22821.0,No Credit,Paid Usage,-0.16670255882804552,Normal,False,Mapped,,,0.012,21.91,RESERVED
U416,ACCT1097,VM100137,2026-06-12 19:00:00,Database,SKU19,21702,sec,1736.16,INR,100.0,0.08,2026-01-01,Compute,21702.0,No Credit,Paid Usage,-0.2436468983169411,Normal,False,Mapped,,,0.012,20.83,Spot
U280,ACCT1075,VM100284,2026-06-12 20:00:00,Compute,SKU15,48525,sec,3882.0,INR,100.0,0.08,2026-01-01,Storage,48525.0,No Credit,Paid Usage,1.6007481133994543,Normal,False,Mapped,,,0.012,46.58,Spot
U761,ACCT1046,VM100225,2026-06-13 00:00:00,Database,SKU3,40850,sec,3268.0,INR,0.0,0.08,2026-01-01,Compute,40850.0,No Credit,Paid Usage,1.0730020851802642,Normal,False,Mapped,2025-05-01,0.35,0.012,39.22,RESERVED
U915,ACCT1041,VM100212,2026-06-13 01:00:00,Compute,SKU9,23240,sec,1859.2,INR,0.0,0.08,2026-01-01,Network,23240.0,No Credit,Paid Usage,-0.13789140758063956,Normal,False,Mapped,,,0.012,22.31,RESERVED
U911,ACCT1015,VM100263,2026-06-13 06:00:00,Database,SKU15,16988,sec,1359.04,INR,0.0,0.08,2026-01-01,Storage,16988.0,No Credit,Paid Usage,-0.5677895402746299,Normal,False,Mapped,,,0.012,16.31,On-Demand
U393,ACCT1062,VM100099,2026-06-13 09:00:00,Database,SKU18,16255,sec,1300.4,INR,0.0,0.08,2026-01-01,Network,16255.0,No Credit,Paid Usage,-0.6181918645332184,Normal,False,Mapped,,,0.012,15.6,RESERVED
U838,ACCT1039,VM100192,2026-06-13 09:00:00,Storage,SKU4,830,sec,66.4,INR,0.0,0.08,2026-01-01,Database,830.0,No Credit,Paid Usage,-1.6788410482831868,Normal,False,Mapped,,,0.012,0.8,On-Demand
U922,ACCT1001,VM100278,2026-06-13 11:00:00,Network,SKU12,2869,sec,229.52,INR,0.0,0.08,2026-01-01,Storage,2869.0,No Credit,Paid Usage,-1.5386359471054762,Normal,False,Mapped,,,0.012,2.75,Spot
U527,ACCT1072,VM100219,2026-06-13 13:00:00,Storage,SKU13,30381,sec,2430.48,INR,0.0,0.08,2026-01-01,Storage,30381.0,No Credit,Paid Usage,0.35313587418004266,Normal,False,Mapped,,,0.012,29.17,RESERVED
U930,ACCT1035,VM100242,2026-06-13 14:00:00,Database,SKU12,40279,sec,3222.32,INR,0.0,0.08,2026-01-01,Storage,40279.0,No Credit,Paid Usage,1.0337391559147062,Normal,False,Mapped,,,0.012,38.67,On-Demand
U652,ACCT1068,VM100187,2026-06-13 22:00:00,Database,SKU13,4853,sec,388.24,INR,0.0,0.08,2026-01-01,Storage,4853.0,No Credit,Paid Usage,-1.4022127392895969,Normal,False,Mapped,,,0.012,4.66,Spot
U483,ACCT1041,VM100009,2026-06-14 02:00:00,Storage,SKU13,13676,sec,1094.08,INR,0.0,0.08,2026-01-01,Storage,13676.0,No Credit,Paid Usage,-0.7955282823543638,Normal,False,Mapped,,,0.012,13.13,Spot
U367,ACCT1054,VM100128,2026-06-14 07:00:00,Database,SKU19,10566,sec,845.28,INR,0.0,0.08,2026-01-01,Compute,10566.0,No Credit,Paid Usage,-1.0093771615415537,Normal,False,Mapped,,,0.012,10.14,On-Demand
U790,ACCT1065,VM100069,2026-06-14 11:00:00,Compute,SKU17,32791,sec,2623.28,INR,0.0,0.08,2026-01-01,Compute,32791.0,No Credit,Paid Usage,0.5188515651257427,Normal,False,Mapped,,,0.012,31.48,Spot
U34,ACCT1068,VM100217,2026-06-14 14:00:00,Storage,SKU10,13980,sec,1118.4,INR,0.0,0.08,2026-01-01,STORAGE,13980.0,No Credit,Paid Usage,-0.7746247263180598,Normal,False,Mapped,,,0.012,13.42,RESERVED
U145,ACCT1044,VM100095,2026-06-14 18:00:00,Database,SKU16,3467,sec,277.36,INR,0.0,0.08,2026-01-01,Network,3467.0,No Credit,Paid Usage,-1.4975164520077464,Normal,False,Mapped,,,0.012,3.33,Spot
U127,ACCT1023,VM100268,2026-06-14 18:00:00,Database,SKU20,42728,sec,3418.24,INR,0.0,0.08,2026-01-01,COMPUTE,42728.0,No Credit,Paid Usage,1.2021365530624322,Normal,False,Mapped,,,0.012,41.02,On-Demand
U465,ACCT1098,VM100251,2026-06-14 22:00:00,Network,SKU15,47519,sec,3801.52,INR,0.0,0.08,2026-01-01,Storage,47519.0,No Credit,Paid Usage,1.531573845726685,Normal,False,Mapped,,,0.012,45.62,On-Demand
U209,ACCT1033,VM100247,2026-06-15 02:00:00,Database,SKU4,19442,sec,1555.36,INR,0.0,0.08,2026-01-01,Database,19442.0,No Credit,Paid Usage,-0.3990483346394648,Normal,False,Mapped,,,0.012,18.66,Spot
U625,ACCT1092,VM100128,2026-06-15 06:00:00,Network,SKU17,23413,sec,1873.04,INR,0.0,0.08,2026-01-01,Compute,23413.0,No Credit,Paid Usage,-0.12599563391524285,Normal,False,Mapped,,,0.012,22.48,On-Demand
U296,ACCT1047,VM100122,2026-06-15 11:00:00,Database,SKU15,29211,sec,2336.88,INR,100.0,0.08,2026-01-01,Storage,29211.0,No Credit,Paid Usage,0.2726846881192671,Normal,False,Mapped,,,0.012,28.04,On-Demand
U795,ACCT1051,VM100176,2026-06-15 15:00:00,Network,SKU5,19378,sec,1550.24,INR,0.0,0.08,2026-01-01,Compute,19378.0,No Credit,Paid Usage,-0.4034490832786867,Normal,False,Mapped,,,0.012,18.6,Spot
U350,ACCT1010,VM100065,2026-06-15 22:00:00,Compute,SKU15,20876,sec,1670.08,INR,0.0,0.08,2026-01-01,Storage,20876.0,No Credit,Paid Usage,-0.30044406044189886,Normal,False,Mapped,,,0.012,20.04,Spot
U447,ACCT1064,VM100025,2026-06-15 22:00:00,Network,SKU17,22671,sec,1813.68,INR,0.0,0.08,2026-01-01,Compute,22671.0,No Credit,Paid Usage,-0.17701681345122186,Normal,False,Mapped,,,0.012,21.76,On-Demand
U699,ACCT1018,VM100154,2026-06-16 06:00:00,Network,SKU11,48840,sec,3907.2,INR,0.0,0.08,2026-01-01,Database,48840.0,No Credit,Paid Usage,1.6224080481081247,Normal,False,Mapped,,,0.012,46.89,On-Demand
U978,ACCT1002,VM100063,2026-06-16 07:00:00,Storage,SKU13,46937,sec,3754.96,INR,0.0,0.08,2026-01-01,Storage,46937.0,No Credit,Paid Usage,1.4915545377887607,Normal,False,Mapped,,,0.012,45.06,RESERVED
